Gender,Height (cm),Weight (kg),Blood Pressure (s/d),Cholesterol Level (mg/dL),BMI,Blood Glucose Level (mg/dL),Bone Density (g/cm²),Vision Sharpness,Hearing Ability (dB),Physical Activity Level,Smoking Status,Alcohol Consumption,Diet,Chronic Diseases,Medication Use,Family History,Cognitive Function,Mental Health Status,Sleep Patterns,Stress Levels,Pollution Exposure,Sun Exposure,Education Level,Income Level,Age (years)
Male,171.1483586,86.18519687,151/109,259.4658135,29.42301691,157.6528479,0.13286828,0.2,58.78619834,Moderate,Former,None,Low-carb,None,None,None,44.05917162,Good,Insomnia,2.797064039,5.142344384,7.108974826,None,Medium,89
Male,172.946206,79.64193717,134/112,263.630292,26.62684664,118.5078052,0.629534229,0.267311891,54.63527049,Low,Current,Occasional,Balanced,Hypertension,None,Heart Disease,45.31229758,Good,Normal,9.339929792,7.272719959,3.918489226,Undergraduate,Medium,77
Female,155.9454879,49.16705786,160/101,207.8462057,20.21755317,143.58755,0.473487011,0.248667459,54.56463198,Moderate,Never,None,Balanced,Hypertension,Regular,Hypertension,56.2469909,Poor,Insomnia,9.23463708,8.500385778,5.39340809,None,Medium,70
Female,169.0782981,56.01792061,133/94,253.2837787,19.59526985,137.4485814,1.184315138,0.513818125,79.72296254,Moderate,Never,None,Balanced,Diabetes,Occasional,Hypertension,55.19609195,Poor,Insomnia,4.693446307,7.555511385,2.745577986,None,Low,52
Female,163.7583555,73.96630384,170/106,236.1198989,27.58207789,145.3286945,0.434561632,0.306864499,52.47946906,Low,Former,Frequent,Vegetarian,None,None,None,53.02337853,Good,Normal,4.038536543,9.429097039,3.878435184,Undergraduate,High,79
Male,174.8916166,79.67148265,134/75,198.7185293,26.04743212,100.9281076,1.435352152,0.666739072,27.90817698,Low,Current,None,Balanced,Diabetes,Regular,Diabetes,71.33937304,Fair,Insomnia,3.138737896,7.282163486,4.413397593,Undergraduate,Medium,29
Male,178.5869661,86.52186429,178/109,246.3397363,27.12853551,129.9770784,0.57736301,0.2,63.36336032,Moderate,Current,None,Balanced,None,Occasional,Diabetes,48.05309069,Good,Insomnia,8.354999802,5.552008116,6.35580694,High School,Low,76
Female,168.0029136,66.52420862,144/79,222.4624399,23.56926772,116.8060719,1.618100007,0.717327754,39.53048311,Moderate,Never,Frequent,Vegetarian,None,None,None,83.22687465,Good,Excessive,2.583327274,0.180753636,5.926724582,None,Medium,26
Female,164.5469175,74.40535585,152/119,204.2356077,27.48050418,137.0222967,1.047383636,0.505928128,54.10512218,Moderate,Former,Occasional,Low-carb,Heart Disease,Occasional,Diabetes,64.70274642,Fair,Insomnia,1.392433946,9.945505108,5.639334168,High School,High,50
Female,164.8394257,64.27171087,153/109,268.5986527,23.65362324,130.0564572,0.321093007,0.2,65.6010924,Moderate,Former,None,High-fat,Heart Disease,Occasional,Hypertension,57.82478872,Poor,Excessive,7.273141669,7.02484084,4.313893815,High School,High,77
Male,179.5975813,62.76919017,164/133,256.8976278,19.46012198,152.8610746,0.603100265,0.295139125,55.34730755,Moderate,Never,Occasional,Balanced,None,None,None,64.4896922,Fair,Normal,1.336133699,8.226005607,4.322287697,None,Medium,77
Male,183.4727904,78.18516841,142/102,210.1937916,23.22635414,98.39567804,0.591367667,0.444000538,69.81291077,Low,Current,Occasional,Balanced,None,None,Diabetes,54.02584332,Fair,Normal,6.914001957,4.356728987,8.760471799,None,Medium,64
Male,173.3382563,102.4640682,145/108,289.2191357,34.10222756,124.8459395,0.651340683,0.4024609,84.37033338,Moderate,Former,Frequent,Vegetarian,Heart Disease,Regular,Heart Disease,61.34163521,Fair,Normal,2.156503179,8.112041767,9.847673709,Undergraduate,High,65
Female,159.0814034,67.07598261,151/79,193.2104287,26.50502488,102.1065837,1.792692013,0.745991486,37.79435512,Low,Never,Frequent,High-fat,Diabetes,Regular,Hypertension,70.66108262,Fair,Normal,3.250148043,5.805440123,10.40539929,Undergraduate,Low,25
Male,180.7779144,89.76211563,143/101,220.2297932,27.46643769,139.4795753,1.02411628,0.615397471,40.78959538,High,Current,Occasional,Low-carb,Diabetes,Occasional,Diabetes,59.76905317,Fair,Insomnia,8.124211394,7.896181428,1.094473237,High School,Low,47
Male,187.695666,84.85499474,140/98,210.6931956,24.08623512,118.4784107,1.56386638,0.827254159,44.54354338,High,Current,Frequent,Balanced,None,None,None,67.42618269,Good,Excessive,2.000777341,4.926251043,0.136243737,High School,Low,26
Female,165.8853487,70.36026535,154/109,233.2779355,25.56886257,133.9411601,0.983521599,0.399877953,50.24092482,Low,Former,Frequent,High-fat,Hypertension,Regular,Diabetes,63.32592401,Fair,Normal,9.110422094,0.454463803,3.371558275,Postgraduate,High,56
Female,160.1509323,57.62570534,121/91,216.5393712,22.46763252,128.0998271,0.991263396,0.657617084,56.00423838,Moderate,Never,Frequent,Low-carb,Heart Disease,Regular,Hypertension,58.33096344,Good,Excessive,8.794575006,0.452186701,0.316403694,High School,High,53
Female,158.3052849,79.36183468,161/105,193.5505839,31.66801717,122.3129023,0.4637057,0.234451504,60.59389309,High,Current,Occasional,Low-carb,Heart Disease,Regular,Diabetes,60.2234829,Good,Normal,9.586459245,6.061746345,2.743713666,Undergraduate,Medium,76
Female,141.1309847,62.31736938,144/86,264.722564,31.28703216,142.3428599,1.562655378,0.897157095,36.4537595,Moderate,Never,None,Balanced,Diabetes,Regular,Diabetes,87.68631558,Good,Excessive,4.134299203,5.139894892,9.403836153,High School,Medium,20
Male,181.7803994,87.74879346,133/94,215.2760413,26.55504533,89.47591793,1.459070129,0.770311933,44.72677685,Low,Never,None,Balanced,None,None,None,57.4880424,Good,Normal,9.071095689,4.739616403,8.010692862,None,Low,27
Male,171.4773376,92.54375352,148/89,226.7615175,31.47267423,110.7284886,1.11470877,0.413526355,42.50274492,High,Current,None,Balanced,Heart Disease,Regular,None,64.43979911,Good,Normal,5.360706867,6.182547715,4.426963675,High School,High,59
Female,167.2010944,69.71036831,155/70,207.1495397,24.93556114,104.5144421,1.271964232,0.645220912,26.88737367,Moderate,Never,Frequent,High-fat,Diabetes,Regular,Diabetes,62.95626654,Excellent,Normal,6.281570062,7.454394742,5.179914555,None,Low,35
Female,163.3559836,73.39747438,141/107,231.9373516,27.50496026,128.1069859,0.391140911,0.2,58.48521628,Moderate,Current,None,High-fat,Heart Disease,Regular,Heart Disease,48.89049884,Good,Normal,7.017788979,9.293759891,6.681154716,Undergraduate,Low,76
Female,156.5418423,71.3862365,132/88,193.7048723,29.13088007,133.389957,1.089128741,0.656774267,66.33777423,Low,Former,None,Balanced,Heart Disease,Occasional,Heart Disease,52.7899439,Good,Insomnia,7.842050739,5.956387406,5.658914263,High School,Medium,37
Male,178.1606116,87.72563122,157/95,243.6963085,27.63777724,129.8367197,0.835167309,0.355442084,56.87602662,Low,Never,None,Vegetarian,Hypertension,Regular,Diabetes,55.78123034,Poor,Insomnia,8.349394955,4.391349086,4.523333153,High School,Medium,67
Male,188.9863468,61.04575091,134/96,241.7606581,17.09206676,118.5483405,1.187277609,0.688694126,38.6519438,Moderate,Never,Frequent,High-fat,None,Occasional,None,75.48936674,Good,Normal,3.236402258,7.439462926,0.402389217,Undergraduate,High,34
Male,172.1560769,83.12634784,131/81,213.639795,28.04748894,123.6463057,1.513548292,0.607783468,43.6960592,Moderate,Never,None,Balanced,None,Occasional,None,84.55637859,Good,Normal,9.525550057,1.533514031,7.034757984,Undergraduate,Medium,30
Male,179.5034775,98.77645502,176/110,237.8394589,30.65545049,137.1955836,0.250608944,0.2,58.47548891,High,Former,None,Balanced,Hypertension,Occasional,Hypertension,50.20861965,Good,Insomnia,6.433493786,1.142673001,4.97405501,Postgraduate,High,85
Male,183.8908788,70.1783094,131/90,219.0258707,20.75307832,122.7582021,1.140859436,0.687718158,29.81696584,Low,Never,Occasional,Vegetarian,None,None,Diabetes,78.85887611,Fair,Normal,3.696363206,3.099369263,4.767817385,High School,High,34
Female,158.558028,59.53141059,164/95,201.7876179,23.67934591,140.7509454,0.795222113,0.561801961,35.65321518,Moderate,Current,None,Balanced,None,None,None,89.36032708,Poor,Insomnia,8.206747943,9.789314356,10.07746631,Postgraduate,Medium,62
Male,170.0687093,71.2602182,188/103,263.2676117,24.63759526,105.2364507,0.501482318,0.337829298,66.61965085,High,Former,Frequent,Vegetarian,Heart Disease,Occasional,Diabetes,63.43399439,Good,Normal,6.699166974,7.359046132,10.17753715,None,High,76
Male,181.4681891,77.78117436,134/108,228.9986348,23.61965148,147.7405747,0.897781544,0.292996081,61.49716081,Low,Current,Frequent,Balanced,None,Regular,None,57.19012521,Good,Normal,5.612118903,7.416869442,8.386150238,High School,Low,64
Female,154.2693157,66.00817422,149/88,244.3022607,27.73566697,99.90579573,1.074373346,0.507259748,49.56029734,Moderate,Former,None,Vegetarian,Diabetes,Occasional,Hypertension,73.62690984,Excellent,Normal,7.642302548,0.827986679,7.237825314,High School,Medium,54
Female,166.9464923,63.75386219,164/88,290.6512771,22.87451539,130.1020449,0.494298121,0.25790368,64.07566864,Low,Former,Occasional,Balanced,Hypertension,Occasional,None,42.00820017,Fair,Normal,7.195621568,4.348273386,2.956824399,Postgraduate,High,76
Female,160.1532863,58.41101578,157/107,248.7413661,22.77314699,113.5891197,0.537029678,0.301058575,63.59790448,Moderate,Current,None,High-fat,None,Regular,Diabetes,68.00780726,Excellent,Insomnia,9.327234857,1.805753451,6.815342767,Postgraduate,Low,76
Male,169.2651492,87.38850499,178/106,243.4105042,30.5013606,155.8845507,0.009226012,0.2,54.07515126,Moderate,Never,None,High-fat,Hypertension,Occasional,Hypertension,66.07926829,Poor,Insomnia,3.096635273,0.244007816,10.44118649,None,High,89
Male,179.4863269,77.93703955,179/91,220.3481588,24.19252312,102.8985866,0.840052401,0.373546507,65.37729429,Low,Former,None,Vegetarian,Hypertension,Regular,Diabetes,64.88476159,Poor,Normal,1.985208388,3.916301405,1.493250688,Postgraduate,High,56
Male,173.8399386,70.09298188,159/109,241.3220057,23.19398736,134.7078997,0.710725611,0.236841338,62.68140595,Low,Never,None,Balanced,Heart Disease,Regular,Heart Disease,53.06295519,Fair,Normal,5.6643433,5.972740724,6.30037801,High School,Medium,73
Female,157.0058666,69.71415556,171/89,183.5795132,28.28063852,111.2021887,0.992851389,0.333813626,43.80977485,High,Current,None,Balanced,None,None,None,63.42421336,Fair,Excessive,1.98521974,8.94479931,11.89770402,None,High,49
Female,169.2337685,68.43135051,163/118,252.6751665,23.89357092,144.1862865,0.705248507,0.276361776,50.12146903,Low,Former,None,Vegetarian,None,None,None,53.35854419,Poor,Excessive,5.189230079,8.790714802,0.061742049,Postgraduate,Low,73
Male,177.5807132,75.27993425,136/89,191.7447457,23.8719359,128.3144442,1.516822627,0.926325472,31.42221765,High,Never,Frequent,Balanced,Diabetes,Regular,None,73.49150328,Poor,Insomnia,1.610533532,3.009635669,8.498065064,None,Medium,29
Male,170.8941634,102.9296551,173/100,232.8588315,35.24407013,164.7473271,0.402797915,0.2,58.9001445,Moderate,Never,None,Low-carb,Hypertension,Occasional,Heart Disease,54.27945776,Good,Normal,9.492543282,4.197273169,7.662311372,High School,Low,69
Male,167.1838994,65.94388388,138/91,236.2104767,23.59313329,123.048185,1.042575413,0.415702417,52.55501811,Low,Current,Frequent,Low-carb,Hypertension,Regular,Hypertension,63.21075116,Excellent,Normal,9.28763063,6.166503145,9.558447492,High School,Low,55
Male,165.0171213,87.27398109,132/76,225.4332692,32.04990703,105.9131549,1.606096532,0.674737602,28.53816567,Low,Never,None,High-fat,Hypertension,Occasional,Hypertension,53.30459269,Poor,Excessive,1.356569428,4.805069473,1.259162141,High School,High,26
Female,161.9157773,61.16817482,152/85,248.0086294,23.33174297,120.9317204,1.05219422,0.519268049,47.6930287,Low,Former,Frequent,Balanced,Hypertension,Regular,Hypertension,74.42524085,Fair,Normal,9.416816338,9.473504626,7.503655923,Undergraduate,Medium,37
Male,184.2217585,82.37119526,134/92,223.8993241,24.27132697,102.6219621,1.237542236,0.7267353,38.51696505,Moderate,Former,Occasional,Low-carb,Hypertension,Regular,None,88.73656499,Good,Normal,6.879367173,3.323146254,6.509743629,High School,Low,43
Male,171.48421,82.53913964,165/100,273.3079652,28.06801265,133.2176426,0.607666317,0.275745575,60.28596777,Moderate,Former,Occasional,Balanced,Diabetes,Regular,Hypertension,71.80232587,Fair,Insomnia,9.929199847,2.838545286,4.309812356,High School,Medium,80
Male,170.6210611,84.7496424,152/75,190.7507393,29.11203719,138.9313928,1.108523731,0.787856887,31.42674004,Low,Never,Occasional,High-fat,Hypertension,None,Hypertension,65.14048081,Good,Normal,8.721876285,0.090304041,7.0609516,Undergraduate,Medium,25
Male,164.1087094,76.73124835,138/99,293.4700804,28.49108599,129.8585598,0.295479899,0.2,67.87762985,Low,Former,None,Low-carb,Diabetes,Regular,Heart Disease,55.95151799,Fair,Normal,8.777945599,5.581402496,6.478870074,None,High,84
Male,180.0934068,80.62335063,128/98,234.6580139,24.8579446,109.0585772,0.947833928,0.70159585,62.7166875,Low,Former,Frequent,High-fat,None,None,None,64.06864663,Fair,Normal,2.194431884,1.43542362,11.2778375,Undergraduate,Low,46
Male,176.9359841,72.19143755,129/86,232.6242042,23.05968436,105.1415871,1.616009429,0.830701576,32.98289377,High,Never,Frequent,Low-carb,Diabetes,Regular,Diabetes,70.80394178,Good,Insomnia,3.863003983,8.664386675,11.92004325,Undergraduate,Low,22
Male,178.9508209,84.26660756,143/90,234.2664807,26.31407573,123.8291661,1.773463479,0.763860008,31.70499959,Low,Never,None,High-fat,Hypertension,Occasional,Diabetes,63.41325667,Good,Normal,3.045426645,0.731959238,7.241383121,Undergraduate,Medium,21
Female,180.8518019,65.33027043,134/124,219.9216572,19.97417156,113.2684544,0.373385565,0.353975241,78.34272819,High,Current,Frequent,Balanced,None,None,None,58.9390912,Poor,Insomnia,9.343310903,0.602673903,11.21323232,High School,Low,89
Male,178.2318784,108.1645698,142/99,213.978515,34.04977597,127.0255949,1.012470067,0.715867991,31.41360651,High,Current,None,Balanced,Hypertension,Occasional,Heart Disease,67.43165459,Good,Normal,8.341737792,3.73509683,6.31799033,None,Low,44
Female,162.2931604,65.40591691,139/97,210.2648047,24.83228038,98.06374202,1.506476691,0.766540383,16.81789205,Moderate,Former,Frequent,Low-carb,Hypertension,Regular,None,75.95071915,Good,Normal,3.117120263,8.692596247,5.674703588,Undergraduate,Low,26
Male,183.5720911,99.48075875,128/100,221.3200957,29.52064071,128.1213015,0.954776136,0.440911959,61.22279236,Moderate,Former,Occasional,Balanced,Diabetes,Regular,Hypertension,74.52932182,Good,Excessive,7.953604547,2.648954472,7.74347805,Undergraduate,Medium,49
Male,170.4550572,65.3127168,177/103,237.7836112,22.47905076,141.7826677,0.098194732,0.232401483,79.39636998,Low,Former,None,Balanced,None,None,Heart Disease,63.20576216,Good,Normal,6.22427506,0.887673941,11.53998883,Undergraduate,High,85
Male,168.5952865,80.97532211,147/111,268.55522,28.48799122,144.2438082,0.396153085,0.248359155,68.130977,Moderate,Former,None,Low-carb,None,Occasional,None,59.81716914,Fair,Normal,3.728155204,2.631125699,4.32163689,None,High,72
Male,184.1705117,80.46996685,185/94,265.0164156,23.72431234,136.8451325,0.457695846,0.209844949,55.65158118,High,Never,Frequent,Balanced,Hypertension,Regular,Heart Disease,60.93972283,Fair,Normal,1.728273547,4.029801788,2.08229418,Undergraduate,Medium,79
Female,166.2736289,66.20225633,161/111,279.2682513,23.94561749,146.9140884,0.341552893,0.2,50.84886337,Moderate,Never,None,Balanced,Heart Disease,Regular,Heart Disease,52.04775296,Good,Normal,5.555276766,4.395116886,1.267976211,Undergraduate,Low,83
Female,152.0614028,77.56436342,135/93,221.6631392,33.54472588,119.3340467,0.984916368,0.449324324,47.02449714,Low,Former,Frequent,Vegetarian,Hypertension,Occasional,Hypertension,59.32071513,Fair,Normal,2.176393391,8.866042152,5.397415786,None,Medium,48
Female,154.0982666,64.25146614,130/85,210.5028218,27.05749179,113.9684083,1.689465034,0.700355982,32.0884563,Low,Never,None,Vegetarian,Heart Disease,Regular,Diabetes,62.21368572,Excellent,Normal,5.089396011,8.443570827,1.176990969,High School,Low,22
Female,166.3940703,52.61704312,150/108,246.6131735,19.00425055,119.7099387,0.590329297,0.272024266,53.62361742,High,Current,Occasional,Balanced,None,None,Diabetes,60.82717899,Good,Insomnia,1.951241319,9.88275271,5.319277049,None,Low,69
Male,172.4427491,82.21616367,111/93,233.9812359,27.64822991,121.6376465,1.088366516,0.709453187,52.94033948,High,Never,Occasional,Balanced,Diabetes,Regular,Heart Disease,45.66839539,Good,Excessive,7.006153582,0.104276994,3.064961816,High School,Low,41
Male,170.9164942,80.46310328,125/95,223.0175233,27.54411521,120.6062995,1.689270264,0.780783576,38.88296079,Low,Never,Frequent,Balanced,Diabetes,Regular,Diabetes,82.62507337,Fair,Excessive,3.166234406,1.215013763,2.369645878,Postgraduate,Medium,27
Male,166.512799,93.6258202,158/90,264.8323763,33.7676154,126.9128374,1.013289832,0.513444903,37.61198172,Moderate,Current,Frequent,Balanced,None,None,None,68.22900405,Fair,Normal,5.552674237,8.40703028,8.793618537,Undergraduate,Medium,56
Female,156.8469674,67.43964321,149/95,256.5985827,27.41340687,132.253583,1.179231602,0.477570176,37.90976743,High,Never,Occasional,Low-carb,Hypertension,Occasional,Diabetes,59.49479546,Fair,Normal,1.047066522,7.6099076,0.423736259,Undergraduate,Low,40
Female,166.6429965,76.22175029,131/83,206.7562075,27.44762584,85.18359513,1.428358542,0.70387205,19.511508,Moderate,Former,None,Low-carb,Diabetes,Regular,None,84.6719576,Fair,Normal,6.780929733,0.648535945,6.959805449,Undergraduate,Medium,33
Female,177.0744455,61.6114033,147/86,205.8944449,19.64940119,118.2758889,1.254472307,0.594677195,44.96387447,High,Former,Occasional,Balanced,None,None,None,78.75305209,Good,Normal,7.620968028,9.983475114,11.19735998,Undergraduate,Medium,36
Female,154.0337046,64.8418029,149/87,250.5688068,27.32898866,87.26800067,1.171997771,0.714864434,21.89175502,Low,Never,Frequent,Balanced,Diabetes,Occasional,Heart Disease,58.65529473,Good,Normal,8.854572254,8.419335668,2.233217014,Postgraduate,Medium,32
Male,181.3645132,97.13637782,113/95,256.6631758,29.53094032,140.755935,0.933216772,0.330213764,51.95309462,Moderate,Current,None,Balanced,None,None,None,57.46562178,Poor,Insomnia,3.447547535,7.593982624,5.396878109,Undergraduate,Low,56
Male,182.371402,104.3996636,109/98,244.6274424,31.38958872,116.9766768,1.250048608,0.671593922,23.37454143,Moderate,Current,None,Low-carb,None,None,None,63.30947323,Poor,Insomnia,4.145557349,1.140957849,1.814961945,High School,Low,38
Male,178.2899878,102.9765477,136/93,238.5672492,32.39547985,151.863173,1.167602832,0.507098308,27.83659494,High,Current,Occasional,High-fat,Diabetes,Regular,Hypertension,67.12016053,Excellent,Normal,8.257632555,4.592398776,0.623478931,Undergraduate,Low,41
Male,175.8991622,92.79033199,163/118,258.6047175,29.98991169,135.9603263,0.25622831,0.2,71.33109777,Moderate,Former,None,Low-carb,Heart Disease,Occasional,Heart Disease,53.72162803,Poor,Insomnia,5.709966681,2.871379581,9.514253028,Undergraduate,Medium,85
Male,167.0076514,86.42692936,173/83,247.1577634,30.98677269,111.8994452,0.938334895,0.3828088,49.77322761,Moderate,Never,None,Low-carb,Heart Disease,Occasional,Heart Disease,49.46822572,Poor,Excessive,2.058795893,7.397303321,3.836001989,Postgraduate,Medium,59
Male,183.0411344,97.18810437,120/89,205.9270679,29.00786157,118.6345763,1.501400514,0.664278873,35.33772741,Low,Former,Frequent,Vegetarian,Hypertension,Occasional,Diabetes,71.34584378,Fair,Insomnia,5.728914213,2.443399408,1.355318501,None,High,21
Male,172.257693,68.93107779,157/89,281.7344298,23.23046035,104.2795121,0.839355471,0.421866394,47.2299762,Low,Current,None,Balanced,None,None,None,67.46450317,Fair,Excessive,1.654037844,0.77078012,4.084561112,Postgraduate,Low,64
Male,182.2007783,64.19901384,133/91,227.5101865,19.33872784,128.2127071,1.323100512,0.576133206,22.36334691,Moderate,Never,Occasional,Low-carb,None,None,None,64.90744767,Excellent,Excessive,2.147085635,7.076883263,11.67331587,Postgraduate,Medium,31
Female,156.3873678,75.85982116,142/105,222.3890345,31.01762025,115.0144553,1.277087059,0.609682022,45.99941902,Low,Never,Occasional,Balanced,Heart Disease,Regular,Hypertension,53.03689392,Fair,Insomnia,2.667971616,0.789691622,2.874122039,Undergraduate,Low,36
Male,180.9664595,71.78578145,127/93,247.0303736,21.92008596,127.6015239,1.268437242,0.720104609,11.96767707,Moderate,Former,Frequent,High-fat,Hypertension,Regular,Hypertension,75.3787532,Fair,Normal,7.323703958,2.374334684,6.148365331,None,Medium,38
Male,173.5465826,59.00026551,121/73,217.2127624,19.58943154,103.6050514,1.610705346,0.850466183,3.981971386,Moderate,Never,Occasional,Balanced,None,None,None,59.26725396,Poor,Normal,8.499853643,8.439246126,3.418896258,High School,Medium,18
Female,150.7489652,66.15026079,126/94,224.6396193,29.10870478,137.5116135,1.509306293,0.839246083,32.359297,High,Never,None,Low-carb,Heart Disease,Regular,Diabetes,66.29724517,Fair,Normal,7.465863068,9.540331276,8.656721413,Postgraduate,Low,26
Female,171.6733238,73.96839316,174/109,234.2839245,25.09808312,142.4981283,0.509805248,0.389909818,59.44787026,Low,Current,Occasional,Low-carb,Hypertension,Regular,Hypertension,63.67883106,Fair,Normal,2.04163846,1.543215653,2.062181776,Undergraduate,High,83
Male,175.408457,71.06258952,155/104,181.4758988,23.09617026,152.3467356,0.832081648,0.353131369,46.75362148,High,Never,None,Vegetarian,None,None,None,48.04977842,Poor,Insomnia,3.036511974,3.842396201,5.401480334,Undergraduate,High,57
Male,180.554421,59.01761632,156/99,273.1668348,18.1036194,182.6152063,0.587317078,0.2,55.45534481,Moderate,Former,None,Balanced,Hypertension,Regular,None,62.10572672,Fair,Normal,8.575510256,5.802215188,6.716261338,None,Low,74
Female,159.1569639,64.85547729,144/103,243.1666448,25.60326598,133.0038944,0.457720867,0.313638947,41.92640343,Low,Former,None,Vegetarian,Diabetes,Occasional,Diabetes,48.20212137,Good,Excessive,5.908430091,0.882017038,7.282528099,None,Low,76
Female,165.1737476,44.61038723,178/81,220.5480828,16.35136254,114.0461906,0.855011017,0.561992458,52.42826559,Low,Former,Occasional,Balanced,Hypertension,Regular,None,72.28766503,Fair,Excessive,2.354693425,8.167569301,2.487708038,Undergraduate,High,54
Female,168.6057578,84.58347454,132/80,226.2629307,29.75368208,111.2674439,1.051321807,0.6640925,40.65886298,High,Never,Frequent,Balanced,Hypertension,Occasional,Heart Disease,86.891167,Poor,Insomnia,5.164080446,9.809873782,5.800889232,Postgraduate,Medium,36
Female,181.5278838,52.555416,152/114,197.2998379,15.94890197,184.9937569,0.578408521,0.232323891,58.95105999,High,Current,Occasional,Vegetarian,None,None,Diabetes,59.15554075,Good,Insomnia,9.037811847,0.624575936,10.60157716,High School,Medium,79
Female,166.3361761,56.37647627,152/99,208.6095697,20.37626129,126.1880889,1.07425149,0.472038184,33.23282775,Low,Current,None,Vegetarian,Diabetes,Regular,Diabetes,76.92393472,Excellent,Insomnia,8.507301373,7.40476132,1.714203448,Undergraduate,High,39
Female,163.0834992,66.45238717,136/97,215.4503839,24.98564378,125.412683,0.713960004,0.31674416,44.0895231,Low,Current,Frequent,Balanced,Heart Disease,Regular,Diabetes,58.91560328,Excellent,Normal,8.1506399,7.070864773,0.602712138,None,Medium,52
Male,177.9854707,75.93145636,171/103,243.3714184,23.96914964,106.3320321,0.415312705,0.2,62.5993263,Moderate,Former,None,Vegetarian,None,None,None,57.57376938,Fair,Normal,7.143554991,2.419316803,8.56743159,Postgraduate,High,84
Female,155.9568978,66.67725822,149/109,205.8906215,27.41375691,135.4334095,0.530285803,0.2,51.73809968,Low,Current,None,Vegetarian,None,None,None,57.35378981,Good,Normal,4.242105269,2.703932864,10.11254283,High School,High,76
Male,174.2135228,87.69500472,168/105,258.0062408,28.89423033,131.2547075,-0.105822574,0.2,77.72748136,Low,Never,Occasional,Low-carb,Heart Disease,Regular,Heart Disease,63.16215402,Fair,Normal,1.9482843,7.818238633,7.729790658,None,Medium,87
Female,167.8984962,61.91278847,155/92,232.2882043,21.9627517,135.2312667,0.395292862,0.493862173,43.68830114,High,Current,Occasional,Low-carb,Hypertension,None,Diabetes,74.97043821,Poor,Insomnia,7.633868954,9.745918113,0.626383549,Undergraduate,Medium,64
Male,172.6996707,87.23824917,114/89,190.2179406,29.24986878,99.70892424,1.367294618,0.43611915,42.78979712,Moderate,Never,Occasional,Vegetarian,Diabetes,Regular,Diabetes,46.90111833,Fair,Insomnia,5.691664429,9.760138233,1.506602577,None,High,30
Female,155.2407191,60.31817209,133/99,192.2482299,25.02861859,91.12531947,1.544714126,0.76508877,33.73341664,Moderate,Never,None,Balanced,None,None,None,75.23953198,Good,Insomnia,5.264288456,0.578444494,11.49347761,Postgraduate,High,24
Female,169.7516802,78.4882942,142/89,218.1045498,27.23809483,115.4826848,1.07082219,0.410581991,48.43269223,Low,Current,Occasional,High-fat,Hypertension,Occasional,Diabetes,79.42994756,Poor,Insomnia,5.229894413,8.901411374,8.492656203,None,Low,49
Male,164.0030465,79.81217526,135/95,229.0250694,29.67326373,154.3700593,0.678198124,0.308465278,58.31735064,Low,Former,Occasional,Vegetarian,Diabetes,Regular,Hypertension,74.38339276,Excellent,Excessive,5.745093947,3.918582964,7.909365174,None,Medium,71
Female,162.2877687,68.31843863,143/87,210.6574953,25.93978392,107.2265702,1.520271215,0.795938794,47.61210115,Moderate,Current,Frequent,High-fat,Heart Disease,Regular,Diabetes,61.65000107,Good,Normal,8.032139566,9.601677847,9.162948826,Postgraduate,Medium,28
Male,166.2471459,87.25418392,178/105,232.3873094,31.57023865,126.4246709,0.472579181,0.2,61.42799954,Moderate,Former,Occasional,Balanced,None,None,None,61.25030194,Good,Insomnia,9.931980604,3.863231731,6.886095049,High School,High,83
Male,175.0999115,68.55272697,151/95,201.8222599,22.35902607,159.405985,0.922384619,0.683422204,40.9489076,Moderate,Current,Frequent,Vegetarian,None,None,None,72.17882228,Good,Normal,6.320172729,1.861358978,3.978776389,Postgraduate,Low,58
Male,165.1597169,68.82478904,136/95,254.3569086,25.23112583,138.5595696,1.078775645,0.411962251,17.75074821,Low,Never,Frequent,High-fat,Diabetes,Regular,Hypertension,76.27811198,Excellent,Normal,7.508154465,2.005602511,2.442940531,None,Medium,54
Female,169.3042414,73.20555419,170/116,231.8751052,25.53926276,124.7314463,0.226208602,0.2,70.0536521,Moderate,Never,None,High-fat,Hypertension,None,Diabetes,46.68873943,Fair,Normal,6.655906427,4.818674793,4.340523058,Postgraduate,Medium,86
Male,172.3122011,83.00240248,150/108,248.3171311,27.95494247,145.5687981,0.306778897,0.2,56.82220203,Low,Never,None,Balanced,Hypertension,Occasional,None,64.82238151,Fair,Insomnia,4.917917993,5.493097715,3.743808244,High School,Medium,82
Female,157.7250348,79.44420388,131/95,259.168798,31.93456121,139.5901925,0.875099858,0.404977369,50.07063159,Moderate,Current,None,Vegetarian,Hypertension,Occasional,None,55.39678861,Poor,Insomnia,3.788090733,2.90045532,10.45696841,Undergraduate,High,60
Male,177.9828367,77.80170385,136/90,209.2868107,24.56025432,110.1711752,1.15596867,0.626535491,43.2631006,Moderate,Current,Occasional,Balanced,None,None,None,68.72645826,Fair,Normal,2.848612676,3.814410414,11.78459444,Undergraduate,High,33
Male,172.4816195,64.08742777,160/99,250.8707277,21.54205838,132.0310411,0.596964421,0.2,55.93874964,Low,Former,None,High-fat,None,None,None,62.48666234,Fair,Insomnia,5.946456417,6.897788492,1.727302963,Undergraduate,Low,71
Male,174.4163101,82.22831108,150/116,246.1306944,27.03007069,119.7916209,0.786180018,0.385527548,65.57653493,Moderate,Former,Occasional,High-fat,None,None,None,38.63869797,Excellent,Normal,6.510323357,2.130850087,11.26868515,None,High,71
Female,168.2839062,76.69589992,125/105,232.1547748,27.08238944,134.9778939,1.213685809,0.695910716,34.18600533,Moderate,Former,Occasional,Balanced,Heart Disease,None,Heart Disease,73.475866,Poor,Excessive,5.614537548,4.3838498,11.95514744,High School,Medium,45
Male,180.652717,68.32109224,161/101,233.1496001,20.93465486,123.1125434,0.823053537,0.49977769,34.42876005,Moderate,Former,None,Balanced,Hypertension,Occasional,Diabetes,59.18126839,Good,Insomnia,4.577033412,5.136110465,3.040286041,Postgraduate,Low,57
Female,166.099974,62.9068618,124/95,209.091686,22.80126235,135.5621249,1.589521392,0.859436789,31.47833547,Moderate,Never,Frequent,Balanced,None,None,None,85.82058982,Good,Normal,4.668695722,4.69525542,0.339735293,High School,Low,23
Male,187.2445694,67.78100427,146/86,232.5954145,19.3325676,119.8099337,1.843911713,0.796087631,47.69615331,Moderate,Former,None,Vegetarian,Hypertension,Occasional,Heart Disease,54.74337844,Fair,Insomnia,4.361681592,2.714987542,2.781403083,High School,High,18
Female,163.0512685,94.85259003,156/92,223.0702159,35.67802704,135.5823889,0.865404726,0.504482153,16.28369593,Moderate,Former,Occasional,High-fat,Hypertension,Regular,Hypertension,57.64300283,Fair,Normal,5.872326491,3.452299537,4.970411107,Undergraduate,High,39
Female,157.3220623,62.12106994,143/93,214.2672939,25.09918764,118.064155,0.817696016,0.38008889,58.48835297,Moderate,Current,Occasional,Low-carb,Heart Disease,Regular,Diabetes,56.20073975,Fair,Normal,3.947969487,5.466852551,6.904912647,None,High,53
Female,156.4474522,67.55383756,147/93,208.8987349,27.60025122,124.4384733,1.192363477,0.650878838,48.37315658,High,Former,Occasional,Vegetarian,None,None,Diabetes,79.54350326,Fair,Insomnia,7.773744647,4.650552483,10.49004819,High School,Low,46
Female,160.5665229,79.30155637,128/90,254.4513282,30.75896409,113.2349663,1.273576493,0.645802273,46.48430882,High,Never,Occasional,Balanced,Diabetes,Regular,Diabetes,46.73110666,Poor,Insomnia,3.890459374,2.201113259,4.206246411,High School,Low,36
Female,153.2832246,51.02842002,151/84,225.5826318,21.71815185,123.0392893,1.149819158,0.596834049,36.15826201,High,Former,Frequent,Low-carb,Hypertension,Regular,None,66.71995556,Fair,Insomnia,7.680278685,1.698810061,2.339702399,Postgraduate,High,47
Male,179.4748868,62.40550603,148/93,265.8339009,19.37383216,136.83364,1.226140234,0.49828796,29.12169319,Low,Former,None,Balanced,None,Occasional,None,77.93232448,Good,Normal,7.265405306,3.827987644,9.861971359,Undergraduate,High,38
Female,171.7840067,89.19791733,164/109,225.2048978,30.22659718,125.324202,0.409584233,0.2,66.63206292,Low,Former,Frequent,Low-carb,Hypertension,Occasional,None,41.12862194,Fair,Normal,4.891116038,0.311490928,3.114917391,None,High,84
Male,178.1187719,93.33439228,136/108,255.0818873,29.41862157,126.4075681,0.669627645,0.434462825,44.42706619,Low,Current,None,Low-carb,Heart Disease,Regular,Heart Disease,62.35365316,Good,Normal,4.700723662,1.300806698,0.26911067,High School,High,63
Male,167.7778579,93.36032607,160/110,290.2197492,33.16599792,151.8125523,0.597396289,0.384508847,57.44887833,Moderate,Former,Occasional,High-fat,None,None,Diabetes,58.63903043,Poor,Insomnia,5.749097196,2.116358986,11.94757331,Postgraduate,Medium,72
Male,179.912945,79.25656705,134/84,249.0150056,24.48558204,136.0350465,1.463743751,0.6739629,35.51379651,Moderate,Former,Occasional,Balanced,None,None,None,57.93227048,Good,Insomnia,5.096547926,6.677605916,10.04840496,None,Low,31
Female,150.0406871,44.49651678,139/95,168.77933,19.76550556,114.0073818,1.29619829,0.514898592,42.36323318,Moderate,Former,None,Balanced,None,None,None,66.85528779,Fair,Insomnia,8.946233349,6.590454101,2.534781978,Postgraduate,High,37
Female,169.2769259,59.96564441,138/90,251.337139,20.92700017,150.7076548,1.047325057,0.495716235,41.55844642,Moderate,Former,None,Low-carb,Hypertension,Occasional,Hypertension,67.69373146,Fair,Normal,2.513063156,4.749509653,0.662670249,Postgraduate,Low,52
Male,163.0845071,74.44621176,119/80,211.6788121,27.99092125,111.1674432,1.32450059,0.590388334,29.43879173,Low,Former,None,Balanced,Heart Disease,Occasional,None,73.4142662,Good,Normal,6.07067528,8.038048905,1.645781858,Undergraduate,Medium,28
Female,162.6986294,63.98961223,138/101,222.1631539,24.17361992,100.4834213,0.441276313,0.344115954,72.29473589,High,Former,Occasional,Low-carb,Heart Disease,Regular,Diabetes,62.2169069,Good,Normal,7.674773067,4.925690708,5.79817036,Postgraduate,Medium,82
Male,172.8691318,82.90588989,166/94,230.9683961,27.74281231,123.1511513,1.165620488,0.602595892,70.18780233,Low,Former,None,Low-carb,None,None,None,61.6095479,Good,Normal,2.645540019,8.257109516,3.428490812,Postgraduate,High,56
Female,169.4776041,59.37909675,138/104,233.2577857,20.67325948,110.2162766,1.080234091,0.556831558,49.69999076,Low,Never,Frequent,Balanced,None,None,Diabetes,55.521628,Fair,Insomnia,7.752391875,1.520485674,5.499883135,High School,Low,49
Female,162.8525535,70.74701262,161/101,196.7616807,26.67589264,101.8039761,0.388970223,0.285768659,30.52495157,Moderate,Current,Frequent,High-fat,Heart Disease,Occasional,None,52.20269824,Good,Normal,5.595226817,6.151291405,10.92726861,Undergraduate,Medium,76
Male,165.0208468,89.75497094,171/100,212.718951,32.95952073,131.3679463,0.557376801,0.2,48.85405207,Moderate,Current,None,Low-carb,None,None,None,52.33740962,Fair,Normal,9.362302455,3.87322518,0.793982266,None,High,74
Female,160.519496,60.31431077,122/78,247.608319,23.40802617,143.1268373,1.275684981,0.774607351,42.73516424,Moderate,Never,None,Vegetarian,None,None,None,56.67731213,Fair,Normal,4.920803114,7.944808179,3.337549866,None,Medium,28
Female,157.0789387,52.48621754,152/97,233.2232637,21.2720507,138.2750874,0.788213015,0.386941344,56.4760285,Moderate,Former,Occasional,Vegetarian,None,None,None,53.03074676,Poor,Insomnia,3.457365574,1.77192501,3.53120084,None,High,57
Male,168.3575844,100.9683584,140/102,218.4633212,35.62213324,143.71861,0.885742386,0.457833748,62.20162587,High,Former,Frequent,Vegetarian,None,None,None,60.34181023,Fair,Excessive,2.233805123,7.338831308,7.58685781,Undergraduate,Medium,51
Female,160.3361037,72.15162401,152/97,282.1409299,28.06618992,134.7297872,0.928881788,0.2,60.14169483,Low,Never,None,Balanced,Hypertension,Occasional,Heart Disease,53.64483181,Fair,Insomnia,6.552496246,8.634657303,2.676744739,Postgraduate,High,64
Female,164.0050585,63.44740951,171/98,229.9365016,23.58845021,126.3998747,0.354268601,0.302598395,55.7996544,Low,Former,Frequent,Low-carb,None,Occasional,None,60.67026833,Good,Normal,6.015795178,1.560358113,10.01509143,High School,High,71
Male,171.1110146,64.38387768,176/106,229.877619,21.98979582,149.9495502,0.36000429,0.242569814,77.36674631,High,Former,None,Low-carb,Diabetes,Occasional,Heart Disease,42.28717612,Fair,Normal,3.152282909,5.123003469,9.282865221,None,Medium,78
Male,180.0022685,55.40070466,136/79,264.7426324,17.09855193,117.3118934,1.369993398,0.705523003,35.46573584,Moderate,Former,None,Vegetarian,None,None,None,58.21732261,Fair,Normal,3.859252278,9.686746056,3.148115601,High School,High,49
Male,184.5928679,97.15349362,145/107,215.9268919,28.51205947,153.5914027,1.176273324,0.585304009,45.84024454,Moderate,Current,Occasional,High-fat,Heart Disease,Occasional,Heart Disease,63.41471382,Good,Normal,3.776214533,5.730422006,3.902534355,None,Low,47
Male,182.0169152,93.01671371,178/98,277.1991059,28.07614601,118.754163,0.602000459,0.2,60.73434519,Moderate,Former,None,Vegetarian,None,None,None,52.63621337,Good,Normal,4.754740767,1.60225601,2.051236829,High School,High,80
Female,167.657077,76.1034898,142/95,251.1195787,27.07452161,120.44378,0.822110629,0.447359382,39.95108074,Low,Never,Frequent,Balanced,Diabetes,None,Heart Disease,52.91891712,Fair,Excessive,8.034539313,3.137065121,2.974480305,Undergraduate,Medium,58
Female,162.2479538,69.4300213,187/113,233.5983319,26.37477976,141.7937809,0.269862101,0.246044279,56.16336967,Low,Never,None,Balanced,None,None,None,48.85236611,Excellent,Insomnia,3.585940449,2.797459678,3.983979531,Undergraduate,High,76
Male,161.4748299,71.89422588,137/100,269.5020043,27.5730203,136.1255556,0.629024492,0.40559042,47.4090969,Moderate,Former,Occasional,Balanced,None,None,None,53.85399631,Good,Insomnia,3.338453241,8.860861088,10.74827933,High School,Low,64
Male,181.0370339,84.08609711,158/93,254.988995,25.65602346,168.0315188,0.556884524,0.2,69.40879572,Moderate,Former,Frequent,Low-carb,Diabetes,Regular,Hypertension,50.77252223,Fair,Normal,6.803751005,0.235324944,5.155474367,High School,Low,74
Male,168.3337853,71.87605834,171/103,241.6412902,25.36539755,154.5886557,0.375243506,0.288844216,80.23263185,Moderate,Former,None,Low-carb,None,None,None,62.77315161,Fair,Insomnia,2.968425,0.599433009,1.571684916,Undergraduate,High,88
Male,177.5701911,65.18489065,129/72,197.1431941,20.67315768,146.3173369,1.227931664,0.728947982,44.57443973,High,Never,Frequent,High-fat,None,None,None,58.75077332,Excellent,Insomnia,4.068627143,9.172680666,4.879086448,None,High,29
Female,167.2867388,72.01875781,160/104,272.7296206,25.73490661,154.9181654,0.422651965,0.245258993,65.52646407,Moderate,Former,None,Low-carb,Diabetes,Regular,Hypertension,45.22312543,Good,Normal,1.849770079,8.315183331,11.0207705,Undergraduate,Low,78
Female,153.9110786,74.22563517,134/91,239.9470287,31.33387882,125.4594979,0.891261163,0.676597961,50.99138339,Moderate,Former,None,Balanced,None,None,None,53.58288054,Good,Excessive,4.996932012,5.318717665,10.48342234,Postgraduate,Medium,60
Male,173.1723413,56.04468482,149/77,189.2328766,18.68862604,129.1347579,1.690782931,0.726207442,31.16624975,Moderate,Former,Frequent,Vegetarian,None,None,None,64.34247316,Good,Normal,3.560872471,4.430337063,7.405271333,Postgraduate,Low,18
Female,169.434078,91.84345742,128/85,245.8950873,31.99239086,142.8342987,1.027394696,0.565523969,40.75753334,High,Former,None,High-fat,Hypertension,Regular,None,65.45795895,Poor,Insomnia,2.22119486,8.936352533,0.895661173,Postgraduate,High,43
Female,165.0167066,82.96360823,150/103,246.1862474,30.46714797,132.9013491,0.894025049,0.418648795,38.09800972,Moderate,Former,Frequent,Balanced,Hypertension,Occasional,Heart Disease,72.87356826,Good,Normal,2.494472693,0.611046676,5.991635352,None,Low,60
Female,156.4332953,62.60623148,144/118,220.3108761,25.58345381,96.42940476,0.877254845,0.261643653,51.03226739,Low,Never,Occasional,Balanced,Heart Disease,Occasional,None,56.02093935,Fair,Normal,6.579717084,6.981984307,2.578998377,None,Medium,68
Male,162.0776622,91.03643977,136/96,255.8525674,34.6552421,130.3560148,0.703450528,0.389717556,45.76027136,Moderate,Former,None,Vegetarian,Hypertension,Regular,Heart Disease,63.34334396,Excellent,Normal,6.670838142,8.286529061,9.401634721,High School,High,53
Male,168.1181451,60.57433629,149/94,294.8673871,21.43184133,137.1942864,0.808014308,0.437266306,64.29162588,High,Never,Frequent,Balanced,Hypertension,Occasional,None,60.86619856,Good,Insomnia,4.428566605,0.545654083,7.193533676,Postgraduate,Medium,61
Male,173.1475012,63.64305986,176/101,276.790338,21.22846514,141.6528926,0.486172102,0.207368703,47.28403157,High,Former,Occasional,Balanced,Diabetes,Regular,None,71.96738938,Excellent,Insomnia,7.873230424,5.234013709,2.721271504,Undergraduate,Low,85
Male,168.9868072,89.76257648,144/91,170.982113,31.43328053,159.9342085,1.123315448,0.442369928,46.1881905,Low,Never,Occasional,High-fat,Heart Disease,Regular,Heart Disease,52.68345653,Excellent,Normal,1.396592754,1.852768503,6.495241331,Undergraduate,Low,52
Male,166.9057802,107.0752672,152/99,246.1807052,38.43672816,117.5176646,0.552447578,0.201541573,63.2781555,Low,Never,Occasional,Low-carb,Diabetes,Regular,Diabetes,38.84353058,Excellent,Normal,2.593740299,0.984241891,11.48064521,Undergraduate,High,67
Female,161.8475853,54.79698453,170/114,218.387719,20.91915854,180.9044204,0.145376266,0.2,68.02714892,High,Never,None,Balanced,Heart Disease,Occasional,Heart Disease,50.71706546,Good,Insomnia,4.780099039,5.783597631,9.99134128,Postgraduate,High,86
Male,171.1456703,104.9321256,153/76,217.0026377,35.82421123,155.2315041,0.812732695,0.332612004,45.52062271,Moderate,Former,Occasional,High-fat,None,None,None,84.17906338,Fair,Normal,7.68044253,0.251990948,4.257982267,Undergraduate,Medium,55
Female,169.1052549,56.80134455,164/108,237.1917009,19.86298019,172.6366655,0.460278698,0.2,75.09514919,Moderate,Never,None,High-fat,None,None,None,43.05762721,Fair,Excessive,2.569683404,4.716494908,1.097063902,Undergraduate,Medium,74
Male,172.4607043,73.38127029,131/93,221.337082,24.67203173,126.5986872,1.59537767,0.951198374,32.20785726,Moderate,Never,None,Balanced,None,None,None,76.54051944,Fair,Normal,6.538787018,0.815749256,1.053458845,None,Medium,18
Female,160.4745112,65.41368544,147/87,199.143677,25.40133225,101.3953629,1.23029168,0.558992928,53.71388974,Moderate,Current,Frequent,Vegetarian,None,None,None,75.31202939,Excellent,Insomnia,3.877688759,0.571171634,1.651556813,None,High,32
Female,162.00112,76.50607551,142/86,223.5834546,29.15143182,108.178021,1.491290721,0.729869618,46.62784389,Low,Never,None,Vegetarian,None,None,None,76.10598713,Excellent,Normal,9.686886747,4.281839399,7.584230501,Undergraduate,Medium,29
Male,188.2843691,68.62528739,145/117,246.5414646,19.35778407,132.6838735,0.452638635,0.24337461,71.68825654,Low,Former,Occasional,Balanced,Hypertension,Regular,Diabetes,48.26338387,Fair,Normal,6.399710724,4.856468653,6.5510824,Postgraduate,High,81
Female,158.6101085,69.23212374,135/91,203.682735,27.51984158,133.3963588,1.059744244,0.484004992,40.35645533,Low,Former,None,Vegetarian,Heart Disease,Occasional,Heart Disease,66.3987737,Fair,Excessive,6.380559882,0.819657346,7.762046747,Undergraduate,Medium,41
Male,175.5123789,78.19708413,150/103,255.5467467,25.38487642,159.9444118,0.330464203,0.2,88.85189917,Moderate,Current,Frequent,Low-carb,None,Occasional,None,56.24775311,Fair,Normal,8.913516005,7.253716002,1.351085598,High School,High,88
Male,173.5731135,73.01230917,136/106,262.6938436,24.23433889,119.9722338,0.506612197,0.299703862,53.73895097,High,Former,None,Balanced,None,None,Diabetes,57.2582899,Fair,Normal,2.245344352,9.827395409,2.99967469,None,Medium,67
Female,148.3562987,86.3496294,151/108,261.7010371,39.23272719,156.1628887,0.260045371,0.2,67.58014195,Moderate,Former,Occasional,Vegetarian,Diabetes,Regular,Diabetes,48.31803727,Excellent,Normal,4.76825629,2.196349286,0.002724459,Postgraduate,High,78
Female,165.3083673,72.02692385,126/96,202.6235762,26.35755941,136.9845397,1.28740272,0.644929078,46.15926618,Low,Current,Frequent,Balanced,None,None,None,79.51468626,Fair,Normal,5.069822312,7.39091422,8.238167317,Postgraduate,High,35
Female,160.7254264,80.04214283,154/113,213.9065145,30.98485966,147.4938246,0.370488005,0.2,72.24498949,Low,Former,Frequent,Balanced,Heart Disease,Occasional,None,51.9387641,Poor,Normal,9.927002764,9.51396862,1.64425092,Undergraduate,Low,84
Female,151.3735887,69.7154238,170/101,248.2772669,30.42486485,152.3411381,0.311659667,0.2,48.93672001,Low,Never,Frequent,Balanced,Hypertension,Occasional,None,45.71496279,Poor,Insomnia,8.391251391,5.446308711,0.934278235,Postgraduate,Low,79
Male,173.719046,66.77228631,155/98,238.522402,22.12592191,136.218678,0.430996195,0.2,41.61457446,Moderate,Never,Occasional,Balanced,None,None,None,42.69728895,Fair,Insomnia,2.401959345,5.470453456,1.049358022,High School,Medium,71
Male,181.3108588,92.72177246,162/100,253.3379719,28.20551897,125.6513461,0.757216974,0.223448871,67.97186485,Low,Never,Frequent,Vegetarian,Heart Disease,Regular,Heart Disease,43.63932908,Excellent,Normal,3.823328123,6.35645322,4.271493282,None,Medium,72
Female,152.5798602,68.1585345,169/119,251.8238616,29.27694915,148.9229271,0.640939714,0.216156451,51.11536798,Moderate,Former,None,High-fat,Diabetes,Occasional,Diabetes,62.15778849,Excellent,Normal,8.68289094,7.252870844,4.324728481,None,Low,80
Female,159.2883038,57.10661494,143/86,192.1481759,22.50705346,108.8218331,1.239348813,0.766852088,38.73304699,Moderate,Current,None,Balanced,None,None,Diabetes,60.23722542,Fair,Normal,6.394356936,2.012637881,10.68283946,None,Low,34
Male,179.3267637,98.11349232,132/71,231.1356203,30.50974043,111.5330186,1.475996318,0.652643147,22.0608577,Moderate,Former,None,Vegetarian,Hypertension,Occasional,Diabetes,80.98882334,Good,Insomnia,8.166705971,8.329373923,11.829219,Undergraduate,Medium,26
Female,166.7086895,71.21521849,154/116,276.2441511,25.62455523,107.3275577,0.778824068,0.2,80.02436677,Low,Never,Occasional,High-fat,None,None,None,54.03790428,Fair,Normal,6.5183672,8.056022188,3.596024206,Postgraduate,Medium,78
Female,159.921441,48.88432641,108/96,196.8096927,19.11420531,102.1283858,0.988954009,0.53872842,48.00459961,High,Former,Occasional,Vegetarian,None,None,Diabetes,71.43989825,Fair,Normal,2.605744869,1.081550146,10.10528235,Undergraduate,Medium,43
Female,168.9875008,64.12743987,136/83,213.0880493,22.45612079,102.8734524,1.3664726,0.862384418,36.88831223,High,Never,None,Balanced,None,None,None,80.46078816,Fair,Excessive,7.648691587,3.06267887,3.180975412,Undergraduate,Low,23
Male,170.7424144,84.35738753,158/114,270.9084854,28.9361192,153.5767772,0.447684653,0.298917172,51.15686926,Low,Former,None,Balanced,Diabetes,Occasional,None,62.13442978,Fair,Insomnia,3.317310785,7.744194946,4.626642773,Undergraduate,High,79
Female,164.6611424,47.97871293,135/93,255.6485761,17.69564288,138.519181,0.598221823,0.411136232,54.88298117,Low,Former,Occasional,Balanced,None,None,None,54.85779036,Good,Insomnia,7.751379065,4.568178046,10.14800819,None,Low,67
Male,168.1050481,82.38416011,171/100,234.2868783,29.15292987,110.1385729,0.510834713,0.2047942,73.84579746,Low,Former,None,High-fat,None,None,Hypertension,76.23898692,Poor,Excessive,6.407129344,7.008656972,3.422469632,Undergraduate,Medium,74
Male,170.4618281,70.10812386,158/97,221.0498486,24.12759653,140.4155255,0.332600694,0.2,61.83189717,Low,Current,Frequent,Low-carb,None,Occasional,None,40.19824294,Excellent,Normal,8.658567095,3.45858858,0.422582082,Undergraduate,High,82
Male,177.3025303,90.08382953,143/103,221.2795012,28.65609269,123.2051341,0.648399246,0.339724427,42.60767535,Low,Current,Occasional,Balanced,Hypertension,None,Diabetes,69.83985771,Good,Normal,9.861890298,2.090973646,1.564237561,High School,High,69
Female,164.3906632,69.37231098,110/93,258.376474,25.67035456,145.8972472,1.125226075,0.447380184,54.66472842,Low,Former,Occasional,Balanced,Hypertension,Regular,Heart Disease,66.88134833,Excellent,Normal,3.792764042,3.991261004,2.907085891,High School,High,42
Male,184.4575102,90.63429426,123/88,260.8256026,26.63789316,143.3818274,1.228353054,0.646309925,61.60822801,Low,Former,Occasional,Balanced,None,None,Diabetes,73.1124766,Good,Normal,4.324187171,6.637427386,1.41886071,Postgraduate,High,42
Female,172.1060911,75.00021715,137/88,193.3256981,25.32036949,129.264352,1.225775547,0.754058508,31.26794903,Moderate,Current,Occasional,High-fat,Diabetes,Regular,Diabetes,79.18696559,Poor,Insomnia,5.279172456,7.569276593,8.269453086,Postgraduate,High,39
Female,162.5166652,57.53076715,164/104,230.9868421,21.78233138,126.3917055,0.411813573,0.2,68.94529911,Moderate,Former,None,High-fat,Hypertension,Regular,Diabetes,58.20082967,Excellent,Normal,4.382672187,8.205446477,0.085704981,High School,Medium,73
Male,174.30776,91.70814015,160/118,275.6848765,30.18383668,147.2947975,0.561311368,0.216735686,40.45486821,Moderate,Never,Occasional,High-fat,Hypertension,Regular,Diabetes,53.20568311,Fair,Excessive,8.06670896,4.874063031,11.3444598,None,High,77
Female,151.5497787,61.28725287,140/79,237.6458445,26.68452903,121.3192423,1.183093407,0.635781884,54.82921095,Moderate,Former,Occasional,High-fat,None,None,None,69.86992911,Poor,Insomnia,7.415941324,3.929093356,3.104531369,High School,High,45
Male,175.3184403,86.70003708,137/86,249.5535351,28.20746684,132.510036,1.382786502,0.627298631,36.23610364,Low,Never,None,Low-carb,None,Occasional,None,68.32480435,Excellent,Insomnia,1.260498851,2.39645785,0.388669653,High School,Medium,34
Male,182.5127458,73.43830293,168/98,235.3785555,22.04632648,130.6187719,0.288810155,0.2,73.1727509,Low,Current,Occasional,Vegetarian,None,None,Diabetes,55.85411173,Fair,Normal,2.182711446,2.624850079,6.97458573,Undergraduate,Low,82
Male,180.3166042,76.49889641,137/99,290.4771188,23.52793058,141.4432987,0.520936912,0.2,44.7655024,Moderate,Former,None,Balanced,None,Regular,None,43.48922536,Good,Normal,9.850066916,2.416012764,8.175385326,Undergraduate,Medium,81
Male,173.2501756,79.97588414,141/104,235.9343186,26.64475205,149.4104809,0.693636552,0.345882542,45.33489005,Moderate,Former,None,Balanced,None,None,None,50.19816561,Fair,Normal,4.300109917,3.909174268,11.71747835,Postgraduate,High,62
Male,182.5861471,68.18930622,146/81,243.0197579,20.4541117,131.0257828,0.898603729,0.580592451,34.72503901,Low,Current,None,Balanced,None,None,None,75.67908993,Good,Insomnia,3.645250845,4.4632636,8.724222324,Undergraduate,High,52
Male,176.1261907,68.928888,140/101,217.2557019,22.22047753,88.17192967,1.529108702,0.519611087,36.70202049,Moderate,Never,None,Balanced,None,None,None,80.55323802,Fair,Normal,3.322968789,4.639854174,1.599411097,Postgraduate,High,30
Male,181.4824777,62.02623852,154/101,239.9126034,18.83241626,112.5726872,0.941490115,0.569548065,41.53370941,Moderate,Never,Occasional,Balanced,None,None,None,84.47939339,Excellent,Insomnia,8.155103832,1.633544497,1.251757048,None,High,55
Female,154.7224503,73.69551107,173/108,261.5984717,30.78466029,158.2856178,0.219063633,0.2,68.75904437,Moderate,Current,Occasional,Balanced,Hypertension,Occasional,Hypertension,52.70568514,Good,Excessive,3.371963315,2.791304708,11.16806707,None,Medium,86
Male,171.7593073,63.29268583,160/101,303.1246555,21.45423165,146.7013658,0.865313671,0.29362113,56.74805796,Low,Never,None,High-fat,Hypertension,Regular,Diabetes,76.05413662,Fair,Excessive,3.476531012,3.979603464,11.17774791,High School,High,63
Male,159.6624815,75.97880625,169/111,240.4751562,29.8048346,134.7939381,0.633075169,0.2,63.29132862,High,Current,Occasional,Vegetarian,Hypertension,Regular,Hypertension,49.43291171,Excellent,Excessive,4.167367937,4.461492565,8.059922772,High School,Low,78
Female,165.3113158,71.80230208,168/93,236.509295,26.27442394,155.9624877,1.520918358,0.708113748,46.79213941,High,Never,Occasional,Vegetarian,Diabetes,Occasional,Hypertension,78.12785096,Excellent,Normal,9.984868809,5.413626384,3.408700668,Postgraduate,High,37
Male,180.2295099,96.78309206,174/116,240.6782292,29.79529499,123.0564059,0.3475119,0.2,65.57444374,Low,Never,Frequent,High-fat,Hypertension,Regular,Hypertension,57.17371481,Fair,Normal,7.727685731,8.508527573,3.433620509,Undergraduate,Medium,89
Male,179.4168214,72.39803973,149/96,261.7539975,22.49057146,133.1105382,0.490875149,0.24265703,56.03880617,High,Never,Occasional,Balanced,None,None,None,74.62174919,Fair,Normal,5.031744907,4.054716763,11.80907357,High School,Low,72
Female,152.0081455,62.08478689,161/101,255.5314893,26.86899814,130.661283,0.501950992,0.445781418,47.10887867,Low,Never,None,High-fat,Hypertension,Occasional,None,50.84403701,Fair,Normal,1.878490343,1.668485782,11.08477675,Postgraduate,Medium,66
Male,166.0932352,72.43348285,133/104,237.2085758,26.2564181,120.8355748,0.805202301,0.484521153,55.50831591,Moderate,Current,Frequent,Low-carb,None,None,None,52.91526199,Fair,Excessive,4.445500553,6.30635295,5.161712785,High School,Medium,61
Male,174.1940438,69.05988247,151/97,217.3275421,22.75931741,142.1754993,0.780880555,0.376226492,52.32871308,Moderate,Never,Occasional,Balanced,None,None,None,69.20772085,Fair,Normal,6.870530015,4.051971426,7.152523146,None,Low,60
Female,161.0826953,57.50223156,154/107,232.4698635,22.160876,137.1456576,0.544009579,0.225067051,51.65241372,High,Former,None,Balanced,Heart Disease,Regular,Diabetes,54.31234813,Good,Excessive,8.387641083,2.814773025,0.840824349,None,Low,69
Female,157.8978133,72.64298081,184/102,234.810659,29.13677132,148.9841971,0.484612291,0.2,61.03009352,Moderate,Current,Occasional,Vegetarian,Diabetes,Regular,Hypertension,48.09218055,Poor,Insomnia,6.438739778,6.300186806,5.008595302,None,Low,86
Female,153.968822,73.63218979,128/94,226.9743347,31.06004942,141.5962592,0.975447601,0.571527258,31.78783827,Moderate,Never,Occasional,Low-carb,Diabetes,Regular,Diabetes,88.63941039,Fair,Normal,2.896867895,2.367204759,7.536365575,Postgraduate,Medium,47
Female,158.0802241,65.60257677,143/80,180.9942084,26.25220652,73.9332265,1.422097129,0.662861745,35.24343619,Moderate,Former,Occasional,Balanced,Diabetes,Occasional,Heart Disease,83.39024363,Good,Excessive,5.797497611,6.315443787,6.515285334,None,Medium,35
Female,161.5610424,72.61690337,125/93,214.7295931,27.82046802,97.82948284,1.489647395,0.770069184,39.08626533,Low,Current,Occasional,Balanced,Hypertension,Occasional,Heart Disease,45.67780845,Good,Insomnia,3.209090163,7.175613826,9.321856407,Undergraduate,Medium,27
Female,162.1301523,55.53622013,164/90,210.5228055,21.12753045,136.471409,0.80057948,0.36499365,32.56395738,Low,Current,Frequent,Balanced,None,None,None,58.97090161,Fair,Normal,2.436997144,7.9008325,7.39548898,None,Medium,54
Female,163.5066396,73.09718265,134/101,224.4954569,27.34197315,130.0803218,1.226154191,0.775630739,43.90079628,Low,Current,Frequent,Balanced,Heart Disease,None,None,74.07655772,Fair,Normal,6.80635075,0.169691293,11.5244013,None,Low,38
Female,162.7334385,59.45770457,157/100,242.4554109,22.45197431,83.76358309,0.531590126,0.201152392,73.42669998,Moderate,Never,Occasional,Balanced,Hypertension,Regular,None,57.69344071,Poor,Insomnia,1.656086067,6.268329044,3.038386884,Postgraduate,High,75
Male,179.3852626,84.82146495,165/104,221.9818655,26.35920133,115.4244199,0.677181551,0.348077424,52.49628228,Low,Never,Occasional,Vegetarian,Heart Disease,Regular,None,51.85215022,Good,Normal,7.86835052,8.022491792,4.621273476,High School,Low,67
Male,166.7186067,76.96684094,138/95,261.2421131,27.69080091,124.3630138,1.083428626,0.613751289,43.50371897,Moderate,Current,Occasional,High-fat,Diabetes,Regular,Heart Disease,72.555302,Good,Normal,5.427352216,5.727725097,2.860046528,Undergraduate,Medium,46
Female,164.2963188,65.45959396,123/84,179.653213,24.25032938,109.8791113,1.43221967,0.706366916,55.49553264,Moderate,Never,Frequent,Balanced,None,None,None,89.93484577,Fair,Normal,7.383665144,0.211498233,5.027195736,Undergraduate,Medium,28
Male,167.536483,108.5481082,123/93,220.9365162,38.67260884,140.3684372,1.289705008,0.604198911,36.93793751,Low,Never,None,High-fat,Hypertension,Occasional,None,53.29582209,Excellent,Excessive,5.441892936,4.535728096,0.45659014,Undergraduate,Medium,31
Female,162.3032181,79.89802632,132/84,256.8179478,30.33065503,110.0072648,1.159043461,0.647569494,44.85589746,Moderate,Current,Occasional,High-fat,None,Occasional,None,67.78351414,Good,Normal,5.386373271,6.250915527,11.35424273,Undergraduate,Medium,36
Male,175.2979924,101.4490503,155/90,255.8670203,33.01369244,128.8014575,0.668222244,0.416123728,67.31111069,Low,Former,None,High-fat,None,Occasional,None,71.78977026,Poor,Insomnia,3.984920598,7.230571255,6.093025822,High School,Low,56
Female,157.9117186,74.67826024,126/85,220.0129671,29.94783775,114.7350418,1.396677025,0.806933102,32.7104695,Low,Former,Occasional,Balanced,Hypertension,Regular,Diabetes,78.06581671,Good,Insomnia,7.13606948,8.887524838,8.310168153,High School,High,23
Male,171.9760044,84.53459921,147/101,262.7541287,28.58240634,152.5684123,0.32552024,0.2,62.67843638,Low,Current,Frequent,High-fat,Hypertension,Regular,Hypertension,47.76465029,Good,Normal,8.588303785,6.44213016,7.808692612,Postgraduate,High,80
Male,170.3290069,71.83300537,148/97,200.3906515,24.75978155,125.183632,1.377923581,0.728211377,37.25010381,Low,Former,None,Balanced,None,None,None,60.62432426,Fair,Normal,2.084336402,8.515371719,1.879353779,Postgraduate,High,36
Female,166.3294854,62.12727508,155/95,188.5375334,22.45659042,124.6835832,1.773566445,0.76965623,34.3892724,Moderate,Former,Occasional,Balanced,None,Occasional,None,69.73696967,Poor,Insomnia,2.28507073,3.894346801,11.42042888,High School,High,19
Male,182.0711372,65.47180417,140/107,230.9470415,19.75022735,152.3941342,0.969312178,0.361895404,41.41551267,Moderate,Former,Occasional,Low-carb,None,None,None,40.24102122,Good,Normal,9.400718143,7.235345733,6.926240115,Undergraduate,Low,63
Female,156.4251673,78.78722227,130/89,208.855699,32.19901105,82.7670098,1.306897649,0.808245422,22.19442798,Moderate,Never,None,High-fat,None,None,None,69.45262596,Fair,Insomnia,4.759377103,0.73085091,3.283996619,Postgraduate,Medium,37
Male,172.9867669,97.89124193,161/98,247.8342347,32.71282685,149.6848068,0.355496561,0.352587822,61.21214578,Moderate,Never,Frequent,Low-carb,None,None,None,70.26647476,Fair,Insomnia,6.233085531,9.47769582,0.644364943,None,Low,72
Male,190.2956643,71.75941588,158/114,276.7049991,19.81623337,151.2519568,0.175235049,0.2,81.58474301,High,Former,Frequent,Balanced,None,None,None,36.61446465,Poor,Insomnia,5.704385087,0.235919678,4.964794771,High School,High,84
Male,181.5798657,75.32548647,132/84,229.772233,22.84581017,124.2112655,1.443752787,0.725275008,42.52757745,Low,Former,Occasional,Balanced,Hypertension,Occasional,Heart Disease,66.51031666,Good,Normal,7.612856302,2.521439558,5.889723615,None,Medium,34
Female,156.0384629,66.35924567,162/108,224.471096,27.25449338,149.4722946,0.314745892,0.297245194,46.93109595,Low,Former,None,Balanced,None,None,None,76.82796243,Excellent,Insomnia,3.073555644,6.852014538,11.78276568,Undergraduate,High,76
Male,180.644558,72.79386778,132/98,204.5918625,22.30719841,129.9694554,1.510775508,0.625865723,58.02841613,High,Former,Occasional,Low-carb,Hypertension,Regular,Diabetes,75.94291526,Good,Excessive,2.011473391,2.685049173,5.90882111,Postgraduate,Low,35
Male,163.9230042,89.80204414,152/94,231.7190543,33.4199975,145.2499787,0.552430543,0.2,61.88500786,High,Current,Occasional,Balanced,Hypertension,Regular,Heart Disease,65.06872345,Fair,Normal,8.607969781,7.271628097,11.76913409,None,Low,72
Male,179.0004632,79.577871,160/93,255.4260113,24.8361347,129.3429039,0.861357133,0.418861577,55.46611365,Moderate,Former,None,Low-carb,Heart Disease,Occasional,Diabetes,66.45577817,Excellent,Normal,5.525050977,1.444364842,5.304794557,High School,Medium,56
Female,155.8288501,56.24492154,137/93,214.0941261,23.16261473,105.7835221,1.086484217,0.392641445,39.85373099,Moderate,Former,None,Balanced,None,None,None,55.6482604,Poor,Normal,7.361232366,9.200381641,3.248203252,High School,Medium,48
Male,179.5204537,83.04474825,129/72,222.2138472,25.76821283,143.7748646,1.086461837,0.457758531,43.85664566,Low,Never,None,Vegetarian,Hypertension,Regular,Hypertension,74.50079998,Good,Insomnia,5.709576244,1.167479028,1.548781498,Undergraduate,High,39
Male,170.8313545,81.70134045,164/100,238.0929481,27.99587291,119.2159522,0.627716256,0.2,58.75146944,Moderate,Former,Frequent,Balanced,Heart Disease,Regular,Hypertension,46.11207919,Fair,Normal,2.245578274,6.657652403,6.29606768,Undergraduate,Medium,82
Female,153.3467012,71.48003185,152/85,222.0306805,30.39735965,140.1807275,1.414950973,0.781027631,42.27350507,High,Former,Frequent,Balanced,Heart Disease,Occasional,None,69.93219051,Good,Normal,3.260728041,3.20567586,1.619741833,High School,Medium,27
Male,171.8986262,94.64539427,162/106,274.8128387,32.0298329,124.5082862,0.603816018,0.2,45.64137596,Moderate,Former,Occasional,Balanced,Heart Disease,Occasional,Hypertension,63.84136559,Excellent,Normal,4.165388362,5.434844286,0.872835141,Undergraduate,Low,78
Male,168.0655593,68.09422654,159/107,261.3909268,24.10753695,120.0329835,0.909749526,0.23750831,42.63063582,Moderate,Former,Frequent,Vegetarian,None,None,Diabetes,76.22654888,Excellent,Normal,7.380100056,8.237444619,10.28434834,High School,Low,59
Female,160.8143371,48.86540592,133/99,204.4564724,18.89522122,119.9946564,1.241496598,0.643969096,21.39958788,High,Former,None,High-fat,Heart Disease,None,Diabetes,67.89461771,Poor,Insomnia,2.019191065,5.701872158,10.34212588,High School,High,33
Male,186.0581315,74.93826585,150/104,300.0233641,21.64742921,142.5515827,0.456893315,0.217670776,56.28658303,Low,Former,Occasional,Balanced,Heart Disease,Regular,Hypertension,66.31245782,Fair,Insomnia,3.378697775,2.87241348,6.136069078,Postgraduate,Low,74
Female,151.7885866,59.38662004,136/99,270.4764726,25.77569441,94.61696542,0.588803218,0.477560996,63.13967874,High,Current,Occasional,High-fat,Diabetes,Occasional,None,57.4010727,Fair,Normal,3.291955178,9.981950545,2.255111494,None,Low,59
Female,160.5833759,61.72313459,175/100,235.4252265,23.93573708,161.4101927,0.25366302,0.2,48.03779675,Low,Current,Frequent,Low-carb,None,None,Hypertension,55.92128618,Poor,Insomnia,8.299941097,1.972426662,2.562449735,Undergraduate,Medium,78
Female,160.0058732,75.43845995,145/90,215.6189958,29.46598515,136.3266406,0.726732515,0.260036233,72.27052647,Low,Never,Frequent,Vegetarian,Hypertension,None,Diabetes,50.45344961,Fair,Normal,9.186280255,6.338894618,0.862880608,Postgraduate,High,61
Female,157.7754742,58.74209306,137/96,250.83535,23.59774092,131.7770459,0.592269003,0.360627316,36.68464685,High,Former,None,Balanced,Hypertension,Occasional,Heart Disease,72.30267396,Good,Normal,5.189382752,9.431958497,11.1807771,High School,Medium,64
Female,174.7261416,62.7179942,146/78,203.116086,20.54359228,120.5632135,0.642874386,0.499334932,53.18572886,Moderate,Former,Frequent,Balanced,None,None,None,66.19535944,Good,Excessive,6.538130566,4.119465486,11.21292953,None,Low,58
Female,162.8112425,75.33563955,146/94,187.9967512,28.42049896,131.4572409,1.55684397,0.703908847,10.70794141,Moderate,Never,None,Vegetarian,Heart Disease,Regular,None,71.01083805,Fair,Insomnia,2.228527109,2.286707514,10.58994126,None,High,21
Female,167.9967471,64.17839114,172/111,245.7260673,22.73982302,144.5148612,0.559316202,0.228312687,44.26110882,Low,Current,None,Low-carb,None,None,None,66.87272975,Excellent,Normal,5.919534457,4.360469741,8.984066103,Postgraduate,High,76
Male,175.7277178,104.7269738,139/101,212.0473359,33.913922,86.27447534,0.965934099,0.485824245,46.35563416,Moderate,Current,None,Low-carb,None,None,None,72.28518644,Fair,Normal,4.39129565,5.335544336,0.002892056,High School,Low,50
Male,185.8441922,89.48151455,134/89,252.6977533,25.90808655,106.3948697,1.537326244,0.69104963,34.89580618,Low,Current,None,Balanced,Hypertension,Occasional,Hypertension,95.10900498,Fair,Normal,8.52506754,2.649670616,5.383591099,Undergraduate,Medium,33
Female,162.9936577,91.05303121,151/105,242.3833029,34.27306912,110.4397676,0.671336456,0.434886414,53.20783594,Moderate,Never,Frequent,Balanced,Heart Disease,Regular,Heart Disease,67.65115122,Fair,Insomnia,8.006642921,1.310146187,7.21148634,None,Medium,67
Male,175.2886048,89.65905325,188/98,253.407243,29.18010029,128.5910915,0.264555921,0.2,72.90356824,Moderate,Former,Frequent,High-fat,Diabetes,Regular,None,73.66156186,Fair,Insomnia,3.788624051,0.857942849,1.091225399,Postgraduate,Medium,89
Male,174.4557015,77.76123008,156/96,242.1597099,25.55011076,138.0539262,0.691769634,0.349641315,49.86124832,Moderate,Current,Occasional,Balanced,Diabetes,Regular,Heart Disease,70.50316202,Excellent,Insomnia,6.147077702,9.074631763,1.469777002,Undergraduate,High,64
Female,162.651741,63.29259699,128/82,224.8103289,23.92409307,123.1656373,1.519079441,0.564453962,38.99830732,Moderate,Current,Occasional,Low-carb,None,Occasional,None,55.79926482,Fair,Normal,9.402338293,7.199595394,9.045764556,High School,Medium,39
Male,182.3284592,64.35530443,151/89,165.9809334,19.35866593,143.6187651,1.214075918,0.375705247,36.42431208,Moderate,Former,Occasional,Balanced,Hypertension,Regular,Diabetes,82.1818243,Good,Normal,8.981483855,3.783475817,8.996708961,None,Medium,45
Female,158.4468842,85.58491955,137/82,248.493378,34.09022282,136.683474,0.82046059,0.673388575,67.97415126,Moderate,Former,Occasional,Balanced,Heart Disease,Regular,None,66.66006387,Fair,Excessive,9.525762093,3.690177324,1.626202483,Undergraduate,Low,46
Male,174.4083438,57.47607925,158/118,258.3131108,18.89524897,146.8871366,0.306349247,0.2,79.32365331,High,Never,Frequent,High-fat,None,None,None,30.54720452,Excellent,Insomnia,3.562189854,8.876083295,4.414208335,None,Medium,88
Female,157.3592649,83.98734981,159/98,291.450932,33.91792231,98.32578559,1.104094794,0.495697481,52.79368314,High,Former,None,Balanced,Heart Disease,Regular,Heart Disease,65.49449643,Fair,Normal,8.353004351,4.087930173,3.921277178,Undergraduate,Low,41
Male,172.7592967,51.1391654,142/114,228.1079766,17.13447418,131.350798,0.91550053,0.371032136,52.75891039,Moderate,Current,Occasional,Balanced,Diabetes,Regular,Heart Disease,67.02663194,Fair,Normal,9.696031531,8.01619486,7.565011421,High School,Medium,64
Male,171.369333,90.23841854,149/103,284.7913033,30.72736102,134.9782909,0.159633043,0.2,70.55640542,Low,Former,Occasional,Balanced,Heart Disease,Regular,Hypertension,50.5715903,Good,Normal,6.185433968,5.536778335,2.260620112,None,Low,85
Male,180.9439982,64.70577071,144/85,219.5756769,19.76308095,139.6808681,0.885467706,0.49917168,46.92584881,Moderate,Current,Occasional,High-fat,None,None,Heart Disease,56.37285314,Excellent,Insomnia,2.584743697,7.167185858,8.471884836,High School,Low,48
Female,169.0631098,66.36746647,128/94,225.0230213,23.21974964,136.88245,1.367588659,0.595542317,18.08871138,Moderate,Never,None,Balanced,None,None,None,71.59455984,Fair,Normal,8.001500747,8.41339719,6.957197489,Undergraduate,Low,34
Female,173.1675442,55.53724368,154/110,232.8542579,18.52044109,127.7901742,0.534522343,0.43205535,54.34309064,Moderate,Former,None,Balanced,Diabetes,Regular,None,56.29972273,Fair,Normal,5.020198496,2.541472801,9.901618508,High School,Medium,65
Female,156.4189052,58.90605243,133/99,211.7729818,24.07583931,149.572068,0.884854497,0.263802029,36.6115075,Moderate,Former,Occasional,Balanced,None,None,None,62.68699889,Excellent,Insomnia,2.896359986,2.275338769,3.355217192,None,Medium,49
Female,171.571698,61.89926477,160/87,195.7167316,21.02781715,130.2980126,0.87738878,0.532129147,20.96331399,Moderate,Former,Frequent,Vegetarian,Diabetes,Regular,Diabetes,78.92455941,Good,Normal,4.305499312,9.138145226,4.419545612,High School,Medium,50
Male,177.3736241,84.08645669,160/92,181.065422,26.7268621,132.7533133,1.193736455,0.436460992,28.10184481,Low,Former,Occasional,High-fat,Hypertension,Regular,Heart Disease,56.45121504,Fair,Insomnia,1.984203128,3.972912929,4.042172417,Undergraduate,High,56
Female,162.5257315,90.073319,166/86,240.5949113,34.09980589,153.359627,0.050730858,0.2,66.08820575,Low,Never,Occasional,Vegetarian,Hypertension,Regular,Diabetes,63.21327193,Fair,Insomnia,8.055357296,3.246087981,8.653911219,Undergraduate,High,89
Female,169.3622076,49.19396059,137/101,209.3022803,17.15057863,96.46074819,1.143615073,0.613191318,35.15804073,Low,Never,Frequent,Low-carb,None,Occasional,None,37.05543131,Good,Insomnia,9.652011681,4.589697181,2.861126147,Postgraduate,Medium,41
Male,174.138045,87.23096322,187/99,219.6486252,28.76625589,134.6826113,0.866020872,0.279520524,66.52964103,Moderate,Never,Occasional,High-fat,Heart Disease,Regular,None,63.65186862,Fair,Normal,4.304526631,5.422999756,1.777209584,Undergraduate,Low,81
Female,175.8309832,62.89792298,139/82,205.8296538,20.34442855,146.6629283,1.304823409,0.814615378,42.98604818,High,Never,Frequent,Balanced,None,Regular,None,76.73735637,Fair,Normal,6.22205679,9.040349865,3.842174009,Undergraduate,Low,36
Female,163.1500178,67.38770715,137/96,200.6275386,25.31666115,124.288946,0.764923054,0.28112884,43.22481384,Moderate,Former,Occasional,Vegetarian,Diabetes,Regular,Heart Disease,61.26263317,Good,Insomnia,3.930230193,9.835972997,8.008213957,None,Medium,70
Male,176.1364819,67.31212877,109/83,184.06272,21.69675026,108.3420485,1.535374954,0.640925114,19.23173423,Moderate,Never,None,Balanced,None,Occasional,None,72.59337162,Fair,Insomnia,7.024468813,4.769919154,7.707337962,None,Medium,27
Male,167.6388602,66.17092905,141/76,235.0790528,23.54603761,120.1516706,1.717588073,0.700806868,41.45893416,Moderate,Never,Occasional,Low-carb,Heart Disease,None,None,74.69608247,Poor,Insomnia,6.534127131,4.824236016,1.123889431,Undergraduate,High,23
Male,185.2024126,89.64927834,149/81,234.9104126,26.13686642,130.8714749,1.336099471,0.46291812,30.21647371,High,Current,Occasional,High-fat,None,None,None,57.24572039,Fair,Normal,8.567065647,0.334265331,4.401024917,High School,Medium,46
Female,157.240234,69.32844554,159/105,256.177975,28.04039323,140.7345436,0.545496959,0.207767662,75.46368396,Low,Never,Frequent,Balanced,Hypertension,Regular,Diabetes,82.01619847,Fair,Normal,6.433796295,1.63931721,8.831442726,High School,Medium,78
Male,170.8284151,79.12897748,171/93,257.7075159,27.11535723,122.655248,0.408952312,0.2,67.22350471,Low,Current,Frequent,Balanced,Hypertension,None,Diabetes,48.23019646,Fair,Insomnia,6.622306025,2.825408637,4.536299393,None,High,78
Female,168.8776874,64.03851592,128/83,230.3624423,22.45415481,123.2385028,0.655152252,0.655959629,21.60885876,High,Never,Occasional,High-fat,None,None,None,64.74062564,Fair,Normal,9.431680871,1.645253724,2.802965211,High School,Low,46
Female,173.8149433,59.67340977,160/102,234.4377101,19.75179786,114.8620546,0.733856519,0.203537787,53.43426567,Moderate,Former,Occasional,Low-carb,None,Occasional,Diabetes,69.51524386,Good,Normal,1.855508831,2.004690478,4.961589201,High School,High,64
Male,167.228832,87.37203062,158/113,216.9314028,31.24281206,130.0134397,0.324400702,0.249804156,68.45836292,Low,Current,None,Vegetarian,None,None,None,61.01485552,Fair,Normal,2.217170721,5.709915713,4.894591322,Undergraduate,High,79
Male,171.1341712,66.8342762,148/91,201.1699494,22.82053266,132.8705838,1.665155988,0.788895836,31.60413767,Low,Never,Occasional,Low-carb,None,None,None,69.81526192,Good,Insomnia,4.454121303,9.449670636,5.78164131,Undergraduate,High,24
Male,173.1410764,96.44122224,151/101,198.2508189,32.17084583,126.1626114,0.988951229,0.576460176,38.75231542,High,Never,Frequent,Balanced,Hypertension,Occasional,Diabetes,55.64639639,Poor,Insomnia,5.837443783,0.492996624,0.028169686,High School,Medium,52
Male,190.2567985,75.0497896,153/110,264.7169907,20.73333239,132.2053532,0.295710605,0.2,67.93114656,High,Former,None,Balanced,None,None,None,49.55445082,Good,Normal,4.271630116,6.410060573,10.81511049,None,Medium,88
Female,165.7637472,76.11698536,122/86,219.4238427,27.70144782,128.6406079,1.765076718,0.859397738,25.87652442,Low,Never,Occasional,Balanced,None,None,None,81.71822294,Poor,Excessive,6.733427982,1.616376938,10.87019268,Undergraduate,Low,19
Male,173.025375,79.37313096,148/96,220.5694375,26.5126973,144.8835902,0.797323016,0.258491807,53.08569435,Moderate,Current,Occasional,Balanced,None,None,None,73.36782557,Good,Normal,5.097958748,9.084375479,1.253763801,Undergraduate,Medium,71
Male,170.4588424,78.30346437,148/82,272.2078171,26.94895365,107.6089259,1.363594585,0.521275966,36.97909114,Moderate,Former,Frequent,High-fat,Heart Disease,Regular,Diabetes,84.35733142,Good,Normal,8.435956382,2.276325358,6.29323615,Postgraduate,Medium,37
Female,169.4542354,59.85148734,164/108,264.0525217,20.84347333,126.583136,0.301361756,0.204922388,66.8442776,High,Never,Occasional,Low-carb,None,None,None,55.33344524,Good,Normal,7.352942002,9.116386897,7.829816741,Undergraduate,Medium,80
Female,161.3074782,49.16392066,131/102,187.9717407,18.89459145,122.4145357,1.201873739,0.285506408,28.18035514,Moderate,Former,Frequent,Balanced,Diabetes,Regular,Diabetes,48.20818798,Good,Normal,2.276599579,2.138012107,1.266163757,Undergraduate,Medium,56
Male,182.7900716,76.78978793,154/94,256.8682545,22.98255258,114.5720221,0.240048386,0.2,60.74967462,Moderate,Never,None,Low-carb,Hypertension,Occasional,Heart Disease,62.4720912,Poor,Excessive,4.851232212,1.974735837,7.519903669,Undergraduate,Low,85
Female,152.459149,58.35348902,159/92,264.5918837,25.10497802,134.2494104,0.76759189,0.409068759,55.11640607,Low,Former,Occasional,High-fat,Diabetes,Regular,None,58.20857176,Good,Insomnia,7.218562296,4.041484318,10.50445516,High School,Medium,56
Female,164.9610962,63.62036901,169/104,225.4990926,23.37938678,126.3268401,0.45538856,0.2,57.99412933,Moderate,Former,Occasional,Low-carb,Heart Disease,Occasional,Diabetes,58.99689231,Good,Normal,4.268702113,0.522686676,8.226463447,High School,Low,87
Female,155.2558429,70.63178698,149/79,205.3563498,29.30247386,107.7509448,1.214045007,0.58045768,38.34009255,Moderate,Current,None,Balanced,None,None,None,76.55721311,Fair,Normal,6.194797718,0.65892165,2.29546988,High School,High,36
Male,184.8642488,74.15086145,159/109,251.5626292,21.69753214,140.7340853,0.423223953,0.239534149,52.35892509,Moderate,Current,Occasional,Vegetarian,Hypertension,Occasional,Diabetes,52.95095729,Good,Normal,6.234861994,9.754505241,9.137506001,High School,Low,81
Female,170.4434288,62.71906768,148/92,258.4124138,21.58932525,137.8069089,1.30591961,0.461668207,58.4655449,Low,Former,Frequent,Low-carb,Hypertension,Occasional,Diabetes,53.64145232,Poor,Insomnia,2.62596429,1.300262557,3.931859564,High School,Medium,49
Male,166.4374584,97.09553278,152/110,220.7530827,35.05073253,140.191241,0.522667265,0.390106461,60.92248235,Moderate,Never,Frequent,Low-carb,Heart Disease,Regular,Diabetes,66.54975846,Fair,Normal,5.68786633,8.363842356,9.962310757,Postgraduate,Medium,65
Female,164.902673,70.51334216,113/88,225.8132339,25.9307996,99.64781905,1.591653668,0.80547968,33.48912582,Moderate,Former,Frequent,Vegetarian,Diabetes,None,None,72.31722858,Excellent,Normal,2.661861213,3.410943166,6.522475759,Undergraduate,Low,26
Male,174.2430271,93.34520743,156/93,252.7711188,30.74547524,121.1747446,0.186330196,0.2,54.57402205,Moderate,Former,None,Balanced,None,None,Diabetes,46.42750205,Excellent,Insomnia,8.847865866,0.980578486,5.235617086,Postgraduate,High,79
Female,153.7114041,67.20897656,172/103,299.8433247,28.44560027,103.5686158,0.478688154,0.220210752,65.98288252,High,Former,None,High-fat,Hypertension,Regular,Hypertension,54.70028958,Good,Normal,3.496120856,5.002314789,1.927237757,High School,Medium,87
Female,167.4757219,69.21716933,149/94,252.7222948,24.67800896,96.93278559,1.070662156,0.440982987,53.18031469,Moderate,Former,Occasional,Vegetarian,Heart Disease,Regular,Heart Disease,72.4706707,Fair,Normal,5.090344597,2.092877615,0.04463593,High School,Medium,48
Female,149.2494306,68.17452947,142/81,247.899334,30.60531004,153.8080138,0.691347232,0.434005993,34.81855687,Low,Never,None,Balanced,None,Regular,None,66.27213064,Excellent,Normal,6.289329055,0.640435239,10.34920956,Postgraduate,Low,61
Male,183.5606399,69.28958482,139/106,211.7069357,20.56405862,144.7877591,0.298683288,0.2,62.22796625,Moderate,Current,Frequent,Low-carb,None,Occasional,None,64.2399051,Fair,Insomnia,7.829999651,5.326856807,7.664714187,Postgraduate,Low,79
Male,161.8822095,82.21299883,134/90,226.5568333,31.37200268,147.687127,1.460805267,0.813229334,29.22306784,Low,Never,None,Balanced,None,None,None,48.48527886,Poor,Normal,8.193142848,8.986165409,11.29362702,Postgraduate,Low,23
Female,162.0967487,66.43306305,157/95,224.2973003,25.28341126,123.5189345,1.672379731,0.827561865,28.91790027,High,Current,Frequent,High-fat,Heart Disease,None,None,64.34411793,Good,Normal,3.371564382,3.564766708,1.953313212,High School,High,24
Male,183.5152184,51.28870222,150/85,240.6646843,15.22921578,135.9060057,1.71514645,0.778475459,12.86710852,Low,Former,Occasional,Vegetarian,None,None,None,77.10824865,Fair,Normal,5.622700455,8.030455247,4.483803556,High School,Low,25
Male,174.1886304,84.48538081,132/87,231.0137821,27.84466243,135.0878057,0.890856958,0.388422077,49.1859547,High,Former,Frequent,High-fat,Diabetes,Regular,Heart Disease,63.99949558,Good,Normal,4.538533911,3.877643285,3.4424025,High School,High,66
Male,168.831914,65.6714943,151/100,239.3271693,23.03922205,124.9793882,0.226127726,0.2,69.69858758,Moderate,Former,None,Low-carb,Diabetes,Regular,None,60.41307957,Poor,Normal,4.301252966,4.027116497,0.016266294,High School,High,86
Female,160.9989725,53.10977941,152/105,219.9012475,20.48935507,135.8238186,0.160830254,0.2,77.59451837,High,Former,Frequent,Low-carb,None,None,None,37.45462432,Fair,Normal,9.874607322,6.364287438,10.009339,Undergraduate,Medium,81
Female,167.8585883,53.67850859,140/99,239.3132023,19.05080398,120.6877759,1.371726574,0.611273791,26.59513967,Moderate,Former,Occasional,High-fat,None,Occasional,None,53.21547678,Good,Insomnia,7.91170082,9.607280882,5.994589947,None,Medium,39
Female,153.4562513,66.7852917,136/94,235.5902429,28.36035464,102.4403009,1.350203232,0.517483935,31.38089339,Low,Former,Occasional,Balanced,Diabetes,Regular,Heart Disease,70.60453184,Poor,Excessive,4.551940792,6.865742921,4.999106733,Undergraduate,Medium,33
Male,172.898147,64.38496851,141/95,231.3413844,21.53792251,140.0185213,0.546987232,0.373708027,61.04636348,Moderate,Current,Frequent,Vegetarian,Diabetes,Occasional,Hypertension,68.52479923,Fair,Insomnia,8.496384836,7.427214972,10.15873404,None,Low,57
Female,161.9309095,75.30659808,151/98,260.7931836,28.71927809,138.9101296,1.334277687,0.50563392,27.56731677,High,Former,Frequent,Balanced,Diabetes,Regular,None,66.11865597,Good,Normal,2.442884242,2.82155584,2.799020295,Undergraduate,Low,38
Male,166.2885949,85.39792656,133/84,230.8565523,30.88320749,100.5845985,1.242021135,0.555500294,46.72434973,Moderate,Never,None,Balanced,None,None,None,61.83811388,Good,Excessive,2.137331278,9.736921349,2.767663683,Undergraduate,Medium,45
Female,158.562156,74.90462758,164/116,233.0369767,29.79267946,80.39772635,0.538586614,0.323065793,62.14530691,Low,Never,Occasional,High-fat,Diabetes,Occasional,Hypertension,62.03604271,Excellent,Normal,7.872537691,2.582643579,5.769434018,Postgraduate,Medium,70
Female,156.4682716,57.85267815,143/86,226.6515414,23.63039046,143.3623964,1.034998106,0.516030517,31.05808133,Moderate,Former,None,Vegetarian,None,None,Diabetes,73.43145213,Good,Insomnia,3.961051567,3.914542708,3.145355664,High School,Medium,58
Male,166.3047263,92.99017563,136/103,245.28219,33.62233604,96.93911777,1.030644639,0.506744355,45.97634473,Moderate,Never,Occasional,High-fat,None,Occasional,None,65.96046016,Poor,Insomnia,6.471619324,1.047625365,5.450733886,High School,High,47
Female,157.6925706,82.09207154,152/82,250.268114,33.01252546,128.6260724,1.560051485,0.78171245,31.1840236,Low,Former,Frequent,Balanced,Heart Disease,Regular,Heart Disease,82.20164994,Poor,Insomnia,4.205901855,0.072728077,0.730946722,High School,Medium,20
Female,166.6141899,59.72610938,153/101,233.8235025,21.51494565,120.0679226,0.427311661,0.283894281,54.89536448,High,Current,Frequent,High-fat,Diabetes,Regular,Hypertension,63.37309693,Fair,Excessive,7.590615107,7.769463884,10.46955378,High School,Low,73
Male,185.4486187,87.91793957,143/98,263.1916104,25.56408752,135.9043275,0.826570913,0.277273621,38.93058603,Low,Current,None,Balanced,None,None,None,64.9250466,Fair,Normal,9.041811251,3.892663968,3.760432877,High School,Medium,61
Male,181.8435139,72.97836972,155/102,201.7668123,22.06980659,138.1149055,0.473641547,0.456956514,62.18381282,High,Former,Frequent,Balanced,None,None,None,47.71479857,Fair,Insomnia,6.32722964,7.362798988,6.856074341,None,Low,62
Male,164.2575847,98.70858294,144/84,259.4962671,36.58508362,139.059357,1.052255514,0.55569419,46.19836822,Moderate,Former,None,Low-carb,Heart Disease,Regular,Hypertension,76.20659403,Good,Insomnia,7.118298024,5.587294435,7.499307301,None,High,37
Male,187.3853613,82.39408792,161/115,207.5175609,23.46522538,119.8396672,1.027456754,0.443680906,44.74293732,Moderate,Current,None,Low-carb,Diabetes,Regular,Diabetes,72.45819606,Fair,Insomnia,2.015723484,5.33521431,1.215182172,Postgraduate,Medium,51
Female,150.7805839,55.8279732,145/80,229.2613253,24.55619196,115.4412029,1.340403972,0.38251094,50.88757643,High,Never,Occasional,Balanced,None,None,None,81.27094826,Fair,Normal,9.925295149,9.275613488,3.692690272,None,High,43
Female,165.5539773,65.99313815,139/92,239.4268669,24.07795194,91.85169109,1.43109585,0.739180755,41.74493686,Moderate,Current,None,Vegetarian,None,None,None,65.29038383,Fair,Insomnia,7.466025532,5.232585129,0.541390543,Postgraduate,High,35
Female,149.79191,61.37397166,180/101,271.4128353,27.35316037,143.9744383,0.302532369,0.2,63.19154682,High,Never,Occasional,Vegetarian,Heart Disease,Regular,Heart Disease,46.80059932,Fair,Normal,2.122625019,1.883682321,4.21106514,Postgraduate,High,82
Female,166.3786376,55.68998288,183/114,195.9480008,20.11786812,123.7290189,1.023969551,0.272540997,74.37745986,High,Former,Frequent,Balanced,Diabetes,Regular,Heart Disease,55.63673185,Good,Insomnia,5.687340275,2.685571406,9.319282078,Undergraduate,Medium,67
Female,158.605478,76.84253052,187/109,223.0965181,30.54676979,166.5509135,0.350023036,0.231369596,63.18300796,Low,Former,Frequent,Low-carb,Diabetes,Regular,Diabetes,62.39991975,Good,Normal,6.012325922,1.082266468,11.19972456,High School,Low,77
Male,177.2286106,83.45901893,153/98,267.6117747,26.57085992,133.8164627,0.091926537,0.2,71.48953072,Moderate,Never,Occasional,High-fat,None,None,None,47.00962139,Fair,Insomnia,1.000475442,9.539208038,9.770505205,Postgraduate,Low,89
Female,161.5934486,77.22583808,134/83,222.2136902,29.57434475,118.5644639,1.63497529,0.780025649,52.55161381,Moderate,Current,None,High-fat,Hypertension,Regular,Hypertension,61.00187803,Poor,Excessive,1.578873009,4.023705395,0.281508261,High School,Medium,23
Male,180.3977896,71.92289073,152/91,199.3414026,22.10063287,132.5984051,0.915744306,0.367419325,64.8642952,Moderate,Never,Frequent,High-fat,Hypertension,Occasional,None,54.66083675,Excellent,Normal,7.209679214,3.347353266,8.34586151,Undergraduate,High,61
Male,172.855496,61.41391911,139/88,235.855604,20.55419286,119.0074234,0.796308199,0.354119985,39.84487015,Low,Never,Frequent,Balanced,None,None,None,75.01499212,Fair,Insomnia,1.402762905,2.964407248,3.361609425,None,Low,54
Female,168.7589411,72.73637333,154/83,196.626671,25.5398334,102.6635153,1.276689217,0.673649993,34.99063383,High,Current,None,Vegetarian,Hypertension,Regular,Heart Disease,62.36809032,Good,Normal,5.608210502,5.488417556,6.459916464,Undergraduate,High,33
Male,174.5174214,80.22291134,161/91,250.2991319,26.34030769,158.2388544,0.230054001,0.2011953,70.51591046,Low,Former,None,Balanced,Hypertension,Occasional,Hypertension,45.70319561,Excellent,Insomnia,4.328997631,6.48534159,8.70467522,High School,High,84
Female,161.8733929,67.74252939,159/108,245.2319085,25.85297158,151.095756,0.376128099,0.2,52.24519962,Moderate,Current,None,High-fat,Hypertension,Occasional,Hypertension,54.83569847,Poor,Insomnia,4.446183954,2.511584014,7.250465758,Postgraduate,Medium,87
Female,167.0751071,61.57853437,141/77,273.1435818,22.06001745,118.0487852,1.725060383,0.742695281,27.66619666,Moderate,Former,None,Balanced,Hypertension,Regular,Diabetes,73.52550927,Fair,Normal,6.694264373,8.628792841,0.958277095,Undergraduate,Medium,18
Female,157.3668457,81.65603214,137/113,273.0406213,32.97325287,140.1535963,0.36595863,0.240000001,82.88790661,High,Current,None,Low-carb,Diabetes,None,None,38.36763301,Good,Normal,1.203127269,6.869274168,3.528040663,Undergraduate,Medium,80
Female,160.427291,63.80679095,169/107,241.1399449,24.79193376,117.5385897,0.603876567,0.220428088,57.51123459,Moderate,Current,Occasional,High-fat,None,Occasional,None,41.54714783,Good,Insomnia,4.891567242,8.286671435,9.87465682,None,High,71
Male,187.1375436,88.05869069,145/105,237.4983973,25.14492673,127.3522775,0.510016755,0.2,45.83118474,Low,Former,Occasional,Balanced,None,Occasional,None,70.51563137,Good,Insomnia,6.968330465,3.417118793,8.204394549,None,High,71
Female,152.0175812,62.07993324,116/95,273.7684081,26.86356245,118.5204863,1.026175986,0.559551169,37.91204181,Low,Never,Occasional,Vegetarian,Heart Disease,Regular,None,62.77928068,Good,Normal,4.26992028,5.013509936,0.520766143,High School,Low,47
Male,188.0663756,99.18429013,128/79,200.3833036,28.04274867,116.8482438,1.714450526,0.816359628,30.44714252,Low,Current,None,Balanced,Heart Disease,Occasional,Diabetes,69.31505596,Fair,Normal,2.957028706,2.541777143,5.887769992,Postgraduate,High,19
Female,161.5613562,57.09229081,148/103,231.110484,21.87270467,147.0549179,1.084010952,0.300705803,37.99974467,Moderate,Former,Occasional,Balanced,None,None,None,65.41719239,Good,Excessive,2.041077013,9.46264493,8.800338177,Undergraduate,Medium,61
Male,165.6127565,90.19993297,135/88,227.0987534,32.88657483,134.0592042,1.676399219,0.659108638,42.82719328,Moderate,Never,Frequent,Balanced,None,None,None,71.30548052,Fair,Normal,3.270421806,1.566473784,11.43492376,High School,Medium,22
Male,171.4094578,85.86335716,176/100,227.380723,29.22390871,140.3215204,0.203976831,0.298374391,55.15189102,Moderate,Former,None,High-fat,None,None,None,40.50771741,Excellent,Insomnia,7.965425159,8.138291316,5.922110192,High School,High,85
Male,158.2374342,70.26253131,146/94,211.7953907,28.06114109,132.9393893,1.006675168,0.549801335,56.46944146,Moderate,Former,Occasional,Vegetarian,None,None,None,60.19165764,Fair,Normal,6.983269827,2.861808708,2.387001765,Postgraduate,Low,44
Male,179.0364506,87.18913964,129/92,197.6196535,27.20066196,119.5056472,1.498393962,0.630123028,47.93690439,High,Former,Occasional,Vegetarian,Diabetes,Regular,Heart Disease,100.7342953,Poor,Insomnia,4.603200348,8.703959082,4.309941891,Undergraduate,Low,34
Female,167.79196,72.0433621,153/118,243.7894728,25.58890358,121.9785595,0.350555623,0.2,63.63180261,Low,Former,None,Balanced,Heart Disease,Regular,Diabetes,46.21281739,Good,Normal,4.447912902,8.3557071,11.60655848,High School,Medium,87
Female,157.7312352,71.48577673,163/93,272.8099336,28.73321559,135.2193548,0.5390642,0.386284109,62.93188347,Low,Never,None,High-fat,Diabetes,Regular,None,66.01894123,Poor,Insomnia,3.037866446,4.807140565,5.986212285,High School,Low,68
Female,169.3309081,70.38388389,161/94,214.7213306,24.54713173,115.2307889,1.178467078,0.344165908,32.57317724,Moderate,Never,Frequent,Balanced,Hypertension,Regular,Hypertension,68.32646076,Fair,Insomnia,4.558208598,7.682067678,5.102272603,High School,Medium,46
Male,181.2430412,66.64046199,169/112,212.1107722,20.28688268,152.3999574,0.637606296,0.432762304,60.92731165,Low,Current,Occasional,Low-carb,None,Occasional,None,60.43015563,Fair,Normal,5.291539974,8.226362716,3.256308422,None,Medium,71
Male,190.409735,55.25386274,165/89,233.087653,15.23997826,136.0430343,0.885593647,0.474986709,47.10933013,Low,Never,Occasional,Balanced,None,None,None,48.9855302,Poor,Insomnia,4.732622223,9.303511771,9.418595801,High School,Low,54
Female,158.1488229,47.35594279,119/87,205.9704445,18.93400815,124.6528792,1.639544869,0.923322952,10.41658083,Moderate,Never,Frequent,Low-carb,None,None,None,66.49421838,Good,Normal,7.940224434,6.612653063,4.912139051,Postgraduate,Low,24
Female,164.5037744,60.02663127,164/106,233.1449781,22.18156772,142.4060226,0.545928026,0.2,72.58269092,Moderate,Former,Frequent,Balanced,None,Occasional,None,38.14645431,Excellent,Normal,3.988665017,1.549417853,10.18841416,Undergraduate,High,81
Female,153.7757905,76.94828995,128/82,186.8658017,32.54041117,120.469055,1.467814593,0.56763846,49.20379848,Moderate,Never,Occasional,High-fat,Heart Disease,None,Hypertension,62.77664529,Poor,Excessive,2.656369313,2.95926349,8.604575264,None,High,30
Female,166.6909273,71.60095461,140/105,254.2942644,25.7688411,144.9901156,0.384090682,0.2,64.56478904,Low,Current,Frequent,Low-carb,Hypertension,Occasional,None,56.04170365,Excellent,Insomnia,5.243861139,1.498381342,3.16753025,Postgraduate,Medium,75
Male,163.2337344,74.00192483,175/99,246.4568245,27.77302488,104.7934852,1.063143129,0.536646509,41.35550891,Moderate,Current,Frequent,Vegetarian,Diabetes,Regular,Hypertension,73.36725934,Excellent,Insomnia,7.093911487,1.989173595,0.956862689,Postgraduate,Low,57
Female,157.1311108,53.17184498,154/108,258.3496604,21.53561947,134.6324133,0.257194372,0.334483373,52.82323523,Moderate,Current,Frequent,Low-carb,Heart Disease,Regular,Heart Disease,72.61805892,Poor,Normal,4.261882701,7.37603096,7.196628133,None,Medium,71
Female,154.0795369,62.61247398,127/83,213.3117143,26.37369233,130.7013248,1.230801561,0.566908399,51.92442714,Moderate,Never,Occasional,Low-carb,Diabetes,None,Hypertension,63.60133069,Poor,Insomnia,9.154981726,8.350235884,1.768953404,Undergraduate,Medium,52
Male,171.0492833,64.83916205,151/94,221.7799558,22.16128178,123.1950019,1.05726575,0.571019061,43.88213235,Low,Former,Occasional,High-fat,None,Regular,None,89.4623131,Fair,Excessive,6.324393906,0.120625178,0.41150014,Undergraduate,Low,53
Female,169.8636355,76.71101972,126/103,222.9763851,26.58624033,132.5289763,0.9840677,0.574197991,45.13723183,Moderate,Former,None,Balanced,Hypertension,Regular,Heart Disease,51.95395208,Good,Excessive,4.688629058,5.249340842,5.725557209,High School,High,44
Female,162.4551697,73.52143076,138/86,213.7751443,27.85780395,112.8279634,1.497218274,0.761613429,37.73469322,High,Current,Frequent,Low-carb,Diabetes,Regular,Diabetes,86.04480274,Good,Normal,1.511565136,9.784944647,7.061202677,Undergraduate,Medium,35
Male,171.8021039,97.44525146,123/99,204.2411618,33.01442401,127.5671938,1.456125425,0.723969324,41.80249694,High,Never,Occasional,Low-carb,None,None,Hypertension,69.29963154,Fair,Excessive,4.039803884,7.030317,2.671243638,High School,Medium,23
Male,170.7035448,106.1769277,140/98,224.3632927,36.43720661,135.6325218,0.828877025,0.350542236,47.3753236,High,Former,Frequent,Low-carb,Hypertension,Regular,Diabetes,63.25491,Fair,Normal,1.355067576,0.144706415,1.430742934,Undergraduate,Medium,62
Female,155.3694614,54.96307237,130/93,247.4434792,22.7687758,123.6815525,1.515258481,0.899801177,29.37163527,High,Never,None,Balanced,Hypertension,Regular,Diabetes,82.80919338,Good,Excessive,8.505249404,5.535308854,7.393329605,High School,Medium,25
Male,175.3178639,78.5431712,141/84,207.8783984,25.55383529,111.8013358,1.619242613,0.665318033,39.82667451,Moderate,Former,Occasional,High-fat,Diabetes,Regular,Hypertension,72.3286222,Good,Insomnia,3.997769933,1.475238342,1.158605743,None,Medium,18
Male,164.9066275,91.35115502,131/80,196.7075482,33.59215169,129.0464466,1.6066044,0.907157874,37.28911593,Moderate,Current,Occasional,Low-carb,Hypertension,Regular,Hypertension,68.56897163,Poor,Insomnia,9.075189927,8.908267536,11.71788041,Undergraduate,Medium,25
Female,156.7113978,65.90309799,128/85,217.8414531,26.83518922,157.3576014,1.350700841,0.761260386,21.86880145,Moderate,Former,Occasional,High-fat,Heart Disease,None,Diabetes,55.30705254,Good,Normal,4.284614689,2.737099172,6.072435243,High School,High,40
Male,179.6229466,78.23167838,134/83,204.9866644,24.24705598,103.0164159,1.481209307,0.701788072,47.88463931,High,Never,Frequent,Vegetarian,None,None,None,75.54710152,Fair,Insomnia,7.471300049,4.967701131,0.494616551,Undergraduate,Low,19
Male,168.2562256,56.8152181,165/100,239.7257409,20.06884567,119.0193506,0.535965526,0.2,58.22743329,Low,Former,Occasional,High-fat,Heart Disease,Regular,Diabetes,45.91516438,Excellent,Insomnia,9.201108793,8.206273934,1.535399291,Postgraduate,Low,75
Female,151.8955425,58.12797476,153/97,200.1862738,25.19388447,173.1286171,0.809225912,0.252068079,54.80060404,Low,Current,None,Balanced,None,None,None,47.03859277,Good,Insomnia,7.408570793,5.799619805,1.068038136,Undergraduate,Low,65
Male,169.9883502,91.30491129,145/85,242.5701655,31.59772542,112.9284853,1.038743692,0.617782603,51.40759312,Moderate,Former,Occasional,Low-carb,None,Occasional,None,65.67969927,Excellent,Insomnia,4.392549745,1.003674951,7.605348475,Postgraduate,High,47
Male,171.1278614,95.75158381,123/91,260.767746,32.69674502,119.5838424,0.703771661,0.472663642,50.02368837,Moderate,Never,None,Low-carb,None,Occasional,None,53.32950547,Good,Normal,1.173240675,8.252149458,1.712662248,High School,Medium,55
Male,175.7538961,91.97861187,145/90,216.7169637,29.77672488,134.6624899,1.085771359,0.463659725,23.07700178,High,Former,None,Low-carb,Diabetes,Regular,Hypertension,78.03587978,Excellent,Normal,8.784945757,5.628998264,11.40412172,None,Low,35
Female,165.247158,73.91070541,146/84,191.1442405,27.06695176,127.1224007,1.39139318,0.556203908,34.91553961,Low,Current,Frequent,High-fat,None,Occasional,Heart Disease,57.7292572,Fair,Excessive,6.9396965,7.33460272,4.663872019,High School,Low,43
Male,182.3927088,89.45949988,122/99,213.5688551,26.89128277,146.7425506,1.294648155,0.743086445,29.99747976,Moderate,Never,Occasional,Vegetarian,Heart Disease,Occasional,Diabetes,72.69386979,Good,Normal,8.186463672,5.240376699,6.865197804,Postgraduate,High,23
Male,173.6745762,62.66660029,149/93,248.4731592,20.77608144,135.7565942,1.02144986,0.397958035,44.40433908,Low,Current,Frequent,High-fat,None,None,None,59.03362434,Fair,Insomnia,3.734264132,5.094827378,8.966090046,High School,Medium,45
Female,156.8142884,76.35620585,167/110,254.6928928,31.05082022,150.690799,0.451196113,0.219709334,53.91084978,Moderate,Current,None,Balanced,Hypertension,Regular,Diabetes,61.14536832,Poor,Insomnia,9.929138242,0.89613724,1.518745638,Postgraduate,High,77
Female,162.7707064,59.08695361,159/107,254.7205845,22.3017582,142.0680746,0.293188777,0.2,70.20194743,Moderate,Never,None,High-fat,None,None,None,71.99025199,Excellent,Normal,7.390264129,0.200235345,6.839793829,High School,Low,77
Male,173.8794786,77.07907637,151/99,189.4821404,25.4941093,144.4243859,0.596753537,0.296791642,45.72127695,Low,Never,None,High-fat,Hypertension,Regular,Diabetes,40.81316428,Good,Normal,9.049447687,0.098607283,8.134423393,High School,Low,62
Male,175.5180281,81.16083719,155/97,217.8227511,26.34529441,150.5866557,1.623740402,0.672031146,32.44549852,Low,Current,None,Balanced,Heart Disease,Regular,Heart Disease,66.53083353,Excellent,Normal,6.995736642,8.908569645,3.076867116,Postgraduate,Medium,23
Female,166.6864739,65.2056247,143/95,237.4280957,23.46844643,110.7862219,0.929800321,0.438587865,57.34744243,Low,Former,Occasional,High-fat,None,None,None,54.14921691,Fair,Insomnia,9.388921289,7.172635254,9.175424808,None,Medium,53
Male,179.7344993,79.54775455,154/84,175.9212168,24.62436458,94.61621434,1.093778501,0.568650781,28.37363184,High,Former,Occasional,Balanced,None,None,None,55.77611745,Fair,Insomnia,7.572197496,5.124747041,8.545416676,High School,Medium,45
Female,166.9022201,54.82788142,120/89,218.7807771,19.68236301,122.7029722,1.308722246,0.519153383,57.58267681,Moderate,Current,Occasional,Balanced,None,None,Diabetes,62.61465288,Excellent,Normal,3.034892743,8.467219904,3.702797971,Postgraduate,Low,40
Female,162.9458074,66.94955092,132/87,245.7577709,25.21513441,109.8534486,1.598048518,0.619514826,37.19857592,Low,Former,None,Vegetarian,None,None,Hypertension,64.42399372,Fair,Normal,9.546419323,3.290774169,1.138448552,Postgraduate,Low,29
Female,152.2709395,51.60247746,153/97,225.8817437,22.25545607,128.0029659,0.701720979,0.460903993,52.62822079,Moderate,Current,None,High-fat,None,None,None,66.3564014,Fair,Normal,6.908243658,0.184572255,9.982656765,None,Medium,57
Female,173.4761288,51.75154219,154/87,214.6375813,17.19664999,121.8097926,0.952810994,0.452262422,34.63658697,High,Never,Frequent,High-fat,Hypertension,None,Heart Disease,69.38855585,Good,Insomnia,8.257197527,1.641477406,5.310113776,High School,Medium,46
Male,176.6648068,85.75550383,154/104,236.7573661,27.47653205,118.6142072,1.164250817,0.693185484,21.16571707,Moderate,Former,None,Low-carb,None,None,None,56.6489811,Fair,Normal,5.731174503,9.471691917,7.142402171,Undergraduate,Low,42
Male,183.9535871,72.91395022,153/113,219.3614356,21.54736188,125.2579,0.186685332,0.210235683,71.13611811,Moderate,Never,Occasional,Balanced,Hypertension,Regular,Hypertension,64.74598919,Good,Normal,1.958028299,9.692406075,2.395783703,None,High,83
Female,165.1618883,65.0756018,135/93,244.794567,23.85604876,113.0696461,1.684317423,0.751491483,25.00539126,High,Never,Frequent,Vegetarian,None,None,None,68.87249382,Fair,Insomnia,3.525311944,5.567983844,8.504742959,None,High,24
Female,155.733785,41.63240645,146/102,245.2102296,17.16587069,158.7833053,0.450390431,0.251922325,69.09181322,Moderate,Current,None,Balanced,None,None,Diabetes,76.1508935,Good,Normal,4.485620563,6.002025471,6.163832062,Undergraduate,Low,73
Female,166.6660047,56.08361821,165/96,243.6060813,20.19026294,154.8329928,0.156194404,0.250110881,47.93100678,High,Current,Occasional,High-fat,Hypertension,Regular,Diabetes,56.43812391,Good,Insomnia,9.364831705,1.536185535,2.160216541,High School,High,78
Male,192.2448985,78.69312206,141/89,165.2019021,21.29252313,107.5117794,1.28996614,0.75782737,42.46059237,Moderate,Current,None,High-fat,Hypertension,Regular,None,53.97897229,Good,Normal,9.693950451,9.117732818,11.39004606,Postgraduate,Medium,31
Female,165.0557719,58.83928785,137/83,238.1285137,21.59762397,137.0439704,1.378954908,0.517102027,29.72100908,High,Never,Occasional,Balanced,None,None,None,63.21406392,Poor,Normal,9.044276889,8.838293235,3.803563844,Undergraduate,Low,42
Female,167.8190452,67.36098164,178/96,211.6382574,23.91805806,143.2622476,0.301523871,0.273664658,70.51479594,High,Current,Occasional,Vegetarian,None,Occasional,None,59.90617496,Fair,Normal,5.903079886,1.405848312,10.43628242,Undergraduate,High,78
Male,189.2604745,81.76492193,144/81,241.8628305,22.82691267,149.57117,0.67625902,0.321524831,54.93057289,Low,Current,None,Low-carb,None,None,None,56.022906,Good,Normal,1.141051365,4.179982597,1.027550769,None,Low,67
Female,163.4756623,63.57719503,168/101,239.142565,23.7900389,133.3042625,1.112226099,0.362580073,46.38152896,Moderate,Never,None,Balanced,Diabetes,Regular,Heart Disease,58.97309851,Good,Normal,9.434304701,1.670417813,8.611747036,Undergraduate,Low,55
Female,154.8795204,71.44053629,156/84,206.0219901,29.7821959,137.7954036,0.5650812,0.372733028,54.31783708,Moderate,Former,None,Balanced,Heart Disease,Regular,Diabetes,57.44819368,Good,Insomnia,7.465973273,3.920295348,10.8591542,Undergraduate,Medium,70
Female,168.6161804,73.60705173,131/72,248.3810932,25.88933699,100.6546113,1.461985374,0.767083396,38.84157622,Moderate,Current,None,Low-carb,Diabetes,Occasional,Hypertension,75.3997354,Fair,Normal,1.273576733,4.336225869,6.834142432,Postgraduate,High,31
Female,170.6091383,52.07624546,149/109,264.8266859,17.8910194,128.0342743,0.529799336,0.415593582,65.83549103,Moderate,Never,None,Vegetarian,Diabetes,Regular,Heart Disease,47.95336651,Poor,Insomnia,7.943363873,0.202175201,8.049120261,High School,Medium,68
Female,165.6970565,70.56578022,117/100,250.4330453,25.70186041,113.4963262,1.392586319,0.65495301,41.70598881,Moderate,Never,None,Vegetarian,Hypertension,Occasional,Hypertension,59.85050469,Excellent,Normal,5.37238503,0.859737353,10.11998826,Undergraduate,High,33
Female,174.2478962,78.52244142,134/89,260.5581618,25.86179755,130.1817641,1.255649571,0.814894822,46.42801082,Low,Never,Occasional,Balanced,None,Occasional,None,87.77717076,Good,Excessive,3.0443418,3.896260174,7.277493307,Undergraduate,High,28
Male,163.7687991,75.06653393,130/90,252.2135496,27.98878426,143.8402449,1.036864859,0.393958047,34.71326149,Moderate,Never,Occasional,Low-carb,Heart Disease,Regular,Diabetes,85.02697095,Fair,Excessive,3.403548462,4.401442065,9.551678923,Undergraduate,Low,45
Male,171.6973664,80.70503812,157/92,222.2494295,27.37621352,110.3239438,1.175724902,0.819321413,22.63111237,Low,Current,None,Balanced,Hypertension,Regular,Heart Disease,78.64182645,Fair,Normal,9.105908957,5.702379646,4.391956899,Postgraduate,Medium,28
Female,156.3850126,54.24106171,178/99,251.4633406,22.17879378,146.0631197,0.377447143,0.2,59.31970002,Low,Never,None,Balanced,Diabetes,Regular,Heart Disease,48.66279181,Good,Normal,9.692123771,0.082362416,10.5566464,None,High,76
Female,162.7645714,59.88348977,138/99,237.7403017,22.60410642,113.6060502,1.093044667,0.502359983,34.42578001,Moderate,Former,None,Balanced,Hypertension,Regular,Diabetes,77.17096703,Good,Excessive,9.889040145,4.734349032,9.629420946,Undergraduate,Low,39
Female,164.9642401,78.52942048,140/82,235.8419564,28.85710574,124.710606,1.211193696,0.718259996,30.55809481,Moderate,Current,None,High-fat,Diabetes,Occasional,Hypertension,77.86093815,Fair,Excessive,8.657223415,5.100193797,8.628205854,Postgraduate,Medium,32
Male,176.7974828,77.25832947,181/96,245.0125898,24.71685209,136.781274,0.450925996,0.2,44.9239296,Low,Never,Occasional,Balanced,None,None,None,59.18197707,Good,Insomnia,7.372101978,8.684625789,4.601554015,High School,Medium,82
Female,155.2650941,74.72710393,158/104,273.978122,30.99777274,162.8147094,0.337251923,0.300118176,66.65402156,Low,Former,None,High-fat,Heart Disease,Regular,Heart Disease,67.33412702,Fair,Normal,6.229956202,5.059833292,4.783696022,None,Medium,78
Female,165.1818973,74.75556972,149/106,193.3412102,27.39798699,133.5119063,1.313150397,0.511049315,36.89740098,Moderate,Never,Occasional,High-fat,Hypertension,Occasional,Diabetes,51.39668355,Good,Insomnia,2.17549684,9.629539536,7.618033872,Postgraduate,Medium,41
Female,163.3001346,67.95665551,127/74,246.767228,25.48349039,112.9231058,1.530998858,0.869679733,35.22324797,Low,Never,Frequent,Balanced,Diabetes,Occasional,Heart Disease,62.11365486,Poor,Insomnia,1.730690083,6.271383941,4.036424543,Undergraduate,Low,22
Male,180.5840386,64.32144784,152/82,226.4992987,19.72409515,94.0670021,1.400652203,0.883219819,35.15763031,Moderate,Never,Occasional,Balanced,None,None,None,84.73229755,Fair,Normal,9.462845379,2.936764134,4.988442939,Undergraduate,Medium,23
Female,161.9287415,70.36611725,145/87,200.1065467,26.83587168,139.8669928,1.482467108,0.66555116,24.87135246,Low,Former,Frequent,High-fat,Hypertension,Regular,Diabetes,57.20473749,Excellent,Insomnia,8.69108652,6.858544924,0.214541808,High School,Low,35
Male,164.8631081,65.94517463,152/107,231.2087338,24.26252837,113.4323361,1.186558149,0.41744882,58.34262758,Low,Current,Occasional,High-fat,None,None,Diabetes,67.21848372,Fair,Excessive,2.622611176,7.241359788,9.746874463,Undergraduate,Medium,60
Male,170.2953959,66.22651074,150/96,233.4311707,22.83631688,134.5484752,0.173068906,0.2,51.96061459,High,Current,Occasional,Low-carb,None,None,Diabetes,57.07451709,Excellent,Excessive,6.146943294,3.05563061,5.94629548,Undergraduate,Low,89
Male,181.2268754,96.45369257,164/97,295.7374741,29.36795142,167.8335593,0.609129093,0.328671316,68.18731474,Moderate,Never,None,Low-carb,None,Occasional,None,58.40165273,Good,Normal,7.329747762,8.912626489,7.630494328,Postgraduate,Low,69
Female,166.8398587,62.71568079,149/98,204.3156633,22.5307949,114.551051,0.98949626,0.555181826,60.47423363,Moderate,Current,None,Low-carb,Diabetes,Regular,Diabetes,57.16776968,Good,Normal,5.050256608,5.837541888,3.37889143,None,Low,49
Female,155.9494019,49.70251045,154/100,236.0918669,20.43670606,123.9932563,1.05293966,0.451227789,52.75178982,Moderate,Never,None,Balanced,None,Regular,None,40.19714666,Good,Normal,2.516685329,4.559244243,9.765910801,High School,Medium,55
Female,169.2790751,70.3289172,150/97,243.5617168,24.54298466,131.3496984,0.808621146,0.430179417,38.88892511,Low,Former,None,Balanced,Hypertension,Occasional,Hypertension,58.29731308,Good,Insomnia,2.065571573,7.560716102,1.177426487,High School,High,62
Male,185.2795159,84.58069694,123/112,229.6989136,24.6386237,127.121978,0.95080053,0.691523355,55.17895263,Low,Never,None,Balanced,None,None,None,50.01965142,Good,Insomnia,2.211932452,5.186150316,9.21688783,None,High,43
Female,178.6102416,62.484481,140/100,209.943628,19.58661789,111.699257,0.910805818,0.640694348,43.29693464,High,Never,Frequent,Low-carb,Heart Disease,Regular,Heart Disease,72.35259612,Fair,Normal,9.949879023,0.383074668,1.947270871,Postgraduate,Low,35
Male,175.6097435,67.90658874,169/95,252.541426,22.01986728,131.2748791,0.702592607,0.464076038,42.99964011,High,Current,Occasional,Balanced,Diabetes,Regular,Heart Disease,61.72495205,Poor,Insomnia,8.186450802,9.64509556,1.814920058,None,High,62
Female,162.7799894,54.36963727,125/88,250.7011326,20.51891555,137.4491108,1.178914995,0.524695025,49.7526583,Low,Former,Frequent,Low-carb,Hypertension,Regular,Diabetes,79.46487381,Fair,Normal,7.058446595,9.972045079,9.362303154,High School,Low,43
Female,164.0405365,59.20242442,154/102,220.8646131,22.00073197,147.5100538,1.275828309,0.564122796,36.41048557,High,Former,None,Balanced,None,Occasional,None,54.54148178,Fair,Normal,3.180120941,2.433438835,10.52975035,None,High,46
Female,162.1966418,65.21222651,155/99,258.0448451,24.78821829,133.7704899,0.813522006,0.413684755,36.70563786,Moderate,Former,None,High-fat,None,Regular,Diabetes,83.24878187,Poor,Insomnia,5.787018619,9.541306031,10.82815268,Undergraduate,Medium,56
Female,169.0618762,59.23210037,165/110,301.7514965,20.72362688,125.3732166,0.442445423,0.227811511,65.98583734,Moderate,Current,Occasional,High-fat,None,None,None,65.40510688,Good,Insomnia,3.474724298,1.384426345,1.437203183,Undergraduate,Low,78
Female,160.2399608,60.54652205,154/79,180.5470807,23.58020308,131.0200443,1.472906515,0.780833671,24.0382455,Moderate,Never,Occasional,Low-carb,Diabetes,Regular,Hypertension,81.07176098,Excellent,Normal,9.615851662,9.955480753,8.765977753,High School,Low,21
Female,163.0198472,72.01823041,140/101,206.7790902,27.09951274,137.8428343,0.833667578,0.462141403,42.97309859,Low,Current,Occasional,Balanced,Heart Disease,Regular,Hypertension,55.13845929,Fair,Insomnia,7.174658399,4.400063186,4.551585512,Undergraduate,Medium,65
Male,174.7554095,69.11208129,137/88,216.0445136,22.63042529,145.5737892,0.893962189,0.470122291,49.21011232,Low,Never,Frequent,Low-carb,None,None,None,56.49815147,Good,Normal,2.420442832,1.37214812,7.069396126,Postgraduate,High,49
Female,167.1765276,56.69929505,157/112,242.3556691,20.28743115,156.1092836,0.283589679,0.2,71.0015003,Moderate,Never,None,High-fat,None,None,Hypertension,61.13390993,Fair,Normal,1.171893519,0.340956979,8.217644348,Postgraduate,High,83
Female,159.7102134,72.40125664,144/87,239.0492014,28.38446573,135.6279101,0.993758888,0.553407666,44.08499424,Moderate,Never,Frequent,Vegetarian,None,Occasional,None,75.05131329,Good,Normal,9.189595569,9.155919855,3.947949296,Undergraduate,Medium,47
Male,174.6249024,85.03986494,147/78,239.3356417,27.88754019,102.5224552,1.484325518,0.866861611,35.38465037,Moderate,Former,None,Low-carb,Hypertension,Regular,Hypertension,62.54902453,Good,Normal,6.768250972,5.231830675,10.78974346,Undergraduate,Medium,20
Female,160.3934069,78.2270322,142/90,216.6311972,30.40771805,113.2487931,1.10834276,0.544529158,41.70272568,Moderate,Former,Occasional,Vegetarian,None,None,None,66.55521682,Good,Excessive,7.515858387,6.619495865,5.294950517,Undergraduate,Low,43
Male,171.3975003,81.7301839,160/95,206.689094,27.82104946,126.2182377,0.769668998,0.463733288,46.37421337,Moderate,Current,None,Balanced,Heart Disease,None,Diabetes,70.97696353,Excellent,Normal,2.015824759,4.312457912,8.243472831,High School,High,67
Male,165.9734995,76.38104231,144/108,242.6845519,27.72733173,121.0003038,0.667760702,0.351162,48.33652061,Moderate,Former,Frequent,Balanced,Heart Disease,Occasional,Heart Disease,71.03391932,Fair,Normal,6.520513853,2.72531169,3.29008629,None,Low,71
Male,178.2505606,94.69132951,138/88,200.2389707,29.80220555,124.6296454,1.803452445,0.701930538,29.24016421,Moderate,Never,None,Low-carb,Hypertension,Occasional,None,66.58910869,Excellent,Normal,2.38576916,3.768196061,7.538191254,Undergraduate,Low,26
Male,164.1420097,96.9421069,110/83,247.7675485,35.98097782,90.90353387,1.502833477,0.820650157,12.0541967,Moderate,Former,Occasional,Vegetarian,Diabetes,Regular,Diabetes,60.18610243,Fair,Excessive,6.752302643,8.207824492,0.708040008,Postgraduate,Low,22
Female,162.7675632,71.35726526,146/84,207.5319227,26.93410036,100.6621706,1.404798211,0.90363428,26.68705039,Moderate,Never,None,Vegetarian,Hypertension,Occasional,Diabetes,76.71800757,Fair,Normal,9.92437998,9.832159867,7.620294794,High School,Medium,21
Male,178.773879,103.0572743,146/85,235.496423,32.24560465,152.3992053,0.808337241,0.42592757,30.48859526,Moderate,Current,None,Balanced,Diabetes,Regular,Heart Disease,67.24062088,Poor,Insomnia,9.928346264,1.028328161,0.635674873,Postgraduate,High,55
Female,162.1771575,75.47034532,127/83,218.2192582,28.69438816,114.1831571,1.744062788,0.889981572,43.21695883,Moderate,Never,Occasional,High-fat,Heart Disease,Regular,Diabetes,76.27616986,Fair,Normal,7.991482325,3.71416912,0.472681955,High School,Medium,18
Female,154.696789,67.55707932,135/90,198.8694076,28.22983026,90.42706687,1.573838695,0.888464186,22.73646378,Moderate,Current,None,High-fat,None,None,None,88.09441284,Good,Normal,1.10289409,4.274505332,4.924051132,Postgraduate,Medium,26
Male,155.3422694,78.10804911,164/110,279.1891314,32.36804726,117.0450612,0.243100699,0.2,68.87057535,Low,Current,Occasional,Low-carb,Diabetes,Occasional,Hypertension,54.26548658,Good,Normal,2.693571814,0.083048411,11.64068832,High School,High,86
Female,161.1279617,62.2405174,143/80,222.5196203,23.97349583,124.8323329,1.499153843,0.640246583,42.25541294,Moderate,Former,Occasional,High-fat,Hypertension,Occasional,Heart Disease,59.87973186,Excellent,Normal,6.905347431,8.549256565,3.032155533,High School,Medium,36
Female,159.6883005,40.52269449,132/78,203.2616642,15.89103256,132.4157847,1.387305715,0.744341763,22.74349516,High,Never,None,Low-carb,None,None,None,75.26583045,Good,Excessive,7.758355542,0.639231642,8.576249393,Undergraduate,High,27
Male,172.4548849,82.64961194,99/83,238.7255518,27.79008133,106.3115299,1.444910734,0.673992081,44.64948838,High,Former,Frequent,Vegetarian,Diabetes,Regular,None,59.0787717,Fair,Normal,7.693631335,5.280584219,4.934728352,High School,High,32
Female,163.8883768,52.12833851,147/93,227.7890681,19.40785662,102.9834001,1.191377248,0.764504101,37.48490806,Low,Former,Occasional,Low-carb,None,None,None,72.95359696,Fair,Excessive,1.441482153,8.865306707,6.747390033,High School,High,36
Male,176.3264846,79.40980993,167/99,263.7836562,25.54106828,140.0549306,0.353137236,0.2,59.53504832,High,Former,None,Vegetarian,Hypertension,None,Heart Disease,54.09817886,Good,Normal,3.036977558,4.685798044,5.098415125,High School,Low,79
Male,178.9178934,93.9231017,133/89,224.7845632,29.34032186,121.006321,1.284828218,0.585462063,56.24774112,Low,Former,Occasional,Balanced,None,None,None,76.08580364,Excellent,Insomnia,8.678002502,2.197503002,0.777266394,Undergraduate,Low,52
Male,183.689988,80.29720688,165/89,237.6636389,23.79739763,143.622051,0.388512182,0.2,72.203514,High,Former,Occasional,Balanced,None,None,None,39.60015202,Poor,Insomnia,5.213958365,2.505134732,0.961105931,High School,Medium,86
Male,175.4102624,65.26605721,119/68,219.5183901,21.21179302,119.4446698,1.35288373,0.733568545,38.30344838,Moderate,Never,Occasional,Balanced,None,None,None,81.53927791,Good,Insomnia,1.483274691,3.134055615,1.793182826,Undergraduate,Medium,28
Male,177.2409042,89.03611905,136/81,219.100029,28.34250996,140.8978739,0.96154649,0.507567941,38.92839256,Moderate,Never,Frequent,Balanced,Hypertension,Regular,Heart Disease,81.11202765,Good,Insomnia,4.442515576,4.111609658,8.072550318,Undergraduate,Medium,49
Female,160.8776549,65.95462041,140/82,216.1048285,25.48318877,166.5899097,1.365838202,0.482837914,31.91409994,Low,Former,None,Balanced,None,None,None,59.82477619,Poor,Normal,6.710951268,6.843854246,6.405239309,Undergraduate,Low,32
Male,166.0567981,98.92845044,140/111,227.7094068,35.87631984,96.08161134,1.239685554,0.630649824,36.91070296,Moderate,Former,None,High-fat,Diabetes,Regular,Heart Disease,88.37670458,Fair,Normal,2.56763986,1.004947592,8.858180727,Undergraduate,High,43
Female,164.3512876,54.6540204,161/96,208.5060823,20.23372732,118.4854292,1.13607932,0.512679116,34.09845777,Moderate,Former,Occasional,Balanced,None,None,None,68.84500569,Fair,Normal,7.432225605,5.678387463,11.72446504,High School,Low,43
Female,155.9238866,47.40041118,138/90,231.9641933,19.49650681,137.7912956,1.207875259,0.608849182,40.60041883,Low,Former,Occasional,Vegetarian,None,None,Diabetes,75.8058399,Excellent,Insomnia,2.43376734,4.838613503,2.621077544,Undergraduate,Medium,41
Male,173.9632371,75.11363819,125/92,212.2865415,24.82011771,111.3281411,1.566063119,0.695020871,27.53614208,High,Never,Frequent,Balanced,Hypertension,Occasional,Heart Disease,57.64481578,Fair,Insomnia,2.065614257,2.5065598,1.676887915,High School,Low,29
Male,163.0676463,79.00239769,140/93,207.24713,29.71013785,115.4000489,1.283491281,0.920054318,43.18003107,Moderate,Never,Frequent,Low-carb,None,None,None,58.544611,Fair,Insomnia,2.552042202,0.207413428,0.378972146,Undergraduate,High,25
Female,163.571164,77.34169859,155/94,290.8856089,28.90681331,148.526206,0.583126577,0.218543604,76.7459303,Moderate,Former,Occasional,Balanced,Diabetes,None,None,58.77464664,Fair,Insomnia,8.21751688,7.26818641,9.519754157,Undergraduate,Medium,83
Male,170.4021517,67.0602192,131/102,179.7178125,23.09483266,146.526571,0.950295043,0.430613636,46.56249321,Moderate,Former,Frequent,Balanced,None,None,None,62.46729243,Fair,Normal,2.305588552,1.206873052,7.533583772,None,Low,46
Male,174.7820512,84.01038732,135/90,246.1341605,27.50041978,124.1809658,0.968470189,0.621347316,38.5353891,Moderate,Never,Occasional,Balanced,Heart Disease,Regular,Diabetes,83.34199526,Good,Normal,6.369966162,2.873536617,7.109836856,High School,Low,51
Male,174.7833824,81.44646831,117/87,194.4291565,26.66072641,117.1504617,1.636971518,0.786594586,37.58602164,Low,Never,None,High-fat,None,None,None,66.09985165,Good,Insomnia,9.269668461,4.005953741,2.308117878,High School,High,23
Male,176.5293395,97.54805219,128/75,203.5818501,31.30291699,163.5647415,1.728965314,0.925259317,25.48103176,Low,Never,None,Balanced,Hypertension,Regular,Heart Disease,66.04390631,Poor,Excessive,2.257321855,8.531118242,4.799520881,Undergraduate,Medium,18
Male,183.6968652,91.57877263,149/100,243.4273527,27.138843,143.8209577,0.746337834,0.371833814,42.80615644,Moderate,Current,Occasional,High-fat,None,None,None,60.03994969,Good,Excessive,8.052604682,6.599242953,6.211777068,None,High,74
Female,151.4268223,47.33880677,178/119,259.2250279,20.64484797,146.4985981,0.379657375,0.276920322,36.56854695,Moderate,Never,Occasional,Vegetarian,None,None,Diabetes,55.36137721,Good,Normal,4.964829833,5.194527665,7.58389613,Postgraduate,Medium,82
Female,163.5659444,79.24580071,150/93,235.8924775,29.62037053,141.0695183,0.51924976,0.2,69.88091369,Moderate,Never,None,Vegetarian,Hypertension,Regular,None,62.18703078,Fair,Normal,2.06955221,3.118901498,5.324859329,None,Low,81
Male,172.8781997,89.07544074,149/89,260.7326037,29.8042033,156.606411,0.603002333,0.2,51.82169458,Low,Never,Occasional,Balanced,Diabetes,None,Heart Disease,60.51538881,Good,Excessive,9.503880777,0.061286473,5.569622246,None,High,70
Male,174.9285419,83.38088658,131/91,213.1001006,27.24866039,109.6031851,1.775313596,0.833973548,25.39399336,High,Never,Frequent,High-fat,Diabetes,Regular,Hypertension,77.90940994,Poor,Excessive,7.078191643,5.489386785,0.042130211,None,Low,26
Female,164.0046144,57.7981492,106/83,189.9535419,21.48828705,97.82072345,1.534893325,0.951910454,25.6477055,Moderate,Never,Frequent,Balanced,None,Occasional,None,91.87325696,Fair,Normal,6.928519008,1.505408133,11.07702983,Undergraduate,Medium,18
Female,162.5940867,59.77585272,168/97,225.6039987,22.61081863,125.4061372,0.450546553,0.251588596,74.65491944,Moderate,Current,Occasional,Balanced,Hypertension,Occasional,Hypertension,71.79091016,Poor,Insomnia,8.352716054,6.535607255,10.07245036,Postgraduate,Low,77
Male,181.1511392,73.38199513,137/88,204.1315714,22.36183179,142.8488337,1.300844788,0.577271448,30.99259723,Low,Former,None,Low-carb,Hypertension,Regular,Diabetes,50.68293998,Poor,Excessive,2.562753814,2.230126414,6.307572336,None,Medium,31
Female,164.9002016,81.52502964,142/89,237.6019398,29.98117103,100.2960583,1.238269534,0.702395793,53.08069361,Low,Former,None,Low-carb,Diabetes,Regular,Heart Disease,76.3068066,Poor,Normal,8.968948879,0.664907952,11.43655903,High School,Medium,31
Female,164.2417886,83.74708803,143/106,214.4563851,31.04576624,120.7155046,0.717768932,0.236811362,63.1465885,Low,Former,None,High-fat,None,None,None,83.29312835,Fair,Normal,4.486000788,8.416917681,2.632416781,Undergraduate,High,65
Male,178.7909396,80.75348084,158/81,223.6540032,25.26214583,123.9053448,0.621593501,0.312310296,47.12924506,Low,Former,None,Vegetarian,None,None,Hypertension,66.11634378,Good,Insomnia,4.207541511,5.817855262,1.194576462,High School,Medium,55
Male,176.5266496,88.50964575,152/96,240.6864513,28.40338138,140.9804348,1.05598549,0.447397236,37.41048495,High,Current,Occasional,Balanced,None,Occasional,None,60.02625885,Good,Normal,6.133385803,2.505084359,3.734464312,Postgraduate,Medium,47
Female,164.920449,66.97313412,149/97,198.5004475,24.6236033,138.5360506,1.364266915,0.539331695,54.6083134,Moderate,Former,None,Balanced,None,None,None,68.54424412,Excellent,Normal,7.720934002,3.254689887,8.018844204,Undergraduate,Medium,34
Male,168.1966042,86.88092593,127/80,230.6991214,30.71071967,98.16405765,1.310911861,0.845291326,52.50649042,Moderate,Former,Frequent,Balanced,Hypertension,Occasional,Hypertension,75.83295138,Poor,Excessive,4.640647628,2.915138583,2.812868933,Undergraduate,Low,27
Female,158.647153,66.76431846,156/104,219.7357104,26.52649406,142.3005787,0.407095548,0.2,79.91321145,Moderate,Current,Frequent,High-fat,Diabetes,Regular,None,66.63998186,Fair,Normal,1.9297043,1.976477811,5.755583474,Postgraduate,Medium,89
Male,181.6163509,65.66960193,152/103,201.8480308,19.90923133,132.9876692,0.534272327,0.24138379,51.86918923,Moderate,Current,Occasional,Low-carb,Hypertension,Occasional,Diabetes,48.03435481,Good,Insomnia,1.399121758,3.084210888,8.152902691,Undergraduate,Medium,75
Male,168.4997151,72.45376176,152/93,239.6933035,25.51893802,110.92185,1.166076443,0.464579153,29.30401037,Moderate,Former,Frequent,Balanced,Heart Disease,Regular,Hypertension,70.70039151,Excellent,Insomnia,6.296375473,5.372055564,9.43040228,Undergraduate,High,47
Female,167.4338754,66.52319793,165/88,235.1608015,23.72938374,141.630928,0.001391053,0.2,71.5847029,Moderate,Former,Occasional,High-fat,Heart Disease,Regular,Hypertension,68.10246483,Fair,Normal,7.57420031,4.106762483,3.355936884,Undergraduate,Medium,83
Male,169.1053092,64.79267974,156/101,248.4118501,22.65747224,127.8786871,0.901652889,0.417784986,42.34644714,Low,Current,Occasional,Low-carb,None,None,None,67.34991788,Fair,Normal,7.432091838,3.839601263,9.250780852,None,Low,64
Female,157.6619058,61.83926641,103/91,217.7087767,24.877732,119.547389,1.575373249,0.789380884,12.42639148,Moderate,Current,Frequent,Balanced,Hypertension,Occasional,Hypertension,61.88989401,Fair,Normal,8.060591221,5.961627979,10.7200997,None,Medium,25
Male,177.7104059,101.8872497,147/78,208.7502444,32.26221059,139.8058805,1.088346545,0.569946737,32.14392351,Low,Former,Occasional,Vegetarian,Diabetes,Occasional,Hypertension,68.1284956,Good,Insomnia,6.1504101,1.921076392,9.521299096,None,High,37
Female,162.7532717,63.18441078,142/91,237.3142785,23.85341065,103.2171945,0.767619416,0.455725378,63.20610791,High,Never,Occasional,Low-carb,Hypertension,Regular,Hypertension,72.58568214,Good,Normal,1.291107591,6.469283411,6.651542538,Undergraduate,High,61
Female,167.697849,47.84906653,127/115,228.8242897,17.01447236,128.1677281,0.849356585,0.313111871,41.21603228,High,Former,Frequent,Low-carb,None,None,None,60.44313015,Poor,Insomnia,4.543085655,3.027553706,5.527964937,High School,Medium,53
Male,165.0312428,71.45676596,128/89,237.2070294,26.23680915,142.5018359,1.707774727,0.786477653,28.6475866,Moderate,Former,None,Vegetarian,Diabetes,Occasional,Heart Disease,65.67065904,Excellent,Normal,1.574882055,3.564178552,7.212921588,Undergraduate,Medium,23
Male,185.7688052,71.19954615,153/82,250.8496288,20.63154016,149.4595033,1.372571212,0.438713655,40.08903398,High,Current,None,Balanced,Heart Disease,Occasional,None,76.4097375,Poor,Excessive,9.753247293,0.582377827,1.874127965,None,Medium,44
Male,174.0985802,63.07682566,166/106,212.8270117,20.81034933,143.7917029,0.504167426,0.2,70.39610382,High,Current,Occasional,Low-carb,Heart Disease,Occasional,Diabetes,47.48082607,Excellent,Normal,8.682007273,5.887230903,10.4845101,Undergraduate,Medium,80
Female,169.528469,77.51528869,147/111,263.2443182,26.97131299,119.7840812,0.38349164,0.2,36.07398225,Low,Former,None,High-fat,Hypertension,Regular,None,54.54028475,Poor,Insomnia,6.32235493,5.46736948,6.683381024,Undergraduate,Medium,80
Male,179.3449823,62.87945233,183/108,230.9037739,19.54925851,125.6470933,0.947117232,0.490364425,39.93123823,Moderate,Never,Frequent,High-fat,Diabetes,None,Hypertension,65.27538635,Good,Normal,4.506903232,0.006394609,5.599930581,High School,High,59
Male,178.001747,67.02785516,174/102,219.9026088,21.1546962,109.0773731,0.462947449,0.246812065,55.95612886,Moderate,Current,None,Vegetarian,Heart Disease,Regular,Heart Disease,67.8932312,Excellent,Insomnia,3.799407878,3.114954247,2.737066377,High School,Low,76
Female,158.6336949,62.49166328,143/99,186.662332,24.83311526,140.3941507,0.607508841,0.2,49.63624023,High,Former,None,Balanced,None,None,None,60.07888738,Good,Normal,6.911267694,7.852420217,6.59427297,Undergraduate,High,75
Male,183.1353374,90.81555453,118/81,216.8695385,27.07795945,97.86085081,1.721078028,0.882866978,14.5703856,High,Never,None,Low-carb,Diabetes,Regular,Heart Disease,66.36890993,Good,Normal,3.368732538,3.381079913,1.288247696,Undergraduate,Low,18
Male,165.6289341,69.37198179,167/97,212.6945738,25.28783725,138.5658523,0.833091428,0.26419667,53.13240514,High,Never,None,High-fat,Diabetes,Regular,Diabetes,63.68462838,Good,Normal,3.457349496,9.084948675,5.574403016,High School,High,65
Male,169.0101546,69.52947948,129/96,232.2650689,24.34127821,118.2739433,1.28853005,0.741983942,61.31871805,Moderate,Never,None,Balanced,Hypertension,Occasional,None,79.85267286,Poor,Excessive,4.403272036,0.255238446,8.727175903,Postgraduate,Low,27
Female,155.0041549,66.02690517,156/111,290.1802827,27.48110947,116.4890469,0.174400561,0.2,64.79916649,Moderate,Current,Frequent,Vegetarian,Heart Disease,Occasional,Diabetes,35.3612483,Fair,Normal,9.135118057,0.443442126,3.86929525,Undergraduate,Medium,88
Female,160.551481,74.43015909,144/93,220.289625,28.87488846,129.6712023,0.915407354,0.309266534,61.93889806,Low,Former,None,Balanced,Diabetes,Occasional,Hypertension,68.38514282,Fair,Insomnia,7.846142622,0.482441231,4.459476124,High School,Medium,70
Male,180.2673836,72.94269681,174/114,276.8911643,22.44644171,95.4005653,0.572225235,0.2,63.47299513,Moderate,Never,None,Balanced,None,None,None,53.18126176,Good,Excessive,2.917117756,1.037494246,4.120921366,Undergraduate,Medium,86
Female,151.4894645,76.28832747,144/81,242.9836518,33.24246597,113.7248574,1.508850881,0.51662659,41.00666188,Moderate,Never,Frequent,High-fat,Hypertension,Regular,None,67.78767429,Poor,Insomnia,2.708010041,8.507077917,8.434791394,None,Low,33
Male,173.7788925,71.03084896,122/98,206.5440691,23.52084692,162.4917796,0.918117408,0.291813306,60.85130744,Low,Current,None,Low-carb,Hypertension,Regular,Diabetes,73.67498303,Fair,Normal,7.85706213,0.995886483,4.76101111,None,High,59
Male,174.2032266,85.19567514,124/84,192.6984178,28.07405584,121.2677801,1.661285444,0.723897948,40.07390411,Moderate,Never,Frequent,Balanced,None,None,None,71.33043225,Fair,Excessive,4.495301899,5.964100266,6.008359534,Postgraduate,High,24
Male,181.2109138,93.00334796,138/91,224.9142886,28.32238889,141.9096644,0.662819824,0.35773861,31.10987609,Moderate,Never,None,Balanced,Diabetes,Regular,Heart Disease,72.67117823,Good,Normal,7.915284934,2.888294299,4.908092841,Undergraduate,Low,58
Male,186.3004004,54.65742582,148/99,274.486942,15.74786189,114.8664138,0.369415997,0.335031883,55.21982378,High,Former,Frequent,Low-carb,Heart Disease,Regular,Diabetes,70.77003239,Fair,Insomnia,9.677312163,3.24551906,9.584454886,High School,Medium,71
Female,163.7759894,75.05251962,146/108,219.8233982,27.98110192,107.7167555,0.523427612,0.534700066,43.46312418,High,Current,None,Low-carb,Hypertension,Occasional,None,63.55523369,Excellent,Insomnia,5.965342773,3.167486487,1.516138824,High School,Medium,67
Male,177.2049127,87.4890822,117/77,202.4309187,27.86136211,128.7904915,1.38355365,0.849475739,33.12543091,Low,Never,None,Balanced,Diabetes,None,Heart Disease,85.92648059,Excellent,Insomnia,4.34104883,6.460102909,4.274979037,Undergraduate,High,19
Female,153.1434742,62.85874969,132/99,196.9925279,26.80209536,100.4093641,1.509522298,0.821868215,20.30953729,Low,Never,Frequent,Low-carb,Hypertension,Occasional,Hypertension,69.89788845,Fair,Normal,1.540766415,9.729019712,5.585267647,Postgraduate,Low,21
Male,166.6992956,76.10309678,141/82,229.4821545,27.38639072,129.3877376,1.766890233,0.89319427,20.26401222,Moderate,Former,None,Vegetarian,None,None,None,89.42746183,Excellent,Insomnia,9.265314833,7.777582542,11.71938863,High School,Low,21
Male,169.7323452,81.84499435,156/103,281.0529325,28.40945479,130.9838199,0.422460434,0.331294406,25.25251062,Moderate,Never,Occasional,Low-carb,None,None,None,54.62651545,Excellent,Normal,9.797268505,2.369333492,4.264033792,High School,Low,74
Male,179.4931534,75.40286095,137/99,282.2929447,23.40410561,146.0031896,0.764077965,0.482834187,63.05463444,High,Former,Frequent,High-fat,Diabetes,Regular,Hypertension,58.05020057,Good,Normal,6.347220256,3.150716267,4.198228412,Undergraduate,Medium,63
Female,162.4549376,47.30912268,149/97,228.6294698,17.92582132,144.1908887,0.826952117,0.462732591,60.97297534,High,Current,None,Vegetarian,None,None,None,62.4062386,Fair,Normal,8.463580098,7.296868058,2.513140634,Postgraduate,Low,56
Male,171.7898982,79.47575808,147/96,251.121638,26.93019104,138.6937068,1.693330682,0.661365997,30.89529411,Low,Current,None,Balanced,Hypertension,Regular,Hypertension,76.56192989,Good,Excessive,7.334674166,8.313908411,0.48296249,High School,Medium,39
Male,179.9578635,89.3081036,161/103,231.4949055,27.57713914,146.0010464,0.260929572,0.203788077,59.98670977,Moderate,Never,None,Balanced,None,None,None,42.05839244,Fair,Normal,7.983765179,7.192685059,1.518322969,None,High,82
Female,169.1222935,60.31768497,169/115,202.3552139,21.08836673,112.5395435,0.479441451,0.25302702,51.99430609,Moderate,Current,Occasional,Vegetarian,None,None,None,54.53022447,Good,Normal,9.50571278,9.868106818,0.538913958,None,Medium,70
Male,178.319934,90.00857658,116/87,210.1731704,28.30636512,115.4615763,1.345118907,0.645526494,45.43395202,High,Current,Frequent,Low-carb,Heart Disease,None,Diabetes,65.89233587,Poor,Excessive,9.658678402,7.796343561,10.49858361,Undergraduate,High,35
Male,171.3304585,92.22445397,158/116,220.8947043,31.41788447,138.9550824,0.434851957,0.368553451,55.42565774,Moderate,Current,Frequent,Balanced,Hypertension,Regular,Heart Disease,43.94082293,Fair,Normal,7.855086569,1.065974498,1.402456635,Undergraduate,High,83
Male,170.169725,78.66992555,123/80,197.3897338,27.16715403,111.7413096,1.574866943,0.715617513,47.14824582,Low,Never,Occasional,Balanced,Diabetes,None,Heart Disease,66.67852207,Fair,Normal,2.20122104,2.874571135,5.914510766,Undergraduate,Low,23
Female,156.8313394,65.97488939,177/97,292.8748025,26.82334698,126.8121283,0.148255298,0.2,50.40279172,High,Former,Occasional,Vegetarian,Diabetes,Regular,Heart Disease,52.73403896,Poor,Insomnia,5.258935269,9.712962274,4.468395579,High School,Low,83
Male,172.0679264,81.4836136,167/101,217.8820705,27.52139418,144.097417,0.478775397,0.2,51.65661813,Low,Former,None,High-fat,None,None,None,49.08945623,Fair,Normal,3.954778393,8.700479966,8.955192736,High School,Low,80
Male,183.0644714,65.85256097,114/85,259.4993534,19.6500897,113.2467582,1.202684106,0.642660312,48.11063088,Moderate,Current,Occasional,Vegetarian,Hypertension,Occasional,Diabetes,68.37100009,Good,Normal,5.454204443,4.713681557,11.47511038,High School,High,36
Male,168.1948226,62.23572466,161/79,219.3376563,21.99958583,171.1592199,0.758998968,0.397737576,43.81180716,Moderate,Current,Occasional,High-fat,None,None,None,57.13369504,Poor,Insomnia,3.50361709,4.729269094,10.15897531,High School,Medium,70
Female,169.9744326,84.86410576,150/93,230.8787857,29.37357718,125.6924476,1.186532557,0.619778096,58.77563252,Low,Former,Occasional,Vegetarian,Hypertension,Regular,Diabetes,47.36696934,Good,Normal,7.118236639,2.630377991,5.122640349,High School,High,41
Female,169.0267144,66.07525,136/89,225.1071643,23.12746945,119.345766,1.145184074,0.55624627,42.47703529,High,Current,None,Balanced,Hypertension,Occasional,Heart Disease,60.0614261,Fair,Excessive,8.884352028,6.770343221,7.893871918,High School,Low,39
Male,171.6716068,72.03400277,143/93,237.3522915,24.44221748,138.6369829,1.599430368,0.672466339,47.99463771,Moderate,Former,Occasional,Vegetarian,None,None,None,66.28339816,Good,Insomnia,4.117593878,3.693301688,10.66482947,High School,Medium,34
Female,154.0884038,75.86935218,139/101,255.754062,31.95409065,154.0563897,0.81204888,0.368442315,64.02685465,Moderate,Former,Frequent,Low-carb,Hypertension,Regular,Diabetes,55.95058134,Poor,Insomnia,8.401271624,5.462791048,2.62125894,Undergraduate,Medium,55
Male,177.0429682,86.26374857,136/86,162.7910398,27.52142786,106.256175,1.328406169,0.493052522,24.71157311,Low,Current,Frequent,Balanced,Heart Disease,Occasional,Hypertension,66.69997324,Excellent,Insomnia,1.463502695,5.549428893,9.356538302,None,Medium,33
Male,176.434306,76.68821428,161/105,275.0191842,24.63556677,150.6488025,0.403626649,0.2,68.83399279,Moderate,Never,None,Vegetarian,None,None,None,65.48673982,Good,Normal,7.017295767,3.882977779,3.06138472,High School,High,88
Female,158.4587123,63.79502586,161/93,220.9206971,25.40706935,120.32463,1.372050801,0.850549587,47.58275735,Low,Former,None,Balanced,Diabetes,Regular,None,55.7707926,Poor,Insomnia,2.359314932,3.114425243,9.602810567,Undergraduate,Low,28
Female,166.8254298,62.06462066,132/100,219.5275442,22.30075675,102.1211134,1.666598057,0.487502225,29.11261275,Moderate,Former,Occasional,Low-carb,None,None,None,63.82972148,Excellent,Normal,8.957750241,0.173887429,4.862185246,Postgraduate,Medium,33
Male,187.3618895,85.21583357,160/113,276.4874403,24.27491856,138.9074431,0.206693447,0.260274386,61.34634552,High,Current,Frequent,Vegetarian,None,None,None,51.44324665,Fair,Normal,1.785946353,9.260813468,5.46723045,High School,Medium,83
Male,176.2369931,63.80676384,128/86,259.2192044,20.5434117,109.2535993,1.255213445,0.544629236,47.4277403,Moderate,Current,None,High-fat,None,None,None,63.2127372,Good,Normal,4.264629832,0.169293524,6.265142843,High School,Low,38
Female,165.2448145,69.9159965,159/94,268.7649912,25.60476959,159.9244639,0.387359665,0.347727439,73.25590761,Moderate,Current,Occasional,High-fat,Hypertension,Occasional,Diabetes,57.14607744,Good,Normal,3.073373401,5.794056311,9.578049631,Undergraduate,Medium,79
Male,178.1344889,63.68326698,158/105,221.8301152,20.06916533,139.971899,0.868959017,0.34013916,72.51922459,Moderate,Current,None,High-fat,None,None,None,60.94064635,Excellent,Insomnia,4.732211387,1.240968761,5.038890572,None,Medium,65
Male,178.6335499,74.1909357,140/94,233.247997,23.25009815,98.06160558,0.893537457,0.528311145,36.95669624,Low,Current,Frequent,Low-carb,None,None,None,78.50183669,Excellent,Normal,5.836454582,1.601282402,0.092763208,High School,Low,37
Male,167.3498238,73.56576988,166/106,253.0964238,26.26789463,85.50974913,0.604969231,0.2,62.46320163,Moderate,Never,Frequent,High-fat,Hypertension,Regular,Hypertension,73.14497368,Poor,Excessive,5.81596102,5.115083648,3.188141586,Postgraduate,Medium,72
Female,163.3972203,48.6417195,177/94,216.2845124,18.21879257,118.6882693,1.01821929,0.644840187,42.09775402,Low,Never,None,Balanced,Heart Disease,None,Diabetes,82.28888093,Good,Normal,6.142164091,1.499770242,9.406948567,High School,Medium,46
Female,156.9489926,61.16260808,172/100,270.0532419,24.82955473,122.9391087,0.38006311,0.253971556,70.79300866,High,Former,None,Balanced,None,None,None,44.98920076,Good,Insomnia,7.669963375,2.590982054,4.129197168,Postgraduate,Medium,67
Male,172.7963377,83.91291016,151/95,231.5844246,28.10345506,132.6176014,1.098075084,0.448553699,47.72996935,Low,Never,Occasional,Balanced,Diabetes,Regular,Hypertension,80.07738106,Excellent,Normal,2.973953656,2.578642536,6.784840703,Undergraduate,Low,41
Male,173.981584,79.0638687,163/93,241.4957571,26.1198994,106.0154529,1.29519065,0.537360913,41.21420833,Low,Current,None,Low-carb,Diabetes,Occasional,Hypertension,66.61151375,Poor,Normal,9.269675703,6.09081655,9.687771609,High School,Medium,41
Male,182.5421987,66.80596319,165/104,211.5857348,20.04881347,131.6398485,0.516057473,0.333657637,60.45639338,High,Never,Frequent,High-fat,Hypertension,Occasional,Hypertension,62.17163842,Good,Normal,1.151765831,1.516106379,1.104965917,High School,Low,59
Female,166.9005388,75.56255708,136/88,223.1062263,27.12633799,131.9205319,0.515432584,0.474693886,45.61034607,Low,Current,None,Vegetarian,Hypertension,Regular,Diabetes,51.02460189,Poor,Insomnia,5.992225776,1.258386905,5.366643422,Undergraduate,Medium,66
Male,170.4230588,105.4500914,163/99,253.119171,36.30699024,113.8695431,0.428949004,0.2,40.52333976,Low,Former,Occasional,Balanced,Heart Disease,Regular,Heart Disease,76.46574125,Excellent,Normal,2.586977684,4.084107878,1.339640246,High School,Medium,78
Male,180.8444214,63.81862701,154/88,231.5637627,19.51359215,151.9313921,1.16962721,0.352536311,35.91596074,Moderate,Current,Frequent,Balanced,None,Occasional,None,81.37470389,Fair,Normal,1.316668085,0.596375461,4.482265244,None,Medium,52
Female,174.1066549,65.43908302,111/69,240.3071135,21.58770437,97.24796147,1.51901564,0.783423619,45.46494479,Moderate,Former,None,Balanced,Heart Disease,Regular,Heart Disease,72.98385739,Fair,Excessive,1.76405549,2.712202764,9.212977099,Undergraduate,Medium,18
Male,178.6517225,72.6138098,162/80,250.1034916,22.75122615,111.3499835,0.355104361,0.2,50.86661676,High,Current,None,High-fat,Diabetes,Regular,Diabetes,43.74850608,Good,Normal,4.610933449,7.955633625,9.16325231,None,Low,75
Male,173.8273988,84.19165538,172/106,218.3635302,27.86330225,99.55499667,1.079077288,0.475301723,46.01347548,High,Former,None,High-fat,Diabetes,Regular,Diabetes,55.28806461,Excellent,Excessive,5.89186214,4.736307555,11.45540846,None,Low,43
Female,155.9940415,61.0449377,126/102,243.7250251,25.08612807,128.5163069,0.729207625,0.5915466,48.55872594,Low,Former,Occasional,Vegetarian,Heart Disease,Occasional,None,70.5288883,Excellent,Insomnia,8.156424274,4.093731269,4.751104886,Postgraduate,High,55
Female,160.42833,41.63930395,137/85,215.1192153,16.17861484,107.2262476,0.871098882,0.691059942,51.04586125,Low,Current,Occasional,High-fat,Heart Disease,Occasional,Hypertension,43.66483057,Good,Insomnia,8.620806403,2.416242718,8.300948551,None,High,45
Male,164.1259047,78.54761405,136/109,208.1405486,29.15940993,126.5767109,0.438353858,0.2,62.66480745,Low,Never,Occasional,Balanced,Diabetes,Regular,Diabetes,41.68654151,Fair,Normal,2.918233939,8.848728405,11.77246352,None,Medium,82
Female,161.9343657,69.39842886,142/97,234.2095442,26.46498118,152.4181788,1.125997036,0.40700943,43.14528569,Moderate,Never,None,Low-carb,Heart Disease,Occasional,Hypertension,62.98874801,Good,Insomnia,1.109237125,4.886438971,7.730465782,Postgraduate,Medium,42
Female,153.1340179,66.65240647,120/84,225.2296336,28.42316781,139.4813128,1.269558459,0.483249918,38.59683772,Low,Former,Frequent,Low-carb,Heart Disease,Occasional,Heart Disease,88.17806449,Good,Normal,8.590524817,9.41821269,7.866698369,High School,Low,40
Female,170.6894761,51.11160774,146/98,203.121891,17.54308838,139.665472,0.460509931,0.2,55.86409515,Low,Never,Occasional,Low-carb,Diabetes,Occasional,Diabetes,73.04631565,Poor,Insomnia,5.788725136,3.562315088,1.490157058,None,Medium,73
Female,168.4400411,73.14684437,154/97,235.8676104,25.78130625,119.8695731,0.640516248,0.403679854,47.26722478,Moderate,Never,None,Low-carb,Heart Disease,Regular,None,57.23184953,Poor,Normal,8.807619184,3.918193732,4.384734463,Undergraduate,High,72
Female,162.3072235,52.71651235,151/98,238.432048,20.01110051,133.5698978,0.518990353,0.376359408,50.06673507,Low,Never,Frequent,Low-carb,Hypertension,Occasional,Heart Disease,64.07050815,Fair,Insomnia,9.738462553,3.661968308,7.331683762,Postgraduate,High,65
Male,178.8289701,95.93551374,157/100,219.4628585,29.99878427,109.0334625,0.559949163,0.495738519,53.38231274,Low,Never,None,Balanced,Diabetes,Regular,Heart Disease,50.97268362,Fair,Insomnia,4.219093822,7.516307936,7.445624953,High School,Low,71
Male,167.8356135,97.06095782,147/105,214.8682033,34.45691027,142.8780739,0.95510565,0.399237534,64.83400234,Low,Former,Occasional,Balanced,Heart Disease,Occasional,Heart Disease,47.38586638,Fair,Insomnia,1.552128022,9.04310372,9.480663669,High School,Medium,63
Male,185.9358558,115.3429555,134/97,231.5886921,33.36297587,125.9213023,0.842321393,0.369058243,60.00323097,Moderate,Former,None,Vegetarian,Hypertension,Regular,Diabetes,77.0635027,Good,Normal,7.900052368,9.387959098,5.127957912,Undergraduate,Medium,64
Male,175.4189943,90.75709666,115/86,223.6699776,29.49357113,126.4420851,1.517644865,0.752133223,28.71506932,High,Never,Occasional,Vegetarian,None,None,None,74.62701699,Good,Normal,9.199589763,3.984924943,7.606469353,Postgraduate,High,23
Male,171.7677847,64.35196187,137/89,219.7807706,21.81113985,108.021921,1.166159609,0.639490974,42.94349661,Moderate,Former,Frequent,Balanced,None,None,None,52.4259504,Fair,Normal,6.750510597,4.769477662,11.848134,Undergraduate,Medium,34
Female,167.2777758,61.51516801,126/114,187.1263646,21.98394982,110.6222118,0.417102948,0.364304914,52.81802952,High,Former,Occasional,Balanced,Diabetes,Regular,Diabetes,68.14919194,Poor,Insomnia,5.382308335,1.943690733,10.33266109,High School,Medium,66
Male,178.5447072,88.04824605,166/96,240.3676396,27.62019549,116.4509122,0.73081588,0.312879388,77.10119278,Low,Former,None,Low-carb,Heart Disease,Occasional,Diabetes,67.84438941,Excellent,Excessive,8.264679113,3.607032029,5.782899258,High School,Medium,81
Female,170.9885062,55.67503014,138/94,217.4771645,19.04261664,125.3886951,1.271016174,0.61684988,49.20794306,High,Current,None,High-fat,Heart Disease,Occasional,Heart Disease,60.67115088,Excellent,Normal,7.837404943,7.614475821,9.467726254,Postgraduate,Low,48
Male,181.5433259,105.9469946,172/94,266.6606947,32.14608334,113.7149484,0.177763006,0.2,59.24049835,Moderate,Former,None,Vegetarian,Diabetes,Regular,None,55.07497169,Poor,Insomnia,5.153462186,9.379920667,2.792498405,None,High,84
Female,170.0128434,57.2462097,121/94,221.6861185,19.80538438,131.2330421,1.39433991,0.798241056,37.95031441,Low,Never,None,Balanced,None,None,None,87.14650865,Fair,Normal,7.756202966,9.491838845,4.184175468,None,Medium,27
Male,172.5516042,104.6298671,145/92,201.9975882,35.14128771,119.3019624,1.055625335,0.459272199,58.45225409,High,Never,Frequent,Low-carb,Diabetes,Regular,Hypertension,77.22294563,Good,Insomnia,6.999539111,6.988373558,10.75667866,High School,Medium,46
Male,163.7298483,83.93111277,161/103,228.9988565,31.30886055,130.4767572,0.612779993,0.2,56.19330195,Low,Former,Occasional,High-fat,Hypertension,Occasional,Heart Disease,65.36644725,Good,Normal,8.912632653,5.484734212,3.421875465,Postgraduate,Medium,72
Male,171.0589006,65.40028285,137/103,212.3905939,22.35055303,171.0178002,0.275149813,0.2,62.08202735,High,Never,None,Balanced,Diabetes,Regular,Diabetes,53.41341839,Fair,Insomnia,9.418080533,0.648736378,2.307500679,None,High,79
Female,164.9449404,69.92359125,138/100,238.6650093,25.70074595,123.389516,0.693166504,0.468800749,53.22688525,Moderate,Former,Occasional,Low-carb,None,None,None,67.33972419,Fair,Normal,3.685518297,0.413841957,0.391221265,High School,Medium,53
Male,178.5751488,67.78460665,134/86,227.3298876,21.25636694,142.1743507,1.039243869,0.475678131,28.7438507,Moderate,Never,Frequent,Vegetarian,Hypertension,Occasional,Diabetes,71.12124585,Excellent,Insomnia,5.814143058,4.593463713,10.89157144,None,Low,48
Male,181.0527108,83.4652188,114/91,238.032859,25.46217349,107.9758431,1.375993954,0.539182252,39.71101402,High,Never,Occasional,Vegetarian,Hypertension,Occasional,Diabetes,47.39453178,Fair,Insomnia,1.369597364,0.715388219,3.900618283,High School,Low,36
Female,155.0466941,64.67971966,136/105,230.5677279,26.90562642,131.1605575,0.821074314,0.2,43.54129757,Moderate,Former,None,Balanced,Diabetes,Regular,Diabetes,58.86340615,Good,Excessive,1.376765161,9.890454141,0.573023293,High School,Medium,66
Female,161.5756797,61.41802009,160/106,286.5555964,23.52576903,146.5498469,0.488634402,0.290465507,53.35977377,Moderate,Never,None,Balanced,Heart Disease,Regular,None,52.19115429,Good,Normal,3.53100641,2.040688705,11.35024245,None,Low,82
Female,157.8045356,65.59962858,136/96,233.277953,26.34282928,107.3100646,0.605078188,0.447345233,60.60577509,Low,Former,None,Balanced,Diabetes,Regular,Diabetes,44.50810154,Good,Normal,6.535427037,8.492423643,4.235074717,High School,High,64
Male,160.6426331,83.72082589,168/96,300.4394468,32.4423179,177.4946405,0.40342143,0.2,62.73801189,Moderate,Current,Frequent,Vegetarian,Heart Disease,Occasional,Hypertension,47.7896806,Fair,Normal,2.75382174,0.810843413,9.546543317,High School,High,80
Male,167.5777881,60.67642213,131/94,259.391235,21.60663108,127.4803435,0.379054738,0.230723428,73.21955007,Low,Former,Occasional,Low-carb,None,None,None,37.38230524,Poor,Normal,4.858853569,8.712539058,9.233591933,Postgraduate,High,78
Female,151.2292248,78.85575234,147/86,246.565036,34.47957687,115.9999553,0.819635791,0.575464342,39.58680694,High,Never,Occasional,Balanced,None,Regular,None,75.8068813,Fair,Normal,8.560256057,9.654395601,5.226434921,Undergraduate,Medium,51
Female,161.4203491,63.18290608,140/84,218.1680155,24.24839695,132.5381262,1.587322043,0.715920026,46.59395204,Moderate,Never,None,Vegetarian,Heart Disease,Occasional,None,67.38148955,Good,Insomnia,6.511626173,9.511081821,9.813334608,Postgraduate,Medium,36
Female,147.2373851,63.5982207,167/96,205.6657415,29.33653208,123.489885,1.07694088,0.655758669,30.45621557,High,Current,Occasional,Low-carb,Hypertension,None,Hypertension,87.54848465,Good,Normal,4.411199759,9.290709148,2.993415203,High School,High,37
Male,167.2445234,89.04816886,193/106,238.1767763,31.83619695,147.8717398,0.601331506,0.396715689,56.09393198,High,Never,None,High-fat,Diabetes,Regular,Heart Disease,60.21271898,Excellent,Normal,2.731699341,8.941075984,11.57496223,High School,Low,69
Female,165.0928762,65.39260969,161/104,240.0774715,23.99230657,91.99716851,1.030399753,0.595157711,36.95248444,Low,Former,Occasional,High-fat,None,None,None,68.54172919,Good,Excessive,4.95655507,6.495809446,0.604355988,Undergraduate,High,35
Female,163.869163,77.3198412,148/97,234.5857535,28.79363417,135.0720011,0.545667702,0.273143085,46.25295791,Low,Former,Frequent,Balanced,None,None,Heart Disease,66.51875625,Fair,Excessive,7.973787408,5.397055153,1.784266469,High School,Medium,75
Female,157.623652,72.19782952,164/90,244.8958215,29.05904722,130.3601463,0.719192024,0.264734677,33.73444241,Moderate,Never,Occasional,Vegetarian,Heart Disease,Regular,Diabetes,53.245837,Good,Normal,1.411539533,9.453581345,1.725422076,Postgraduate,Low,64
Female,152.3346095,75.49911164,153/101,273.8013061,32.53454028,163.4846398,0.428148548,0.2,63.17819351,Low,Current,None,High-fat,Diabetes,Regular,Hypertension,55.13734959,Good,Insomnia,1.128956099,3.2464739,3.828528376,Undergraduate,Medium,87
Male,166.3441108,84.70925245,147/99,210.3603841,30.61371181,147.1393665,1.174738336,0.407721974,47.93670018,Moderate,Never,None,High-fat,None,None,None,70.82278257,Fair,Insomnia,5.174087102,1.80810635,7.761299533,Postgraduate,Medium,52
Female,157.6280778,69.14927586,151/91,223.3775022,27.83046595,136.8449386,0.810575006,0.415333856,45.55836832,Moderate,Former,Occasional,High-fat,Diabetes,Regular,Hypertension,73.69720373,Good,Normal,4.317190245,4.151976391,7.544212001,Postgraduate,Low,51
Male,190.3407573,80.97141227,130/99,248.9126348,22.3495163,125.3774393,1.176456994,0.586358911,34.49595815,Low,Current,Frequent,Balanced,Diabetes,Regular,Heart Disease,60.9517205,Fair,Excessive,4.102058269,3.499285338,6.51615012,High School,Low,43
Male,165.6743126,100.6289093,163/86,228.4108744,36.66168408,142.0589835,0.4203277,0.2,63.68917203,Low,Former,None,Vegetarian,Diabetes,Occasional,Heart Disease,56.11651708,Good,Normal,4.512601908,6.54522269,3.052314466,High School,Low,80
Male,167.3870263,61.76279386,153/93,242.946486,22.0436418,139.655334,0.268892338,0.2,48.56104358,Moderate,Current,Occasional,Balanced,None,None,None,55.01221699,Excellent,Insomnia,5.27670021,1.623692245,1.473918511,Postgraduate,Low,79
Female,170.080038,68.73122397,167/99,196.8928291,23.76005215,143.1740238,0.549916155,0.2,53.96070785,Moderate,Former,None,High-fat,Diabetes,Regular,Heart Disease,50.66994843,Good,Insomnia,9.547247628,4.993805457,4.925963197,None,High,77
Female,165.9233557,49.72879205,146/106,247.4937582,18.06312408,135.0021602,1.138400189,0.286905003,57.09759336,Moderate,Current,None,Balanced,None,None,Diabetes,62.54803728,Good,Normal,1.616016294,4.475002725,1.968260936,High School,High,60
Male,169.2927793,89.75507721,166/101,212.3788165,31.3171444,160.8306538,0.45321426,0.2,64.18317193,Moderate,Current,Occasional,High-fat,None,None,None,64.86830543,Excellent,Insomnia,6.204284608,8.916660355,5.815056998,Postgraduate,Medium,84
Female,161.5313459,59.72636662,150/82,220.7276178,22.89035206,96.26941374,1.535895263,0.743148507,40.88646395,High,Former,Occasional,Balanced,None,None,None,54.56212923,Fair,Normal,1.565656104,9.055416612,6.537790649,Postgraduate,Medium,27
Female,174.2659428,55.25467296,170/88,241.1200558,18.19466117,97.89946238,0.99153729,0.36372166,32.38114564,Moderate,Current,Occasional,High-fat,Heart Disease,Regular,Heart Disease,56.352845,Excellent,Insomnia,8.272890824,8.355746896,6.93488571,None,High,48
Female,169.1805793,69.32120244,138/87,261.5381623,24.21949434,128.7100113,0.578505384,0.471404153,37.87806581,Low,Former,Frequent,Low-carb,None,None,None,63.82295231,Fair,Normal,8.813319839,1.043350529,0.017200784,High School,Low,56
Female,176.3906957,70.31085131,124/81,206.3231938,22.59805233,99.23729637,1.484404985,0.851609056,12.57306341,High,Never,None,High-fat,None,None,None,75.82990985,Poor,Insomnia,6.757318559,9.518076018,11.7883245,Undergraduate,Medium,20
Male,185.2462089,95.7733628,163/89,235.5535022,27.9091159,126.2115153,1.039583274,0.354538525,46.10836379,Low,Former,None,Balanced,Hypertension,Occasional,None,50.73536089,Good,Normal,9.553980107,5.81147915,9.777224176,High School,High,50
Female,155.6791888,67.87628062,127/100,242.8266892,28.00637611,110.7801262,0.761667108,0.447530236,50.99747815,High,Never,None,Vegetarian,Hypertension,Occasional,Heart Disease,38.79336717,Good,Normal,9.789286053,9.471165032,4.3023922,None,Medium,55
Male,175.7345476,87.97574707,182/101,209.8179984,28.48712807,138.986504,0.918721508,0.325008939,51.38805553,Low,Former,None,Vegetarian,Hypertension,Regular,Diabetes,68.20151263,Fair,Normal,1.259783555,3.950885224,11.16576983,Undergraduate,Low,57
Female,160.8464736,57.39308552,166/89,232.8021083,22.18382781,184.2877568,0.294798055,0.334780279,53.14049231,High,Former,Occasional,High-fat,Diabetes,None,Heart Disease,61.69045145,Excellent,Normal,6.191107376,7.394114555,0.915018772,Postgraduate,High,78
Female,153.5483954,65.10650183,135/73,221.049228,27.61428461,122.5526478,1.245662833,0.57921448,17.48761424,Moderate,Former,Frequent,Low-carb,Heart Disease,None,None,64.55349405,Fair,Normal,6.203266064,0.525868602,3.063765614,Undergraduate,High,32
Male,178.8233045,72.53298739,151/107,256.4337111,22.68231267,128.7457108,0.839519416,0.259585147,43.93534222,High,Former,None,High-fat,Diabetes,Regular,Diabetes,67.47210216,Poor,Insomnia,5.552805687,0.622505899,11.06544468,None,Medium,59
Male,169.4704608,93.63305024,162/114,216.6861,32.60176788,124.7160312,0.582625336,0.356560839,58.23334499,Moderate,Former,Occasional,Balanced,Diabetes,Occasional,Hypertension,59.0089999,Good,Normal,8.717919309,5.141705467,8.201959405,None,Medium,67
Female,156.5510763,60.77799315,128/86,222.4621893,24.79900409,84.29189289,1.35616513,0.743524074,31.9008027,Moderate,Former,None,Balanced,None,Occasional,None,93.67345486,Fair,Insomnia,5.664977083,6.475547777,4.880162209,Undergraduate,Medium,27
Male,171.3766408,86.71697633,130/86,205.116567,29.52574569,117.8517957,1.355622656,0.717999586,35.7150301,Moderate,Never,Occasional,Vegetarian,Hypertension,Occasional,Hypertension,61.74245642,Fair,Normal,8.698129018,9.062673973,10.20542728,Postgraduate,High,29
Female,162.4280908,63.88876626,149/105,233.9066251,24.21598965,130.5341909,1.139888186,0.38611645,45.6484773,High,Never,Occasional,Balanced,None,None,Diabetes,74.93488425,Poor,Insomnia,8.97774749,5.096544162,8.604180452,None,Medium,57
Male,179.7774245,83.47741374,155/109,232.0377431,25.82846977,113.4050274,0.790054995,0.377948728,67.22446725,Low,Never,Occasional,Vegetarian,Heart Disease,Occasional,Heart Disease,65.17667953,Poor,Insomnia,4.12832694,6.190885653,7.013386852,Undergraduate,Medium,64
Male,172.0497639,88.55095336,145/111,276.6058955,29.91472943,140.2290047,0.150853824,0.2,58.0961177,Low,Current,Frequent,Balanced,Hypertension,Regular,Heart Disease,53.51609696,Good,Insomnia,5.570650654,6.882280422,11.74835231,High School,Low,89
Female,152.9550065,74.91853701,144/109,204.0021014,32.02299108,105.3792581,0.904804674,0.333707745,36.68063494,High,Former,Frequent,Balanced,Hypertension,Regular,Heart Disease,67.49159886,Fair,Excessive,6.642386478,7.846041253,10.53098127,Undergraduate,Medium,53
Male,166.2869404,78.7254957,139/98,278.86572,28.47076382,127.6827121,0.68045893,0.657394005,40.84453063,Moderate,Never,Occasional,High-fat,Heart Disease,None,None,52.80222012,Fair,Normal,1.359348929,8.258554209,5.936681977,High School,Medium,56
Female,158.489621,76.7384202,164/92,234.3114352,30.54999902,152.6376822,0.426941072,0.2,43.73643375,High,Never,None,Balanced,Heart Disease,Regular,Heart Disease,63.95913922,Good,Normal,6.057777154,5.378282791,7.092287858,High School,Low,75
Female,160.9111548,75.77737418,148/108,237.121727,29.26626151,154.3557037,0.94669318,0.321306522,43.61037617,Moderate,Current,None,Low-carb,Hypertension,Occasional,Diabetes,73.13872773,Excellent,Insomnia,8.208439262,6.108386566,2.157405972,Undergraduate,High,70
Female,167.6058704,60.67598813,173/101,245.4652938,21.59923681,143.6266537,0.544025714,0.315488976,44.61513861,Moderate,Never,None,Balanced,None,None,None,67.34914045,Poor,Insomnia,5.418385577,4.346945143,6.799216163,None,High,64
Male,179.9297717,83.71831933,158/100,222.9836807,25.8591618,117.7618113,0.776484334,0.425739271,63.21014236,Moderate,Former,Occasional,Balanced,Heart Disease,Regular,Hypertension,55.59073919,Fair,Insomnia,1.155348869,5.253712798,9.860522744,None,High,65
Male,169.2194901,89.11330609,137/100,217.1585385,31.1201579,116.1348227,0.693058441,0.630967997,46.9785591,Low,Former,None,High-fat,Hypertension,Occasional,None,55.27361632,Good,Normal,2.0801166,7.508303637,2.673682109,Postgraduate,Low,59
Female,155.2759466,67.34748378,149/85,206.4317003,27.93270556,128.0978213,1.23294706,0.782511055,51.81399717,High,Former,Occasional,Vegetarian,Hypertension,Regular,Heart Disease,77.26607833,Fair,Insomnia,3.107518176,3.712669241,1.767616149,Undergraduate,Medium,28
Male,185.2450944,70.08187405,160/104,233.077112,20.42265848,148.8318246,0.201499642,0.2,54.19089373,Low,Former,None,Low-carb,None,None,Hypertension,57.0784759,Good,Normal,6.99195179,8.094785841,7.51457989,Undergraduate,Medium,89
Female,162.3054822,66.70400994,136/94,212.2221819,25.32127466,106.6615854,1.21392341,0.425381923,28.16310528,Low,Former,None,Balanced,Heart Disease,Regular,Diabetes,58.41858658,Good,Normal,6.676781527,9.575425574,4.52818148,Undergraduate,High,37
Female,165.0892514,71.82636881,142/105,205.8482593,26.35398623,125.5391109,0.588589575,0.279906428,56.4160086,Low,Former,None,Vegetarian,Hypertension,Regular,Diabetes,56.84707223,Fair,Insomnia,7.326543621,0.929474665,0.192961037,None,Low,64
Female,162.414021,56.82418413,151/91,224.18421,21.54200745,147.6240491,0.507697969,0.451901634,54.11495957,Moderate,Never,None,High-fat,Hypertension,Occasional,Diabetes,61.96350826,Fair,Normal,5.338853805,8.361348688,5.988999613,Undergraduate,Medium,74
Male,171.1046066,69.619922,141/79,230.4694336,23.7799057,136.6110937,1.216270483,0.638957843,25.90396419,High,Current,Occasional,Balanced,None,None,None,64.97202157,Good,Normal,4.900673956,4.959774667,11.84427698,High School,Medium,34
Female,164.8377214,61.83396557,143/109,242.6604945,22.75694159,124.2686018,-0.116674929,0.2,69.64741679,Moderate,Never,Frequent,Balanced,Hypertension,Occasional,Hypertension,69.70059054,Poor,Insomnia,4.721400221,5.673992688,6.521342263,Undergraduate,Low,86
Female,152.0438252,50.76464859,147/105,255.4514706,21.95956887,140.6298018,0.503962912,0.283196276,36.14377406,Moderate,Never,None,Low-carb,None,None,None,54.53895586,Good,Normal,1.157928065,7.200515995,7.414842787,Undergraduate,Low,76
Female,173.8107077,58.11350091,173/84,285.5836317,19.23640816,126.5510872,0.805226164,0.258211406,32.75241349,Moderate,Current,Frequent,High-fat,Hypertension,None,Hypertension,39.0619712,Good,Normal,2.257992693,0.752087904,0.538628226,None,Low,61
Male,170.4687558,72.58990772,134/93,198.7773925,24.97966798,106.8703294,1.600072065,0.753891487,24.72615964,Low,Never,None,Low-carb,None,None,None,67.9827416,Fair,Normal,6.248079954,0.386618143,5.942933212,None,Medium,18
Male,185.5789819,64.24807327,147/96,197.4466489,18.65531268,134.530172,1.110284901,0.6273585,22.3188083,Moderate,Never,None,Balanced,Heart Disease,Regular,Diabetes,67.10531642,Fair,Insomnia,9.29690914,1.786929523,3.546629984,Postgraduate,Medium,37
Male,167.1223068,80.16972735,135/85,164.078306,28.70394328,106.6159368,1.382446149,0.985522097,31.59312765,Moderate,Former,None,Balanced,None,None,None,80.81120013,Good,Normal,9.842408486,1.567043478,6.48974485,None,Medium,22
Female,162.1750046,87.40984053,180/93,235.4712888,33.23475563,131.8197841,0.596896835,0.45982358,28.79114627,Low,Never,None,Vegetarian,Hypertension,Occasional,Hypertension,55.1894083,Poor,Excessive,2.338159531,8.678324967,3.618528159,High School,Medium,65
Male,173.5177097,70.79107806,140/100,230.6393901,23.51207253,154.0207626,1.357973004,0.680073545,39.88202639,Low,Former,Occasional,High-fat,None,None,None,73.88952485,Poor,Insomnia,3.36085493,2.793003892,7.32233798,High School,Medium,33
Male,174.7359744,89.08072403,132/112,231.8578276,29.17555231,137.5992556,0.997453775,0.412355884,73.80818272,Moderate,Former,Frequent,Vegetarian,Heart Disease,Occasional,Heart Disease,62.46195863,Poor,Insomnia,5.667816605,7.790952558,6.744937651,Postgraduate,Medium,63
Female,158.1102977,66.81587411,154/108,220.9701073,26.72756173,128.460832,0.902665106,0.272366028,51.4870096,Moderate,Never,Occasional,Vegetarian,Hypertension,Regular,Hypertension,62.76685231,Excellent,Insomnia,6.418445892,6.614767689,10.78573312,Undergraduate,High,66
Male,168.3338354,83.33233881,123/87,190.3004087,29.40835507,123.7917648,1.446597422,0.727234623,41.67626818,High,Never,Frequent,Vegetarian,Heart Disease,Occasional,Heart Disease,85.80970959,Good,Normal,8.565405603,0.295828445,4.355311106,Postgraduate,High,29
Female,169.0573542,52.15628024,154/103,229.0630987,18.24897492,131.992092,0.055737266,0.2,53.12388317,Moderate,Current,None,Low-carb,None,None,None,55.8812347,Poor,Insomnia,1.296223918,6.079571838,11.38916507,Postgraduate,Medium,78
Female,163.1774631,65.87145003,166/104,242.9522975,24.73869976,160.6703466,0.88223588,0.221315732,36.0001344,Low,Never,Occasional,Low-carb,None,None,None,37.41812537,Excellent,Excessive,8.692064832,0.784924245,8.63744715,High School,High,72
Male,181.8789283,68.46310024,142/78,212.5834875,20.69625603,116.3782568,1.339811778,0.626363068,47.91914325,Low,Current,Occasional,High-fat,Hypertension,Regular,Heart Disease,70.54745978,Good,Normal,8.835407583,2.148140641,5.828896279,Postgraduate,Medium,35
Male,170.3283116,84.32157142,156/99,265.1304016,29.06464404,145.1925679,0.472534528,0.20894094,51.95625583,Low,Former,None,Low-carb,Hypertension,Regular,Heart Disease,66.66837124,Excellent,Normal,7.971042249,4.173414733,11.66838582,Undergraduate,Low,69
Male,171.2044887,73.43374277,139/90,179.5778401,25.05332487,119.615678,1.320547609,0.634163141,20.53647391,Moderate,Current,None,Balanced,Heart Disease,Regular,Heart Disease,65.0716654,Good,Normal,5.872864549,6.144336548,5.762081302,Undergraduate,Low,24
Male,163.1880678,67.28811206,162/115,254.2797343,25.26745742,152.4937566,0.681577183,0.389098386,64.92293229,Low,Former,Frequent,Vegetarian,Diabetes,Occasional,Diabetes,68.23752066,Good,Normal,6.642747179,0.114924696,9.160075632,Undergraduate,High,71
Female,154.9199455,68.41476739,145/90,216.4085681,28.50592799,115.6174267,1.587615323,0.531328144,41.14311595,High,Never,Occasional,Balanced,Diabetes,Regular,Diabetes,54.04611142,Poor,Insomnia,8.420154032,7.251352229,10.23366376,None,Low,36
Female,161.5325517,74.43701634,134/88,244.7667253,28.52783735,123.4834697,1.292781273,0.457527658,43.48320011,Low,Former,Occasional,High-fat,None,None,None,57.51557785,Fair,Excessive,8.322503638,9.739238789,4.89902165,High School,Low,38
Male,182.1754431,84.49147412,142/102,220.8296176,25.45852384,157.6056185,0.891716246,0.357997705,43.11308301,Moderate,Former,None,Balanced,None,None,None,57.46200247,Good,Normal,4.863302871,7.882051111,8.583385576,Postgraduate,Low,58
Female,171.4587175,78.74468873,141/106,274.7408802,26.78564626,132.3187812,0.529942621,0.280776017,44.32105723,Moderate,Never,Frequent,Low-carb,Heart Disease,Regular,None,59.51419749,Fair,Insomnia,6.183443507,6.396963784,4.892053074,Undergraduate,Medium,73
Female,165.2619248,81.01898792,106/88,247.2238946,29.66478469,110.9446711,1.581516723,0.604340516,39.96992284,Low,Former,Frequent,Low-carb,Diabetes,Regular,Heart Disease,55.26896919,Fair,Normal,7.117377664,1.049043863,10.46532491,Undergraduate,Medium,37
Female,170.9526002,72.92575093,133/82,229.2487206,24.95338621,131.1781702,1.121710258,0.380453004,51.60738059,High,Never,None,Vegetarian,Hypertension,Occasional,Diabetes,37.92371736,Good,Insomnia,1.550903563,4.894015853,1.606475629,Postgraduate,Medium,51
Female,165.7456149,76.44881624,164/106,247.252048,27.82829961,120.904073,0.785764729,0.388953684,60.76562115,High,Never,Frequent,Low-carb,Heart Disease,Regular,Hypertension,67.01649862,Fair,Normal,9.318443711,1.152925721,3.816374209,None,Low,64
Female,150.2694833,55.82384011,136/95,226.5850288,24.72168805,115.4994941,0.797107593,0.612514929,34.49799706,Moderate,Current,None,Balanced,None,None,None,62.42320434,Good,Normal,2.531332434,0.043605033,3.84989107,None,Medium,53
Male,187.0235338,84.09415555,165/108,263.5193805,24.04214967,142.4285247,0.389107076,0.450097152,74.04410827,High,Never,None,Vegetarian,None,None,None,56.06120397,Poor,Excessive,7.711670229,2.080466543,10.51367742,Undergraduate,High,72
Female,160.1394497,71.29793215,151/97,289.1019045,27.8022709,151.5564959,0.564727769,0.282489969,55.48628435,Moderate,Never,Occasional,Vegetarian,Diabetes,Regular,Diabetes,39.70314166,Fair,Normal,9.609287981,9.937148083,10.99200651,None,Medium,83
Female,164.0036703,61.20092033,143/80,209.489765,22.75363664,127.552572,1.070496059,0.52929919,50.35925817,High,Former,Frequent,Vegetarian,Diabetes,Regular,Hypertension,76.67409636,Poor,Insomnia,3.38765208,9.192962153,11.35479481,High School,Medium,41
Male,188.761621,75.8168274,128/77,212.392071,21.27836287,124.3508236,1.455479032,0.906406335,42.26884931,High,Current,Occasional,High-fat,None,None,None,69.59947095,Good,Insomnia,5.826776813,8.980678572,9.726989206,High School,Medium,23
Male,166.8832511,76.6397092,159/92,252.4266991,27.51872729,118.0241102,1.353883767,0.647730729,47.70344742,Low,Former,Frequent,High-fat,Hypertension,Regular,Diabetes,40.861288,Good,Normal,1.377422876,0.630689553,11.30999916,Postgraduate,Low,46
Female,168.6437655,55.68811968,133/84,200.3127295,19.58041862,135.0544873,1.619630191,0.81847439,39.92437339,Moderate,Never,None,Balanced,Hypertension,None,Diabetes,73.89830042,Fair,Insomnia,7.585659762,8.118107694,9.398828627,Undergraduate,Medium,30
Female,161.4238218,68.66688876,158/86,228.8663255,26.35191128,132.876352,1.18685487,0.364143084,53.93452489,Low,Never,None,Balanced,None,None,None,60.82213092,Good,Excessive,4.311996953,6.706058097,2.704825377,High School,Medium,52
Female,155.8998553,84.49709325,147/115,250.3190124,34.76564931,147.8028941,0.624171259,0.293196741,70.6304226,Moderate,Current,None,Balanced,None,None,None,64.9972368,Good,Insomnia,1.469415078,0.992933463,8.421057267,High School,Medium,68
Male,173.5878942,70.1748261,162/92,244.3700894,23.28855141,133.0253897,1.020122362,0.501131536,57.27013261,Moderate,Never,Occasional,Balanced,None,None,None,72.50129946,Fair,Normal,1.185956664,0.969084347,3.486038966,Undergraduate,Low,44
Male,179.0524351,79.19002421,142/112,225.7230578,24.70074271,114.4079273,0.765612786,0.544377696,31.47897668,Low,Current,Occasional,Low-carb,Diabetes,Regular,None,55.57377084,Fair,Normal,4.729448524,6.291131435,9.386748006,Undergraduate,Medium,56
Male,167.5020686,89.633723,139/96,264.2717774,31.94707388,122.9821504,0.665282156,0.479799036,48.6397831,Low,Former,Occasional,Vegetarian,None,None,None,57.68989923,Fair,Normal,8.306799581,5.316624729,4.231399197,High School,Low,56
Female,172.6502221,65.31783905,151/94,246.8423991,21.91278236,156.6127474,0.228453092,0.2,72.75014696,Low,Never,None,High-fat,None,None,None,61.55099737,Fair,Normal,4.274494392,4.320427135,4.660894006,Postgraduate,High,85
Male,173.37518,77.87393889,135/112,243.607029,25.90706963,134.3990721,1.255934142,0.541706883,50.9668416,High,Never,None,Vegetarian,Hypertension,Regular,None,73.38062044,Fair,Normal,5.535074785,1.557469319,1.536942108,None,Medium,46
Female,163.2153547,72.69358042,143/92,254.7874691,27.28814622,151.1184595,0.655559918,0.399659156,74.48180458,Moderate,Never,None,Vegetarian,Diabetes,Occasional,Heart Disease,67.37926865,Fair,Normal,7.62613837,7.322175601,1.981784545,Postgraduate,Low,74
Female,156.7980506,54.06314138,125/106,214.1516697,21.98973316,135.3091615,1.112513175,0.493638176,39.78662218,Low,Current,Occasional,Balanced,Hypertension,Regular,Heart Disease,47.67757641,Excellent,Normal,2.537046629,2.109165561,9.167466364,Undergraduate,Medium,59
Female,155.7110982,71.99247622,117/101,205.8959645,29.6925828,115.130302,1.478181669,0.478609854,52.92264509,Moderate,Never,Frequent,Balanced,Hypertension,Occasional,Diabetes,66.66359546,Good,Normal,5.049636187,1.57162823,6.708078468,Undergraduate,Low,36
Female,163.3089436,65.98638606,140/100,251.1605775,24.74197732,151.196215,0.61009938,0.233732431,56.39500722,Low,Former,None,High-fat,Hypertension,Regular,Diabetes,73.04663731,Poor,Insomnia,6.095719787,2.619098919,7.292672974,Undergraduate,Medium,67
Male,170.8256969,91.1056716,147/110,288.9431449,31.22043945,133.0506268,0.909712626,0.384320405,40.62204527,Moderate,Former,Occasional,Low-carb,Diabetes,Regular,None,76.16743671,Good,Normal,5.157827431,9.007820002,10.87836759,Postgraduate,Medium,62
Female,155.1331044,62.90532885,144/96,228.5327568,26.13836813,97.90129645,0.745756545,0.403179671,49.06757558,Low,Former,Occasional,Balanced,None,None,None,64.26828245,Fair,Normal,2.44323195,8.944653793,3.514868106,Undergraduate,High,62
Female,163.6689094,49.55848708,167/90,185.79059,18.50059359,107.5652149,0.192449979,0.551208933,55.14532919,Moderate,Current,Frequent,High-fat,None,None,None,50.95355982,Poor,Excessive,7.817831081,6.522565178,6.084522443,None,Medium,66
Female,159.5188815,65.8249583,186/101,273.8999422,25.86821138,146.8351829,0.742044242,0.342443187,64.5110456,Low,Former,None,High-fat,Diabetes,None,Diabetes,45.25915736,Poor,Insomnia,7.625313745,5.477883349,3.902703606,None,Low,70
Female,155.5754737,74.66092855,176/107,244.3705785,30.84687138,95.90950138,0.524686306,0.277838331,70.63682002,Moderate,Current,Occasional,Balanced,None,None,None,40.90022467,Excellent,Excessive,5.888378113,3.064083949,8.320694771,None,Medium,72
Male,173.5111719,76.54756534,148/95,254.6449056,25.42590947,110.0154446,0.909894784,0.634307049,64.62687387,Moderate,Current,Frequent,Vegetarian,Heart Disease,Regular,Diabetes,74.32592443,Fair,Normal,3.217342588,5.073435323,1.702197863,Undergraduate,Medium,47
Female,168.0688783,74.20137799,152/105,244.5050468,26.26862662,136.1660969,1.030956791,0.490132718,52.96930635,Low,Former,Occasional,Vegetarian,Heart Disease,Regular,Diabetes,40.21224533,Poor,Insomnia,8.666526329,2.16319969,6.069998156,Postgraduate,High,52
Female,164.6318169,71.52727982,170/116,255.921281,26.39029026,129.1878838,0.344559411,0.2,68.27352582,Moderate,Former,Occasional,High-fat,Diabetes,Regular,Diabetes,34.80274773,Good,Insomnia,4.237871155,8.469985998,3.934664624,Undergraduate,Low,82
Male,169.673182,90.48234166,158/107,260.4245356,31.42949642,151.677141,0.471668717,0.2,55.50301255,Low,Current,Frequent,Low-carb,Heart Disease,Regular,None,56.85672315,Good,Normal,1.846971719,2.18840817,6.042702556,Postgraduate,High,78
Female,172.2056901,60.8509976,173/108,280.30852,20.51978033,131.7641975,0.479240116,0.252442653,64.40120369,High,Former,Occasional,High-fat,None,None,Hypertension,38.71033322,Fair,Normal,8.716947026,5.226931365,9.263185347,None,High,77
Female,150.8309198,57.3523171,130/81,238.034208,25.20984697,128.5922728,1.483809569,0.645426731,32.37607001,Low,Never,Occasional,Vegetarian,Hypertension,Occasional,None,60.32837866,Good,Insomnia,1.822825667,5.429140103,1.065689753,High School,Low,34
Female,162.0640732,69.22611573,136/86,252.1248837,26.3570296,128.5429257,1.274005082,0.673947719,33.36086927,Moderate,Former,Frequent,High-fat,Diabetes,Occasional,Diabetes,66.2927388,Poor,Insomnia,9.718295921,5.047385502,5.479281297,None,Medium,27
Female,167.1296679,70.34468535,113/91,247.1904792,25.18396986,133.9457,1.503276502,0.538702636,45.79062308,Low,Never,None,Low-carb,None,None,None,60.46179422,Excellent,Insomnia,6.040946347,9.00679387,0.372372391,High School,High,34
Male,173.950236,66.61495996,149/111,248.8256393,22.01515395,147.6090998,0.34666072,0.2,67.51653724,Moderate,Never,None,High-fat,None,None,None,38.12575075,Good,Normal,2.455096118,6.111633628,7.995135632,Undergraduate,Low,82
Male,187.2558875,65.19418638,145/84,210.9251562,18.59250501,106.1214456,1.257566738,0.601331075,30.81069782,High,Former,Occasional,Balanced,Diabetes,Regular,Heart Disease,68.1238232,Fair,Insomnia,5.422020573,7.822693506,5.931423737,None,Low,35
Male,178.6929768,87.24829816,144/85,216.1775237,27.32385658,136.1735492,0.95229138,0.520175606,72.25954683,Low,Former,None,Balanced,Heart Disease,Regular,Hypertension,77.18163094,Fair,Normal,6.353274842,7.553880773,1.660860034,Postgraduate,Medium,59
Male,174.9940108,89.8952875,162/92,244.4213115,29.35557256,135.9289002,0.901544581,0.39123434,55.89636906,Moderate,Never,None,High-fat,None,None,None,50.0840457,Fair,Normal,5.655266429,0.494781911,10.57842358,High School,High,61
Female,155.3719899,70.35640225,129/118,199.3562711,29.14460459,127.5859408,1.091495641,0.563638591,55.51342122,Moderate,Current,None,Balanced,Heart Disease,Regular,None,60.62771612,Good,Insomnia,6.868997715,8.603503348,1.68321794,High School,Low,54
Male,180.3843217,84.9073132,162/101,261.1076833,26.09441247,95.3246023,0.767448067,0.395568748,49.32115735,High,Former,None,Balanced,Heart Disease,Occasional,Hypertension,62.93200493,Fair,Normal,9.870948617,0.641662181,7.294464132,High School,Low,61
Male,179.7887349,81.61499942,188/110,255.6322377,25.24904921,109.0430867,0.808913392,0.476054429,56.98219115,Moderate,Never,Occasional,High-fat,None,Occasional,None,75.07607383,Poor,Insomnia,8.522139948,6.077214043,11.77804427,Postgraduate,High,59
Male,168.9992367,74.65995821,171/95,283.6504237,26.1407628,144.6531168,0.277094462,0.2,60.71546707,Low,Current,Occasional,High-fat,None,None,None,77.52323914,Fair,Insomnia,1.834694156,9.092607083,5.843691019,High School,High,80
Male,186.1027989,80.45701407,149/105,249.3472109,23.2304756,139.1664093,0.381994319,0.251932189,62.97505945,Moderate,Former,Occasional,Balanced,Diabetes,Regular,None,42.29347486,Fair,Normal,5.136505046,2.870001791,4.249567636,None,High,78
Female,169.2064167,61.63853402,137/77,212.5461196,21.52874154,114.3845429,1.218604943,0.539663774,47.44444944,High,Former,Frequent,Balanced,None,None,None,77.41221634,Fair,Normal,6.561264312,2.757462606,0.611664826,Postgraduate,High,48
Female,163.0013051,70.16915155,139/91,243.8526008,26.40973611,118.0116039,1.372741806,0.569219225,39.29830492,High,Never,None,Balanced,None,None,None,61.09714472,Good,Normal,2.101283459,8.021164472,9.409136407,None,Medium,45
Male,179.6346087,91.66997629,116/85,229.1987509,28.40842095,78.75351823,1.532137284,0.743179471,44.69813934,Low,Current,Frequent,Vegetarian,Hypertension,Regular,Hypertension,74.47116599,Good,Insomnia,7.414777019,9.853851403,6.495615795,High School,Medium,24
Male,168.190972,75.93108308,165/99,248.3077333,26.84196055,137.3958681,0.943462849,0.428386791,47.24676607,Moderate,Never,Occasional,High-fat,Heart Disease,Regular,Diabetes,57.55703981,Good,Insomnia,5.075844261,4.057538972,0.478483468,High School,High,53
Male,169.1214181,73.86673745,129/94,215.1963105,25.82567576,146.702632,0.917367994,0.397167822,61.71835859,Moderate,Former,None,Vegetarian,Heart Disease,Regular,None,69.69936233,Fair,Insomnia,9.951888007,9.960669552,10.29133482,None,High,50
Male,185.0126077,89.907067,166/98,269.9063012,26.26583314,135.3728464,0.331379159,0.2,74.38625771,Moderate,Former,Occasional,Low-carb,None,None,None,66.28953307,Excellent,Normal,2.721795562,9.731313884,3.438551013,High School,High,82
Female,166.8262112,64.04128694,133/94,255.9165779,23.01078727,126.9012255,0.544506196,0.260759004,36.22169124,Moderate,Current,Frequent,Low-carb,None,Regular,None,67.61424573,Good,Normal,7.527571927,0.832708813,7.611442975,Postgraduate,Low,70
Female,166.7438495,74.3931989,141/75,243.3845434,26.75676391,107.8155909,1.77031394,0.715138115,28.06203144,High,Never,None,Vegetarian,Hypertension,Occasional,Diabetes,73.4696984,Excellent,Insomnia,3.541845397,8.660941314,4.293552346,High School,Low,24
Male,176.8788881,92.71565865,143/81,222.7053096,29.6347378,143.351333,1.030232597,0.42332413,55.01823899,High,Former,None,High-fat,None,None,None,49.66485948,Poor,Excessive,2.64063285,7.658794583,2.758423612,High School,High,47
Male,170.7522226,76.86795813,165/109,225.7475545,26.36407959,158.0903972,0.447596441,0.2,59.55987756,Moderate,Former,Occasional,Low-carb,Diabetes,Regular,Hypertension,55.31173711,Good,Insomnia,6.302258343,0.127272817,10.81973013,Undergraduate,High,81
Female,162.5570869,67.06129968,142/85,249.9714836,25.37816111,139.7234346,0.502483744,0.2,65.24144005,Moderate,Former,Occasional,High-fat,Hypertension,Regular,Heart Disease,64.06262496,Good,Normal,3.626151821,5.075383251,4.105695808,Undergraduate,Low,77
Male,174.9281707,86.93513871,124/101,250.0249196,28.41030147,136.1413624,0.538565274,0.2,55.78840757,Moderate,Current,Occasional,Balanced,Hypertension,Regular,Hypertension,35.64130974,Fair,Normal,2.985813502,2.351702391,5.168903699,Postgraduate,Medium,84
Male,159.3623745,78.70198414,119/103,247.4692979,30.98946631,83.1652918,1.511745123,0.75845171,28.83962749,Moderate,Former,Occasional,Vegetarian,None,Occasional,None,66.46110494,Good,Normal,1.882849296,9.754904983,1.662081334,High School,Medium,23
Male,179.4792743,90.11025369,161/96,223.2670779,27.97342237,126.3704704,0.564628208,0.24659945,36.86983186,High,Current,Frequent,Balanced,Diabetes,Occasional,Heart Disease,60.89478116,Poor,Insomnia,6.908797629,1.655531798,5.219230804,Undergraduate,Medium,66
Female,161.517016,75.81925361,144/111,237.3195992,29.06316716,123.4953974,0.301050249,0.227207171,70.03448953,Low,Current,Occasional,Balanced,None,None,None,73.57319022,Excellent,Insomnia,5.665193115,7.612658361,9.271576663,Postgraduate,Low,73
Female,167.0629726,61.48665065,101/91,204.6983558,22.03030079,133.0291777,1.201941436,0.686695961,40.99728476,Moderate,Current,Frequent,High-fat,None,Occasional,None,57.70871976,Poor,Insomnia,7.248020403,0.692926495,8.941819842,High School,Medium,33
Female,151.7469752,63.52718475,152/85,233.2753837,27.58795596,99.72738104,1.730148319,0.674937975,18.25069362,Low,Never,None,Vegetarian,None,None,None,82.62475838,Poor,Insomnia,2.726196017,7.155554958,3.828837058,High School,High,21
Female,160.3459755,62.1737472,168/99,221.7584642,24.1819275,140.7523004,0.376614538,0.2,60.79369445,Moderate,Former,Frequent,High-fat,None,None,None,77.12366648,Fair,Excessive,3.692485748,3.053911714,5.774155909,Postgraduate,Medium,80
Female,165.7126364,71.70405489,148/109,299.1052833,26.11153855,139.2649039,0.336769318,0.248234158,57.72029918,Moderate,Former,Frequent,High-fat,Diabetes,Occasional,Diabetes,65.96343651,Good,Excessive,8.837038309,3.16673005,3.662748536,None,High,73
Male,176.8632451,81.34032956,151/86,262.733373,26.00343669,108.7034493,1.044783173,0.543707839,22.98202722,Low,Current,None,Vegetarian,Diabetes,Occasional,Heart Disease,62.69807364,Good,Insomnia,6.31122181,2.406448135,6.819262252,None,Medium,33
Female,169.0748743,77.48655754,135/86,212.6776742,27.10617393,116.0647651,0.974500319,0.540907224,56.4474755,Low,Former,Frequent,Low-carb,Heart Disease,Regular,None,63.15244126,Poor,Excessive,4.362498506,9.828802917,0.430129828,Undergraduate,Low,55
Female,159.8899545,84.47304229,147/108,205.1113846,33.04271903,117.3512003,1.315048005,0.605889016,57.81537411,Moderate,Former,Occasional,Vegetarian,Hypertension,Regular,Diabetes,81.86269079,Good,Insomnia,5.193624108,6.861791184,3.95025368,High School,High,43
Male,169.9861314,84.61146417,141/81,247.6533717,29.28210071,138.8771821,0.940521793,0.444494529,27.40654281,Moderate,Former,Occasional,Balanced,None,None,None,71.58067997,Fair,Insomnia,2.070780935,1.127305321,0.962613586,Postgraduate,Low,49
Male,175.7532241,72.69689833,138/78,194.4707133,23.53473327,135.6324096,1.273950893,0.718472535,26.0788009,Moderate,Never,Frequent,Balanced,Hypertension,Regular,None,55.06854123,Poor,Excessive,5.683530034,3.895276084,6.222217591,High School,Medium,34
Male,190.5897902,62.70502421,159/100,207.3942311,17.26247552,164.0210526,0.283981093,0.236294078,50.01121055,Low,Former,Frequent,Low-carb,None,Occasional,None,94.07489976,Poor,Normal,5.375878197,5.971243772,2.971801182,Undergraduate,Medium,79
Female,159.0736006,65.2919815,165/102,216.0636216,25.8026093,133.2481777,0.161843323,0.2,58.78897661,Moderate,Former,None,High-fat,Heart Disease,Regular,Diabetes,60.24914888,Fair,Excessive,2.690247852,5.318080088,2.816850975,Postgraduate,High,86
Male,175.2789377,65.0860873,177/92,231.7407235,21.18501128,152.8215307,0.702776297,0.226211512,51.00680955,Moderate,Former,Frequent,Balanced,Hypertension,Regular,None,50.40945445,Excellent,Normal,2.288373606,3.293714896,6.947866992,Undergraduate,Medium,76
Female,163.2978325,66.16565657,141/95,213.9098268,24.8125721,133.3576685,1.696602665,0.74353513,20.50996064,Low,Never,Occasional,High-fat,Heart Disease,Regular,None,77.15208363,Good,Normal,9.323867518,2.472510899,9.906962423,High School,Low,24
Female,160.929186,66.81525497,132/87,184.2967739,25.79918583,117.9982544,1.427751182,0.936149349,39.89883095,High,Current,None,Balanced,None,None,None,64.17083919,Poor,Normal,3.334295819,0.859783969,3.283576713,None,Medium,31
Female,154.6546499,51.42301273,160/79,222.7682326,21.49965805,136.3446138,1.086219757,0.509386407,34.78914471,Moderate,Former,None,Vegetarian,None,None,None,70.22704857,Good,Insomnia,3.08275384,7.695442175,1.624815213,High School,High,43
Male,168.1745749,83.32712353,149/89,211.921454,29.4622366,121.2813103,1.427666726,0.756113838,28.15520189,High,Never,None,Vegetarian,Hypertension,Occasional,Diabetes,67.29832362,Poor,Excessive,1.630988135,2.686131928,1.854472776,Undergraduate,High,29
Male,166.742524,64.75092254,110/80,241.7867423,23.28912749,124.5351358,1.541095842,0.703761185,26.79828724,High,Former,Frequent,Balanced,None,None,None,72.52230966,Fair,Insomnia,7.813864753,2.270208256,7.938231382,High School,Low,26
Male,180.0679792,76.56438317,134/91,204.2274751,23.6131435,97.55019935,1.266807476,0.600107393,37.58674706,Moderate,Never,None,Balanced,None,None,None,91.7369835,Fair,Normal,1.660405508,8.127300494,6.955566843,High School,High,28
Female,161.3143557,62.7377423,143/109,220.9338243,24.10920282,123.5152175,0.713096344,0.293474123,37.52856332,Moderate,Current,None,Balanced,Heart Disease,Regular,Diabetes,76.17059145,Fair,Insomnia,7.957287088,9.198941808,5.122113467,High School,Medium,71
Male,176.0368853,68.62724506,174/96,262.8573402,22.14568987,119.8501124,0.449640335,0.2,58.10879287,Low,Never,None,Balanced,None,Occasional,Diabetes,34.56882028,Excellent,Insomnia,1.381173858,6.480810748,1.412436747,Postgraduate,High,83
Female,155.3409631,54.96212185,156/99,243.4868145,22.77673684,150.1681465,0.797370991,0.4141715,45.74526341,Low,Current,Frequent,High-fat,None,Occasional,None,53.65151356,Poor,Insomnia,6.034657711,5.282921051,7.391750093,Postgraduate,High,55
Male,172.1694427,77.89342498,162/102,245.8659985,26.27777881,138.363058,0.583312436,0.354072022,44.67694816,Low,Current,Occasional,Balanced,Diabetes,Regular,Heart Disease,63.66080851,Excellent,Excessive,4.31676526,6.95418166,8.552118775,Postgraduate,High,74
Male,182.6073128,88.05511599,176/104,215.1000848,26.40695116,88.07038607,1.071604581,0.370662756,40.86840774,High,Never,Occasional,High-fat,None,None,Diabetes,80.22821956,Fair,Normal,4.73946801,8.88160832,4.404374107,Postgraduate,Medium,50
Female,166.3651212,55.33611741,153/112,236.6000698,19.99328344,121.4784182,0.693038925,0.238385868,55.042466,Low,Current,Frequent,High-fat,None,Occasional,None,66.74430378,Fair,Insomnia,3.115874037,8.783774197,6.376982885,Undergraduate,Low,62
Female,157.6352058,52.79585789,141/105,244.0485294,21.2467944,108.5725109,0.641022361,0.418160304,67.23475849,Low,Current,None,Balanced,None,Occasional,Diabetes,50.68040096,Good,Normal,7.962088377,8.785119718,7.488239929,Postgraduate,Medium,61
Female,165.0496586,78.4382143,162/88,242.303332,28.79376378,145.255692,0.547303976,0.2,62.71939844,Low,Current,Occasional,High-fat,Hypertension,Regular,Hypertension,66.53693516,Poor,Insomnia,8.907226414,5.869584352,3.956154885,Undergraduate,Low,78
Male,183.4519802,75.72149086,151/110,227.5253477,22.49957672,116.5443038,0.461177098,0.2,47.06326886,Low,Current,Frequent,Balanced,None,Occasional,None,62.6695254,Fair,Normal,9.203941435,3.25951544,1.880065612,Undergraduate,Medium,79
Female,163.8161051,65.12595446,167/113,257.7698432,24.26838686,140.2888982,0.344131473,0.2,57.04262293,Moderate,Former,None,Balanced,Hypertension,Regular,Diabetes,64.85281789,Good,Insomnia,4.745258335,5.030441164,8.378020933,High School,Low,89
Male,177.3479492,74.13467546,137/103,266.9096796,23.57051376,142.2293823,0.852880552,0.285647825,65.3677189,Low,Former,Frequent,Vegetarian,None,None,None,52.95537832,Poor,Insomnia,4.46590611,1.127705585,11.36120743,Undergraduate,Low,66
Female,163.0332478,57.6780749,171/103,256.3347728,21.69993315,125.2237474,0.032151881,0.2,71.4102047,High,Never,Frequent,Vegetarian,None,None,None,52.54571164,Good,Insomnia,3.449395136,0.068250108,4.062535772,High School,Medium,89
Female,159.3839882,73.10593799,110/91,199.4319532,28.77817666,92.74295643,1.342239793,0.830091378,32.89452466,High,Never,None,Balanced,None,Occasional,None,80.92466022,Good,Normal,4.751565933,8.388515843,7.476852401,Undergraduate,Medium,23
Male,176.8475664,63.60548743,153/80,248.8115755,20.33744584,96.61074968,1.463071288,0.575336476,48.41822522,Low,Former,Occasional,Balanced,None,None,Heart Disease,64.3390672,Good,Insomnia,5.96609903,4.136284181,7.602344606,Postgraduate,Medium,33
Male,173.7632744,89.56323111,168/115,219.3574882,29.66291105,154.8565644,0.169433954,0.2,55.30980209,Moderate,Never,Occasional,Balanced,None,None,Diabetes,43.49453673,Poor,Excessive,6.854311588,6.758148664,7.500275987,Undergraduate,Low,89
Female,166.4986382,61.49062113,173/104,254.2458028,22.18132621,148.8561619,0.58046554,0.258725949,65.95017598,Moderate,Current,None,Low-carb,None,None,None,64.39749707,Excellent,Normal,3.101439505,1.005315508,1.323444821,Undergraduate,High,83
Female,162.9110853,58.13938473,159/94,262.3838295,21.90630639,131.0273787,0.616040698,0.300410715,71.24600811,High,Never,None,High-fat,None,None,Diabetes,46.75124964,Fair,Insomnia,2.456280635,6.924119589,11.70122083,Undergraduate,Low,71
Female,164.1968792,59.93295824,143/100,241.3848499,22.22981856,99.51525636,0.836326519,0.483028332,62.28625262,Low,Former,None,Low-carb,Diabetes,None,Heart Disease,57.08408167,Excellent,Normal,7.987307156,7.87896313,0.411421627,Postgraduate,High,48
Female,172.2820214,55.01648698,110/99,209.2435451,18.53586844,137.6361956,1.32157139,0.740222404,35.04743955,High,Never,Occasional,Low-carb,None,None,None,65.28005853,Fair,Normal,1.117227523,5.961964467,11.30857638,Undergraduate,High,29
Female,152.1414122,42.13686181,127/80,215.2529078,18.2040199,92.05960752,1.331703451,0.770095357,45.31789837,Moderate,Former,Frequent,High-fat,Diabetes,None,None,67.27995732,Good,Normal,9.691603311,9.70651633,10.21436505,High School,High,31
Male,167.7674039,87.1053711,140/97,231.0257188,30.94779897,151.9614212,0.599873461,0.373216157,35.97261646,Low,Former,Frequent,Balanced,None,None,None,67.04431941,Poor,Normal,4.412920732,9.145090427,4.135658647,Undergraduate,Low,68
Male,177.2586944,93.26711774,129/85,242.2141145,29.68338763,94.44057641,1.093266942,0.474757095,40.4035544,Low,Former,Occasional,High-fat,Diabetes,Regular,Heart Disease,67.81246099,Fair,Normal,1.175043182,1.721369735,8.895605139,Undergraduate,High,44
Male,164.6410126,82.38372262,149/86,239.1059659,30.39242511,134.6297884,1.164920591,0.456604402,38.0391578,Moderate,Former,None,Balanced,Diabetes,Occasional,Diabetes,67.57288578,Fair,Normal,7.005629636,9.564070871,7.926672535,Undergraduate,High,57
Female,163.0462055,77.61498991,175/113,270.775314,29.19605768,143.448568,0.103068943,0.2,76.05071674,Low,Former,None,High-fat,Heart Disease,Occasional,None,47.39137201,Good,Normal,3.677659615,5.417680034,11.44082336,High School,Medium,89
Male,183.9554687,75.2080834,139/102,213.4281724,22.22486413,136.1850719,1.020248378,0.545202483,44.57153256,Moderate,Former,None,High-fat,None,None,None,71.71625232,Good,Insomnia,6.389829795,7.636831004,11.48191245,Undergraduate,High,49
Male,177.3842956,84.47398887,164/101,231.0692501,26.84680859,115.295629,0.4646183,0.2,61.31109144,Moderate,Former,None,Balanced,Heart Disease,Regular,Hypertension,55.50068642,Good,Insomnia,3.937880337,0.502828704,4.851801763,Postgraduate,Low,68
Male,169.8475435,54.51945754,152/90,215.0196453,18.89874591,131.4032189,1.167852936,0.471116801,50.74585096,Low,Current,Occasional,Balanced,Hypertension,Regular,Heart Disease,60.88412316,Good,Insomnia,6.423546492,5.252060695,10.68499769,None,Low,53
Male,174.8906015,67.08225504,142/113,228.5234167,21.93182191,146.8182689,0.796506455,0.434432265,44.34296022,Moderate,Former,None,Vegetarian,None,Occasional,None,83.60914171,Fair,Normal,9.700278551,2.818509585,7.066535966,Postgraduate,High,53
Male,163.7016771,93.28362641,132/92,270.1058723,34.80961047,121.7485732,0.605996305,0.349000028,49.28052735,High,Current,Frequent,Vegetarian,None,None,None,67.10887129,Good,Insomnia,1.367501908,9.694585668,11.02407807,High School,Medium,66
Male,180.2128381,78.55559103,145/84,249.5058801,24.18831679,127.9162182,0.784817318,0.498760699,58.12063874,Low,Former,None,Balanced,Heart Disease,Occasional,Heart Disease,80.91237417,Good,Normal,6.655667468,7.616269728,6.016653216,Postgraduate,Low,61
Male,166.7756356,74.31622563,144/92,245.8308412,26.71889146,125.2892751,1.202534754,0.461998748,46.22069899,Moderate,Former,None,High-fat,Diabetes,Occasional,None,74.77571603,Fair,Normal,3.990148317,4.372286317,11.49244096,High School,Low,47
Female,157.4753251,53.83080488,137/85,195.2632378,21.70730189,122.8526039,0.863604705,0.41591608,52.50890917,Moderate,Current,Frequent,Low-carb,None,None,Heart Disease,68.31828118,Poor,Insomnia,9.93757345,7.705470448,6.208562201,High School,Medium,60
Female,158.7967367,59.07541124,140/98,231.7645088,23.42737379,116.2183391,1.486523074,0.733642692,22.74049104,High,Never,Frequent,High-fat,Heart Disease,Occasional,Hypertension,59.17379855,Good,Insomnia,5.539352438,9.671156174,8.305264774,High School,High,28
Female,155.5034249,62.57294984,144/101,243.0355354,25.87657016,125.1498149,0.804508373,0.461491013,50.47715375,Low,Current,Occasional,Low-carb,Diabetes,Regular,None,64.18923313,Fair,Normal,5.09769863,1.509649931,9.882891328,High School,Medium,57
Female,170.7388289,56.34563724,143/81,199.9608522,19.32839082,147.0335134,1.08682978,0.495703663,55.27372561,Low,Current,None,Low-carb,None,None,None,77.81097006,Fair,Normal,6.297468271,2.578256959,8.278219545,High School,High,41
Male,179.3477097,87.98593371,136/78,238.2932529,27.35404626,106.7369493,1.480277572,0.579800018,38.42065621,High,Current,Frequent,High-fat,Hypertension,Regular,None,70.79064511,Fair,Normal,6.020886843,4.664470898,6.909222979,Undergraduate,High,32
Female,159.8025535,62.90712771,125/101,241.6013838,24.63385759,139.9824351,1.459951882,0.611950362,41.03321276,Low,Current,None,High-fat,Hypertension,Regular,Hypertension,83.69741322,Good,Insomnia,2.468979694,0.222824281,10.8977863,Undergraduate,Low,30
Female,158.6887437,59.37882408,160/85,212.7607995,23.57975828,118.4733173,1.699517515,0.552025467,36.75985849,Low,Never,Frequent,Balanced,Diabetes,None,None,92.47272162,Good,Normal,8.221095991,2.817854966,7.508078549,High School,Low,28
Male,172.4570322,78.12004238,137/101,216.743164,26.26640606,133.3650753,1.09478299,0.521641284,55.92995078,Low,Current,Occasional,Balanced,None,None,None,76.33545792,Excellent,Normal,6.431549531,6.868871186,4.722168152,Undergraduate,High,45
Male,182.9664576,62.49584164,166/108,242.3476514,18.66844573,105.446471,0.966949283,0.405598743,46.41562959,Moderate,Former,Occasional,Balanced,Hypertension,Regular,Heart Disease,64.56542138,Fair,Normal,2.537833905,9.890739764,8.706782368,None,High,65
Male,177.4177103,87.91405795,142/91,243.5402588,27.92957883,113.2580725,0.591815867,0.353002207,50.2635599,Moderate,Current,None,Vegetarian,Hypertension,Regular,None,37.27069089,Excellent,Normal,8.768205663,5.844414641,2.558818385,None,Medium,69
Male,178.5168286,84.18130965,183/92,272.337245,26.41540977,150.5083627,0.08715214,0.2,75.01121748,High,Former,None,Vegetarian,Diabetes,Occasional,None,45.00841078,Fair,Normal,1.850354877,7.403645722,9.591902007,Undergraduate,Low,89
Female,152.3778771,67.11293853,176/102,250.8172116,28.9042974,104.4408052,0.230392406,0.2,67.00607835,Low,Never,Occasional,Balanced,None,None,None,49.25003673,Fair,Excessive,2.118741731,3.727267048,11.18382021,Postgraduate,Medium,85
Male,177.9394182,72.83484495,138/94,194.7554201,23.00355024,118.8948501,1.458609297,0.816150189,36.69986027,Moderate,Former,None,Balanced,None,None,None,69.61681207,Fair,Normal,9.208612539,7.43706162,4.74014004,None,Low,36
Male,168.1535356,74.28609497,127/95,203.3904668,26.27214441,89.16214316,1.104935816,0.552961987,48.61538203,High,Former,None,Low-carb,None,None,Diabetes,71.16206599,Fair,Normal,8.87473184,9.893646426,7.3277048,Undergraduate,High,30
Female,157.7385169,71.43094639,147/99,239.2454187,28.7085262,135.6601813,1.149146474,0.369848354,44.9514486,Low,Current,Frequent,Low-carb,None,None,Diabetes,74.68685903,Excellent,Normal,2.428098807,2.827644352,3.683779794,High School,High,58
Female,174.9893555,78.17351305,158/105,263.9715884,25.52915063,135.7644571,0.428983671,0.220107037,61.00164138,Moderate,Never,None,Balanced,None,Regular,None,73.5903978,Fair,Normal,3.909261123,8.875887121,8.04195093,Postgraduate,Low,70
Female,163.5582491,46.42681049,142/84,225.2004145,17.35497305,107.683043,1.917706377,0.746581163,22.96644369,High,Never,Frequent,High-fat,Hypertension,Regular,Diabetes,69.18279603,Fair,Normal,5.276965081,0.860136356,5.147339974,None,High,20
Male,173.0184465,83.2545377,145/113,273.098074,27.81141574,136.1384588,0.339358257,0.2,62.83369339,High,Current,None,Balanced,None,None,None,60.83429388,Fair,Insomnia,4.377383882,1.396368816,2.527002644,Undergraduate,Low,84
Male,174.4985171,62.81839273,124/82,222.0952523,20.63019528,128.0954501,1.714686856,0.817640942,46.39378831,Moderate,Current,Frequent,Balanced,None,Occasional,None,80.59008157,Poor,Insomnia,4.307136698,5.07191888,2.79203004,High School,Medium,20
Female,164.0705171,55.68008875,139/95,224.3941136,20.6842046,135.0327194,1.696645936,0.798094141,28.9339609,Moderate,Never,None,Balanced,Diabetes,Regular,Hypertension,74.36156232,Fair,Normal,3.310216065,0.209849818,3.275458412,High School,Low,18
Male,188.4801444,88.30185692,141/96,234.0244251,24.85642266,108.7649112,1.328447422,0.699423751,28.64192586,High,Never,Frequent,Balanced,None,Occasional,None,77.10514574,Fair,Normal,8.962491455,6.914791822,7.994199994,High School,Low,39
Female,158.2763039,62.16501639,143/117,227.9147285,24.81499847,122.9614562,0.811184298,0.405137962,41.18523934,Moderate,Current,None,Low-carb,None,None,None,64.03213083,Poor,Insomnia,8.801045084,5.44244621,0.468674146,High School,High,58
Female,164.6959802,50.91527834,138/94,222.6322156,18.77077153,135.2652157,1.577707624,0.928286575,42.17710525,Moderate,Never,None,Balanced,None,Occasional,None,52.93290403,Fair,Normal,4.819772433,1.148560693,1.66345276,Undergraduate,Medium,26
Male,165.4666053,88.0527399,134/92,230.3686942,32.1604532,125.9185313,0.840763235,0.503089571,31.04769895,High,Former,None,High-fat,None,None,None,69.80867629,Fair,Normal,2.651348839,6.034298585,0.678131291,Undergraduate,Medium,39
Female,154.2926086,74.27115059,140/94,224.0154752,31.19822664,138.6725268,1.29436665,0.786003761,51.42002737,High,Never,Frequent,Low-carb,Diabetes,Occasional,None,62.56051378,Excellent,Normal,1.859856809,1.940018144,10.16120639,Undergraduate,Medium,31
Female,165.0069551,74.52607825,169/103,257.7765915,27.37182583,148.1281992,0.36434522,0.249918346,56.49212393,Low,Never,Frequent,Balanced,Heart Disease,Regular,Diabetes,55.2731822,Good,Normal,9.855762024,8.472649839,0.314865465,Postgraduate,High,78
Female,175.8581019,60.50958058,147/87,199.0277732,19.56587974,127.3815868,1.478201847,0.594019112,39.75058068,Moderate,Former,None,Vegetarian,Heart Disease,Regular,None,65.4528947,Fair,Normal,7.370732802,2.175040667,8.543815752,Postgraduate,Low,34
Male,174.5301853,70.00871336,177/106,266.8796892,22.98322648,115.3779764,0.023704282,0.2,49.71757697,Moderate,Never,Occasional,Balanced,Heart Disease,Regular,Diabetes,54.89879266,Good,Normal,7.904031051,3.8072697,9.062226118,None,Low,85
Female,169.5047322,58.77173625,137/101,169.5830007,20.45525353,109.8665974,0.838484755,0.624512687,50.95330816,High,Never,Occasional,Vegetarian,None,None,None,63.78273348,Fair,Insomnia,9.86198945,2.888154063,9.433715782,High School,Medium,53
Female,164.9595251,64.71098477,144/80,197.1842209,23.78062222,156.2138114,1.310990813,0.881673537,33.46996656,High,Former,Occasional,Balanced,Diabetes,Regular,Diabetes,67.34124627,Good,Excessive,6.187087117,3.510749057,7.52986652,None,Low,28
Female,164.6098288,63.70897292,133/103,263.1243781,23.51197314,111.551129,1.26392806,0.871381182,20.05391447,Moderate,Never,None,Low-carb,Hypertension,Occasional,Hypertension,76.65198943,Fair,Normal,3.055896845,7.032282332,3.028340181,Postgraduate,Medium,27
Male,170.4026075,100.1142741,162/100,236.2373693,34.47811633,101.2177042,0.558522054,0.384969361,45.6200506,Low,Current,Frequent,Balanced,Hypertension,Regular,Heart Disease,63.23595408,Excellent,Insomnia,4.153531008,7.183782848,4.456816375,Undergraduate,Medium,79
Female,156.691591,66.51055757,136/92,237.7508316,27.08938891,129.8948478,1.135790115,0.396452675,35.06296432,Moderate,Current,None,Balanced,Hypertension,Regular,None,52.14996716,Fair,Normal,8.448646414,2.221891762,2.34032382,Undergraduate,High,41
Male,178.6470273,84.84859,149/96,213.9583534,26.58600254,127.2012022,0.983495076,0.400961631,63.87252079,Low,Never,None,Balanced,Hypertension,Regular,None,50.68183575,Poor,Insomnia,4.841455669,3.649785405,4.903297679,High School,Medium,56
Female,156.4612849,64.2757093,144/88,232.266332,26.25627383,104.0264872,1.236951252,0.572463934,31.98101249,Moderate,Former,Occasional,Vegetarian,None,Regular,None,70.39722925,Poor,Excessive,6.942455045,7.349955003,0.872304071,None,Low,44
Male,175.153211,94.74410979,118/97,206.8914127,30.88275332,97.96387937,1.498129194,0.853249436,41.3734776,Low,Former,Occasional,Low-carb,Heart Disease,Regular,Diabetes,65.88253111,Good,Insomnia,5.146349742,0.753123235,8.628664773,High School,Low,28
Female,158.6942911,60.22826031,171/109,245.0146692,23.91540343,112.3996538,0.471896372,0.2,64.54882305,Moderate,Former,None,Vegetarian,None,None,None,63.06603398,Fair,Insomnia,6.487316489,9.077599912,6.987979467,None,High,78
Female,159.8859704,61.58119588,135/96,266.5064914,24.08947881,139.5880754,0.652585644,0.38076501,42.4630523,Moderate,Current,Frequent,High-fat,Hypertension,Occasional,Diabetes,67.76478519,Poor,Insomnia,2.719957943,4.205485991,7.075011453,Undergraduate,Low,67
Female,161.6819572,81.72713831,132/107,196.0621216,31.2639017,110.9162874,0.922971316,0.323956653,57.12149063,Moderate,Former,Frequent,Balanced,Diabetes,Regular,Hypertension,72.96905271,Good,Insomnia,9.162514028,5.663818006,9.597434298,Postgraduate,High,52
Male,188.389807,70.09188334,155/93,236.8100986,19.74935548,117.986947,1.379064622,0.533492308,34.41726085,High,Never,None,High-fat,None,None,Hypertension,42.11762829,Excellent,Normal,7.131506773,9.858013507,11.31108257,Undergraduate,Medium,38
Male,172.9563969,91.78429473,149/95,249.6138638,30.682809,136.2481793,1.197713649,0.369878436,29.92670004,Moderate,Never,None,Balanced,Hypertension,Regular,Diabetes,64.02233988,Fair,Normal,9.083385007,4.651089562,4.398322304,None,Low,51
Female,167.2799251,58.14564441,161/98,240.271809,20.77923417,142.9601368,0.538564028,0.231812915,56.40164463,Moderate,Never,Frequent,High-fat,Heart Disease,None,Diabetes,57.90205881,Excellent,Normal,2.45698141,3.2879376,9.831144057,None,Medium,78
Female,170.2146862,61.05841903,166/114,287.7054802,21.07421945,161.7651333,0.115192697,0.243016469,67.41284957,Low,Former,None,High-fat,Diabetes,Occasional,Diabetes,47.35396979,Poor,Insomnia,8.222892121,9.271847451,11.6921499,Postgraduate,Medium,87
Female,164.0465516,77.61426463,172/112,251.203695,28.84080221,139.1506525,0.220123094,0.2,75.71155423,Low,Former,None,Balanced,Diabetes,Occasional,None,49.93126547,Fair,Excessive,5.579664807,2.979745523,1.909922373,Postgraduate,High,89
Male,171.783859,82.66600809,128/98,250.5704998,28.01317,128.0176248,1.640523703,0.945463475,50.17848002,Moderate,Never,Occasional,High-fat,None,Occasional,None,72.10920012,Good,Normal,5.822169816,3.076376081,5.87127024,High School,Low,22
Male,174.0407941,102.5490891,138/93,229.3169299,33.85553607,135.0609785,1.38495587,0.518592878,36.90671507,Moderate,Former,Frequent,Low-carb,None,None,None,77.01619449,Good,Normal,6.926558025,1.159335107,4.648301876,Undergraduate,Low,40
Male,173.3013165,80.67556035,146/100,225.0526324,26.86199519,111.5790038,1.26671059,0.425990238,19.06004737,Low,Never,Occasional,Vegetarian,Heart Disease,None,Hypertension,93.60374475,Fair,Excessive,3.27623135,7.421790383,0.655515465,Undergraduate,Medium,41
Male,164.954353,74.44246456,130/90,248.6144551,27.35855663,115.2205512,0.63831406,0.40930864,46.20813859,High,Current,Frequent,Balanced,Hypertension,Regular,Heart Disease,69.02842073,Excellent,Excessive,1.3900486,6.145186797,8.320650331,None,Low,64
Female,161.6173533,63.64200569,164/103,276.0552779,24.36508202,139.0307084,0.537397507,0.2,62.97008173,Moderate,Current,Frequent,Low-carb,None,None,None,64.38579064,Good,Normal,9.974217025,8.043219414,8.757512785,High School,Medium,79
Female,164.1830426,68.46034411,171/98,232.6984149,25.39700348,146.0901029,0.777799927,0.425751907,42.87409038,Moderate,Former,None,Vegetarian,Diabetes,Occasional,Diabetes,72.81204269,Excellent,Insomnia,3.147618194,8.033127564,4.729874162,High School,Medium,63
Male,168.6815996,83.67659361,121/75,214.686776,29.40820862,136.2387784,1.160937393,0.599288338,48.90586245,Moderate,Never,None,High-fat,Hypertension,Regular,None,58.71731889,Good,Normal,9.200195297,5.014065577,3.236409183,High School,Medium,38
Male,165.3291566,60.65939521,156/94,266.021106,22.19213959,122.7334702,0.386310546,0.259952042,47.85954073,High,Former,Occasional,Low-carb,Heart Disease,Regular,Hypertension,55.1141773,Good,Insomnia,1.84747428,8.83922542,6.525327706,None,High,77
Male,171.0960348,74.97984034,140/85,219.5260947,25.61324607,131.2557818,1.250070614,0.696630119,39.54723303,Low,Current,None,Balanced,Diabetes,Regular,None,60.93331262,Good,Normal,9.012965728,0.092539202,11.71523766,Undergraduate,Low,28
Female,156.0046486,62.48119864,137/97,266.7972907,25.67286122,128.860972,1.008225987,0.4702209,56.06436868,Moderate,Never,Frequent,Low-carb,None,None,None,83.1756272,Fair,Insomnia,5.497005626,3.067658207,6.380912779,Undergraduate,Low,54
Male,183.3553595,67.08149614,169/82,253.8360816,19.9533363,151.6237343,0.989690392,0.356663061,50.68400919,Moderate,Former,None,Low-carb,None,Occasional,Diabetes,53.08486248,Good,Normal,7.313531119,0.90373538,0.971032946,None,Medium,58
Male,178.2201966,85.66292498,130/88,237.2500755,26.96988301,145.6298326,1.639270246,0.817740758,43.15429814,Low,Never,Occasional,Low-carb,None,None,None,77.36459713,Fair,Normal,7.01184374,6.498223366,11.29122571,Undergraduate,High,22
Male,176.0944409,83.06598013,145/93,242.2080191,26.78748259,103.5220793,1.160284706,0.624027088,31.15557411,Low,Current,Occasional,Balanced,Heart Disease,Occasional,Heart Disease,74.52160252,Fair,Normal,2.17314286,3.205099552,2.324862138,Undergraduate,Medium,35
Female,168.9778853,58.80128929,136/95,219.5487433,20.59335505,101.8335166,0.852652795,0.450643542,60.68358611,Moderate,Current,None,High-fat,Heart Disease,Regular,Hypertension,72.56805677,Fair,Normal,7.304283112,9.162338333,0.130745676,Postgraduate,Low,56
Male,173.8151886,84.67797592,158/83,188.0484899,28.02818791,98.73886608,1.63868348,0.655221038,48.63825174,Moderate,Never,Occasional,High-fat,Diabetes,Regular,Hypertension,71.06256541,Poor,Excessive,5.975560079,7.545379762,0.460188611,None,Low,30
Male,178.2149331,95.6206164,127/91,207.441955,30.10671386,136.8170999,0.92571003,0.633472251,27.11888778,Moderate,Former,None,Balanced,Hypertension,Regular,Hypertension,61.14736977,Good,Normal,7.823579701,6.857331016,1.318385734,Postgraduate,Low,48
Female,167.4533342,57.7855925,144/76,240.6975115,20.60781619,99.17851631,1.052003999,0.577210847,26.64391541,High,Former,None,High-fat,Diabetes,Occasional,None,77.05017137,Excellent,Insomnia,1.508931291,5.92019667,2.204512625,High School,Low,53
Female,163.7116917,68.2202048,178/104,224.3086625,25.45385854,154.3068717,0.585043735,0.494110929,74.70773724,Moderate,Former,Frequent,Vegetarian,Heart Disease,Regular,Diabetes,46.6481826,Good,Normal,9.875591985,1.526618698,4.398141067,None,Low,82
Female,172.1943645,66.02645103,153/101,252.8178568,22.26794225,139.9324977,0.846834258,0.469564434,61.19649922,Moderate,Former,None,High-fat,None,None,Diabetes,68.51900989,Fair,Normal,4.911684775,6.917034179,9.732945367,Undergraduate,Medium,53
Female,164.1129586,70.35718748,116/83,216.9158179,26.12298016,102.4457388,1.170762648,0.81094763,54.46359759,Moderate,Former,None,Balanced,Heart Disease,Regular,Hypertension,85.58516446,Fair,Normal,8.165923921,0.643241945,11.31808861,High School,Medium,33
Female,171.6067121,82.97016516,141/89,252.4965637,28.17431809,99.756033,1.204418498,0.493038917,64.97142995,Moderate,Never,Frequent,Vegetarian,Heart Disease,Regular,Diabetes,73.72007692,Good,Normal,4.746576734,1.560485977,3.052016562,Postgraduate,High,53
Male,182.3761472,89.92957761,134/95,226.6572335,27.03749673,142.6120726,1.17791947,0.625843382,45.30295051,Low,Former,Frequent,Vegetarian,None,None,None,85.69848575,Fair,Normal,7.311144501,9.319212642,5.507814083,High School,High,49
Female,158.3031112,61.07325346,153/80,178.0770415,24.37093298,102.9034453,1.420927683,0.835112706,37.88841503,High,Never,None,Low-carb,Diabetes,Regular,None,63.4063819,Excellent,Insomnia,5.065922057,8.579670912,6.896803818,Undergraduate,High,23
Female,155.8892218,54.05563951,121/88,221.3380582,22.24379231,102.710322,1.674424191,0.632130362,24.46340649,Moderate,Current,None,Low-carb,None,None,None,69.46378681,Poor,Insomnia,8.623640239,2.466067637,8.872954673,Undergraduate,Medium,32
Female,153.6546912,63.49044517,146/91,214.0382076,26.89160504,124.0160999,1.426003574,0.78121143,46.964657,Moderate,Never,None,Low-carb,Diabetes,Regular,Hypertension,51.42840341,Good,Normal,6.661422942,4.504673277,2.027484493,High School,Medium,26
Female,153.5758113,78.54744234,155/95,264.794177,33.30323421,145.9463982,1.055938879,0.419113267,40.52451087,Moderate,Current,None,Balanced,Heart Disease,Regular,Diabetes,47.03355495,Excellent,Normal,1.984989944,8.831855787,8.497801255,High School,High,44
Male,169.5168387,89.42306431,151/95,234.1260002,31.11887289,127.3719601,0.965449597,0.474793469,49.51993431,Moderate,Former,Occasional,Vegetarian,Diabetes,Occasional,Hypertension,79.70702692,Poor,Insomnia,3.452033973,2.261146302,3.053890892,None,Medium,49
Male,167.5528056,65.94434485,113/89,211.9603597,23.48952038,123.5857608,1.541833197,0.506125876,32.18935273,Moderate,Never,None,Low-carb,None,Occasional,None,81.71750141,Poor,Insomnia,8.909435248,3.973559541,2.952658104,High School,High,29
Female,167.5726052,60.61921352,152/104,232.7595449,21.58759463,141.5596105,0.487827225,0.398900972,62.5651292,Low,Former,None,High-fat,None,Occasional,None,53.27139027,Good,Insomnia,4.944471243,2.384122518,6.570531851,Postgraduate,Medium,70
Male,170.439174,89.35849434,126/90,234.0626161,30.76075573,114.5791936,1.365907247,0.795636175,29.76312097,Low,Never,Occasional,High-fat,Heart Disease,Regular,Heart Disease,74.49313874,Fair,Normal,7.70056333,5.20209074,2.701167005,High School,Medium,28
Male,171.5922469,71.9732421,140/99,272.6487585,24.44419526,147.8593551,0.463356577,0.2,51.4065052,High,Current,Occasional,Balanced,None,None,None,44.82374463,Excellent,Normal,1.676625265,7.500221904,9.452649448,Undergraduate,Low,74
Male,181.2573988,62.33750023,147/82,180.8131186,18.97395633,133.167795,0.795977486,0.408773482,55.39287474,Moderate,Never,None,Vegetarian,None,None,None,46.90546667,Fair,Normal,4.009730062,6.304160284,0.824216235,None,Medium,61
Female,160.1397479,73.1812025,148/82,259.3071703,28.53653646,114.8392737,1.928408458,0.784468613,37.2619275,Moderate,Former,Frequent,High-fat,Hypertension,None,Diabetes,87.09903441,Good,Insomnia,5.620531619,7.310663733,0.2280888,High School,High,23
Female,159.3744828,62.47902457,135/106,271.8246042,24.59782252,113.7868047,1.307345544,0.507219112,37.23170654,Moderate,Current,Frequent,Low-carb,None,None,None,56.82485986,Poor,Excessive,9.564047673,0.759886519,6.441709023,Undergraduate,High,41
Male,162.531617,84.59482741,156/88,208.6795887,32.02344842,97.4017816,1.380954599,0.638799767,39.90330704,Low,Never,Occasional,Low-carb,Heart Disease,Occasional,Hypertension,72.30183426,Excellent,Normal,2.074516995,6.531459881,7.21760114,None,Medium,32
Male,184.3109332,86.11969689,167/95,211.8103764,25.35130363,115.332363,0.585037064,0.457708159,53.60297053,Moderate,Never,Frequent,Balanced,Diabetes,Occasional,Heart Disease,64.82870138,Fair,Normal,2.396861013,3.998339976,2.601252149,High School,High,70
Male,166.8712888,92.92831772,156/118,255.5420941,33.37219977,106.2973427,0.429974736,0.2,74.27393992,Moderate,Former,Occasional,Balanced,None,None,Diabetes,55.53027491,Good,Excessive,3.090737963,5.30079102,4.123463954,None,Low,81
Male,180.2099308,79.52888379,144/83,218.2297469,24.48879679,130.1453761,1.170668833,0.532662736,37.993244,Low,Never,Frequent,Balanced,Heart Disease,Occasional,Heart Disease,62.33919496,Good,Normal,6.088021147,0.506000849,9.612034772,High School,Medium,43
Male,166.1830609,84.28631455,135/103,238.685795,30.51993166,142.9398489,0.903299653,0.488374028,41.36318728,Moderate,Former,None,Vegetarian,Heart Disease,Occasional,None,60.4918971,Excellent,Normal,2.196266459,4.733402221,5.543208874,Postgraduate,Low,50
Female,163.4233378,51.2871711,136/93,216.0231923,19.20350895,122.2453038,1.620177377,0.914625785,38.67180562,Low,Former,Frequent,Vegetarian,None,None,None,60.50318822,Fair,Insomnia,7.673418334,6.009573107,1.341036045,Undergraduate,Low,31
Male,174.8043656,89.9521271,151/100,225.4581214,29.43790425,117.191316,0.506156649,0.261411575,59.73875678,Low,Former,Occasional,Balanced,Hypertension,None,None,57.16057757,Good,Excessive,7.149119906,6.554275011,6.665921958,High School,Medium,75
Male,162.7003319,84.14777525,145/85,234.9745116,31.78818708,125.8119101,1.260866698,0.5252556,36.16159609,Low,Current,Frequent,High-fat,None,None,None,70.95717812,Fair,Normal,6.116629721,7.271297185,9.298318844,Undergraduate,Low,38
Female,157.5133018,54.16233563,156/103,232.0283424,21.83046134,121.7465888,0.236880261,0.263118416,51.63152956,Moderate,Former,Frequent,Balanced,Hypertension,Regular,Diabetes,54.74061669,Good,Normal,5.14114495,0.825050847,10.10398999,None,Medium,72
Male,175.9759061,65.6066449,155/109,253.5855101,21.18563123,129.2751922,0.818804796,0.441341205,57.16712116,Moderate,Current,Frequent,Low-carb,None,None,None,54.85688212,Good,Normal,5.072230454,5.107829905,6.380507959,Postgraduate,Medium,59
Male,179.9415894,97.04473394,159/84,226.3833429,29.97152692,112.3992297,1.197637031,0.533936284,74.97009589,Moderate,Never,Occasional,Low-carb,Heart Disease,Regular,None,59.42390467,Fair,Normal,2.806679648,9.002165024,5.961495101,Undergraduate,Low,53
Male,181.5763482,59.85932367,158/97,247.2222435,18.15571056,150.4891727,0.161125247,0.319177989,51.89812951,Low,Current,None,Vegetarian,Hypertension,Occasional,Hypertension,62.70422268,Fair,Normal,7.93806115,8.04369625,2.992255562,None,Low,73
Female,162.5937166,54.020484,130/96,233.4360604,20.43388544,113.1894493,1.601279097,0.719424141,62.35639811,High,Never,Frequent,Vegetarian,Hypertension,Regular,Hypertension,84.70012824,Poor,Insomnia,7.411252735,7.31877355,5.270171358,None,Medium,25
Female,163.7176693,83.04448972,178/113,264.4448974,30.98273225,137.544085,0.936319843,0.487818488,66.04687933,Moderate,Never,Frequent,Vegetarian,Diabetes,Regular,Heart Disease,57.37488109,Good,Normal,9.776284294,7.126269631,4.545719457,Undergraduate,Medium,59
Male,192.6165259,71.78842425,148/95,219.7473454,19.3493923,134.8246318,1.232591881,0.39016351,69.09842818,High,Never,Frequent,Balanced,Heart Disease,Occasional,Hypertension,82.14508929,Good,Insomnia,2.652622564,4.006285328,0.820573465,Undergraduate,High,47
Female,159.2832903,59.78144542,122/93,191.2467456,23.56274997,101.1316931,1.253489118,0.549521474,54.3548695,High,Former,Occasional,Balanced,None,None,Hypertension,55.05185659,Good,Excessive,9.229271682,2.537626123,4.821832885,Undergraduate,Medium,43
Female,164.6799995,49.06326875,136/70,194.1316745,18.09150785,133.2718088,1.541398201,0.69546557,31.04188956,Moderate,Never,None,Balanced,Hypertension,Occasional,Diabetes,72.46704741,Poor,Insomnia,7.454849319,4.312369914,0.239186005,Undergraduate,Medium,23
Female,172.3024959,63.14467939,121/79,211.6342561,21.26932098,115.0635356,1.618591819,0.922315043,27.57343048,Low,Never,Occasional,High-fat,None,None,None,81.34264847,Poor,Excessive,6.371968311,0.19887018,1.27246177,Postgraduate,High,18
Male,172.4859067,76.29118373,139/98,213.9128875,25.64289899,121.9674846,1.4658314,0.713472846,39.99002631,Low,Former,Occasional,Vegetarian,Hypertension,Regular,None,64.08792641,Fair,Normal,7.035706854,1.050664812,10.69162363,High School,High,30
Female,168.0622251,68.40870791,132/100,253.8047019,24.21983439,107.1177041,1.353633192,0.512103458,44.85342037,Low,Former,Occasional,High-fat,Hypertension,Occasional,Heart Disease,83.37500129,Fair,Insomnia,5.553714821,3.955387477,4.736125921,Undergraduate,Medium,33
Female,164.6565199,65.4191804,172/95,199.8900028,24.12943953,117.7519476,1.425071779,0.765247537,37.34023828,Moderate,Never,Occasional,High-fat,Heart Disease,Regular,Heart Disease,74.42164488,Poor,Insomnia,2.35265512,1.958507769,3.820502677,Undergraduate,Low,36
Male,178.5298007,76.21769528,131/90,198.6865746,23.91301696,116.6154033,1.194698914,0.68504204,62.99173128,Moderate,Never,Frequent,Vegetarian,Heart Disease,Regular,Diabetes,49.11449427,Good,Insomnia,8.407652649,3.745671375,11.0013747,High School,Medium,42
Male,183.057608,83.52011708,128/87,234.4439096,24.92387291,115.3163067,1.536602892,0.57325785,24.6180496,Moderate,Current,None,Low-carb,None,None,Diabetes,38.66055682,Good,Normal,3.090685927,2.220928311,8.90219301,None,Low,44
Male,167.0419017,88.96623908,177/106,250.3320116,31.88411599,121.8031117,0.410720367,0.348915914,63.97919857,High,Former,Occasional,Low-carb,Hypertension,Regular,None,61.75281383,Good,Normal,4.252997389,4.893310802,11.50856006,Postgraduate,High,76
Male,164.6508681,91.58815948,174/93,281.4649296,33.78401664,127.8864814,0.054506089,0.2,54.11860715,Moderate,Former,Occasional,Low-carb,None,Occasional,None,46.22888919,Good,Insomnia,8.249649658,3.784717648,8.962163699,Postgraduate,High,89
Male,175.2528113,110.5475023,137/94,223.374628,35.99307471,127.156825,1.064764917,0.31459645,57.09371569,High,Former,Frequent,Balanced,Heart Disease,Regular,Diabetes,53.00817876,Good,Normal,8.302543411,8.316534876,3.956669506,Undergraduate,Low,52
Male,171.5948211,74.20532786,137/96,198.1210156,25.20152001,131.7452562,1.193059152,0.577003009,39.0320753,Moderate,Current,None,Low-carb,Heart Disease,Occasional,Diabetes,77.31996727,Fair,Normal,4.470723644,2.957107702,0.203930995,None,Medium,48
Male,181.929656,98.3036395,148/116,241.6933495,29.70042066,150.7150734,0.438923908,0.2,71.60358347,Moderate,Former,None,Balanced,Diabetes,Regular,Hypertension,51.43898484,Fair,Excessive,7.219811678,9.315196276,1.415198339,None,Medium,80
Male,169.3967695,86.5343787,136/98,331.300589,30.1563262,117.6616651,0.738660995,0.506138546,68.73124337,Moderate,Current,Frequent,Balanced,None,None,Diabetes,55.56710397,Excellent,Normal,7.309746542,4.814072133,3.062105323,High School,Low,62
Female,161.7535066,66.28140423,161/109,237.8602167,25.33286404,169.5750334,0.644604556,0.2,57.7091132,Moderate,Former,Occasional,Low-carb,Hypertension,Regular,Hypertension,62.18402909,Good,Excessive,7.399177267,4.266580408,5.358981325,Postgraduate,Medium,77
Female,155.536999,71.63383049,186/109,198.984206,29.61084113,121.3413699,0.669087094,0.325756134,52.62394271,Low,Never,Occasional,Balanced,Hypertension,Regular,Heart Disease,69.74731728,Good,Normal,8.735908499,4.742965025,0.716679468,None,High,67
Female,154.0682621,58.99078067,115/91,218.290743,24.85179579,119.1113251,1.68550835,0.607318691,46.71511166,Moderate,Former,None,Low-carb,None,None,None,68.6489759,Excellent,Normal,2.83360907,4.198254451,3.868041415,Undergraduate,Medium,19
Male,179.2738286,80.55498874,127/104,251.6819514,25.06447744,107.0660434,1.090443685,0.696723942,43.33349812,Low,Current,None,Balanced,Hypertension,Regular,Heart Disease,65.05918758,Fair,Normal,7.089503033,8.178494536,6.164718305,High School,Low,38
Male,169.9588597,80.84836426,143/82,222.7582744,27.98875757,108.852791,1.463990022,0.849755589,31.86845003,Moderate,Never,None,Balanced,Hypertension,Occasional,Heart Disease,54.92813544,Fair,Normal,9.112376515,0.213220735,1.860412337,Undergraduate,Low,25
Male,176.864251,79.30039445,137/105,215.5875877,25.3510078,137.3513902,0.645243021,0.421107799,62.79186123,Moderate,Former,Frequent,Balanced,None,None,None,60.74551535,Excellent,Insomnia,4.369925416,7.474425253,9.697267975,Undergraduate,Low,55
Female,163.4930653,63.23556009,143/93,256.1533571,23.65716488,128.5292862,0.797119678,0.27012057,56.7065061,Moderate,Never,None,High-fat,Hypertension,Occasional,Heart Disease,74.14240174,Good,Normal,1.598575559,4.250465938,1.510774637,None,High,69
Female,165.3317651,78.25308997,142/99,252.5760019,28.62786039,121.2903604,1.124922068,0.336632856,46.14580364,Moderate,Never,None,Balanced,Diabetes,Regular,Diabetes,76.73012406,Fair,Insomnia,3.148988195,8.829757349,11.43698775,None,Low,46
Male,178.4462614,108.8783104,142/90,249.1005672,34.19215437,123.7966053,1.388790591,0.80289066,48.18780588,Moderate,Never,None,Vegetarian,None,None,None,56.83439941,Fair,Normal,7.367989753,4.293427373,1.096340848,Postgraduate,Medium,31
Male,184.3779721,91.80809016,155/116,227.0955054,27.00616302,139.7157739,0.365177032,0.250846814,79.41697997,High,Current,None,Vegetarian,Hypertension,Regular,None,75.43041251,Poor,Excessive,7.974915845,9.407524526,3.627598849,Postgraduate,Medium,76
Male,181.8340453,81.7908288,154/93,237.4352688,24.73740889,129.0518394,0.486967017,0.2,51.96735788,High,Former,Occasional,High-fat,None,None,None,67.34263067,Fair,Normal,7.85563212,3.587978572,8.601576352,Undergraduate,High,79
Female,152.7506253,58.64791473,153/99,227.3765987,25.13544519,103.1458821,1.225496463,0.485081557,44.37267666,Moderate,Current,Occasional,Balanced,None,None,None,72.22163946,Good,Normal,4.898967717,7.499174221,5.505755139,None,Low,33
Female,161.070548,65.12178065,135/94,196.3005104,25.10117173,95.15511994,1.200630829,0.35691664,32.73322305,Moderate,Never,Occasional,High-fat,Diabetes,Regular,Hypertension,48.50160465,Good,Insomnia,8.220612772,9.7266879,7.552204421,Postgraduate,Low,45
Female,152.4400236,70.90665193,184/98,190.3338713,30.51328496,133.4963458,0.13459259,0.2,76.50650204,Low,Never,Occasional,High-fat,Diabetes,Occasional,Diabetes,40.53608272,Fair,Insomnia,7.32318913,0.599121759,8.044917319,High School,Medium,87
Male,175.7685446,82.95590717,139/105,286.3530695,26.85128064,118.0849217,0.860096292,0.396193069,62.60484412,Moderate,Former,Occasional,Vegetarian,None,None,None,52.63596009,Good,Normal,8.192299501,1.574513336,2.238080193,Postgraduate,High,66
Male,179.7781939,87.58419006,141/91,232.9446184,27.09890185,95.84446367,1.694703214,0.787291412,27.25006313,Moderate,Current,Occasional,High-fat,None,None,None,71.54710129,Good,Insomnia,5.197277069,5.306355824,9.047238531,Undergraduate,Medium,24
Female,159.4959518,55.75761782,138/93,202.1059331,21.91819981,118.3707699,1.512502474,0.66062316,38.67169975,High,Current,Frequent,Vegetarian,None,None,None,67.45639575,Good,Insomnia,5.805592574,7.939272752,3.310558557,Undergraduate,Medium,23
Male,183.5992726,71.4202105,139/92,243.8037237,21.18747551,137.6259508,0.93750433,0.301247083,36.47487959,Moderate,Never,None,High-fat,None,None,None,61.05213291,Good,Normal,2.130962947,1.390341588,2.194490977,Postgraduate,Medium,57
Male,183.8225879,77.69814007,154/94,235.2316225,22.99391232,136.268153,0.259559555,0.392597796,67.17579478,Moderate,Former,None,Low-carb,None,None,None,71.20172744,Fair,Normal,8.882072029,8.430143548,2.101998287,Postgraduate,Medium,77
Female,174.7303473,85.1294338,126/79,234.5540152,27.88322893,112.6758247,1.446203949,0.612908562,50.1591064,Low,Current,Occasional,Vegetarian,Heart Disease,Occasional,None,80.41064843,Fair,Insomnia,6.253852788,3.660005478,7.831555633,High School,Low,32
Female,162.749266,69.07977545,173/99,224.9180294,26.08031547,147.7896332,0.393647477,0.252016709,58.86103141,Moderate,Never,None,High-fat,Hypertension,Occasional,Heart Disease,67.5665321,Good,Insomnia,1.881721814,6.797565877,3.519939998,Undergraduate,Medium,80
Male,174.4409481,85.26594805,138/92,227.0573833,28.02068502,150.8106607,1.021574975,0.402149583,41.22847542,Low,Current,Frequent,Vegetarian,Hypertension,None,Diabetes,89.04369708,Good,Insomnia,1.590856452,5.312225839,1.633612847,Undergraduate,High,53
Female,160.235675,71.92449593,152/92,242.3447605,28.01292112,125.7779103,0.42598504,0.2,59.25623953,Moderate,Never,Occasional,Vegetarian,Heart Disease,Regular,Diabetes,57.71507362,Fair,Insomnia,5.82438205,1.178827844,7.821136069,None,Low,75
Male,182.3496052,80.59593627,136/87,307.5445193,24.23837443,170.8315219,0.421601756,0.243414202,62.50921498,Moderate,Former,Occasional,Balanced,None,None,None,38.29343828,Excellent,Insomnia,4.096696938,9.136327462,1.852921294,None,Medium,80
Male,168.6631482,93.53750157,153/104,252.4358256,32.881026,110.104489,0.258583757,0.2,69.59025952,Moderate,Current,Occasional,Balanced,Hypertension,Occasional,Diabetes,38.58957424,Good,Normal,6.547559723,5.636049226,2.112337833,Postgraduate,Medium,86
Male,176.7305367,103.7550561,144/96,231.7494407,33.21896348,135.4762514,1.060049309,0.243417007,33.89496465,High,Never,Occasional,High-fat,Hypertension,Occasional,Diabetes,80.22407258,Good,Insomnia,7.961897663,7.378273273,4.098996627,Postgraduate,High,47
Male,178.0483853,78.51823444,183/88,287.0122348,24.76820003,156.9258966,0.342842436,0.2,53.79699146,Moderate,Current,None,Vegetarian,None,Regular,Diabetes,73.10816509,Fair,Normal,6.282506299,8.380294124,6.528669622,Undergraduate,High,88
Male,176.1120527,67.77615462,143/89,209.1543765,21.85238114,118.4200388,1.01345245,0.775341277,55.03413915,Low,Former,Occasional,Balanced,None,None,None,69.33310684,Poor,Normal,5.859285419,4.499386621,2.909385471,Undergraduate,Low,38
Female,164.1731059,59.75107434,117/89,229.0959385,22.16877468,119.3231765,1.080495413,0.718993105,38.4121172,Low,Current,None,Balanced,None,None,None,65.1279212,Good,Normal,9.689158675,2.973617366,2.977130534,Undergraduate,High,40
Female,162.0450178,62.6358537,158/101,238.7874102,23.85347382,162.5431072,0.543903752,0.437067839,70.68965025,Moderate,Never,None,Balanced,None,None,None,74.23270926,Good,Normal,2.932601521,7.316600193,5.644075376,Undergraduate,Medium,76
Male,181.9821091,84.64546902,160/114,227.9355005,25.55914534,114.3273573,0.237601058,0.375496573,66.51588449,High,Former,None,High-fat,Diabetes,Occasional,None,54.84362071,Fair,Normal,6.947271486,3.192039358,5.173961918,None,High,75
Male,182.4980862,74.087941,115/80,204.2666791,22.24492246,115.2514978,1.43717197,0.74056295,26.66849137,Moderate,Never,Occasional,Balanced,None,None,None,61.17117445,Poor,Insomnia,8.450564464,7.383375358,10.68226713,Postgraduate,Low,18
Female,161.8118683,55.23794097,157/107,244.5295945,21.09680735,130.2917198,0.480935243,0.233511077,39.63827636,Low,Never,Occasional,Low-carb,None,None,None,59.29157457,Good,Normal,2.41135601,0.437517,10.28070233,High School,High,83
Female,162.4982292,69.22118115,136/107,213.1070706,26.21450975,143.5633092,0.263904419,0.2,64.87873228,Low,Never,Occasional,High-fat,Diabetes,Regular,Hypertension,73.7432434,Good,Insomnia,1.566393134,5.845098951,11.39622591,Undergraduate,Medium,73
Male,191.8074923,78.54935754,129/97,225.7444042,21.35066973,118.6819509,1.278411909,0.551601241,41.53270389,Low,Never,Occasional,Balanced,Hypertension,None,Hypertension,78.81103899,Fair,Normal,8.461728911,7.815277332,8.057029802,High School,Low,41
Female,164.8698024,65.33601707,138/81,228.1917145,24.03645528,147.3519035,1.001153734,0.338927538,47.64588091,Moderate,Current,Frequent,High-fat,Hypertension,Regular,None,75.66135306,Good,Normal,2.545890311,0.102127496,10.30448188,Undergraduate,Medium,61
Female,162.6687192,93.75789884,122/98,233.8164214,35.43233487,158.964432,1.249543622,0.49953954,35.47936438,High,Current,Occasional,Balanced,Heart Disease,Occasional,None,81.52727681,Good,Insomnia,9.309466777,6.372856468,11.42206256,None,Low,45
Male,175.6179995,81.48515309,130/82,273.2360812,26.42046362,124.2845689,1.340752547,0.620949625,50.50317406,High,Never,None,Low-carb,Diabetes,Occasional,Diabetes,68.79178463,Good,Excessive,1.931124553,2.797307468,6.450777799,Undergraduate,Medium,40
Female,159.1669173,71.99201834,128/75,239.6223124,28.41703352,123.2306325,1.536196972,0.807075324,28.2925578,Low,Never,None,High-fat,Diabetes,Regular,Hypertension,73.00692583,Fair,Normal,3.499634337,9.528253149,1.036909917,Postgraduate,Medium,24
Male,163.2582518,73.62701838,135/106,224.7371073,27.62402322,107.4381318,1.155859759,0.557436677,49.7824781,High,Never,Occasional,Balanced,Diabetes,None,Hypertension,63.58192313,Poor,Insomnia,4.075955803,2.064339947,11.16058396,None,Medium,41
Male,191.5810153,76.70258677,164/107,283.1584144,20.8980166,137.4790874,0.260931686,0.2,62.59744381,High,Current,Occasional,Low-carb,Hypertension,Regular,Diabetes,52.8510014,Excellent,Normal,6.004664766,6.315447714,11.87141469,Postgraduate,Medium,84
Female,147.7981863,65.76192421,176/85,241.8784822,30.1048386,111.5170809,0.709120928,0.374742001,62.49025228,Low,Former,None,Low-carb,Hypertension,Occasional,Heart Disease,47.62997536,Excellent,Insomnia,4.437077389,7.139147417,7.818581128,None,Medium,67
Female,158.5938916,58.72053919,165/121,290.2390484,23.3462495,126.674085,0.446654458,0.2,60.54100923,Moderate,Never,None,Vegetarian,Heart Disease,Regular,Heart Disease,46.89767526,Good,Normal,1.307931276,8.918227876,9.033154094,Undergraduate,High,83
Male,181.2290164,83.4365418,153/96,272.8217012,25.4039254,127.4501115,0.571657031,0.2,58.4587648,Moderate,Current,None,Balanced,Diabetes,Occasional,Diabetes,57.19194641,Good,Normal,9.546725833,2.890340642,11.92120859,High School,Low,76
Female,161.8455018,79.40991493,125/98,230.2460983,30.31610928,118.6997469,1.405179334,0.822145759,35.59211111,Moderate,Former,None,Vegetarian,Diabetes,Occasional,Diabetes,64.86002143,Fair,Insomnia,7.679602193,2.923418253,3.922183422,High School,Low,34
Female,161.9093185,80.7861539,161/91,241.5174667,30.81720471,131.9956807,0.861834922,0.620277845,49.13281022,Moderate,Never,Frequent,Low-carb,Hypertension,None,Diabetes,72.72509733,Excellent,Normal,6.134369989,8.788721884,3.395252796,Undergraduate,Low,46
Female,168.2582552,70.95831865,158/117,215.478046,25.06400996,115.1285101,1.03243873,0.455222808,51.19027223,Low,Never,Occasional,Balanced,Diabetes,Occasional,Hypertension,56.9191347,Good,Excessive,4.171444832,7.402843403,3.087510811,Undergraduate,Medium,61
Male,168.8759972,68.30291265,161/103,221.5640837,23.94988161,102.5739261,0.916424229,0.554225678,42.37761921,High,Never,None,Low-carb,None,None,Diabetes,54.56687142,Good,Insomnia,2.431574566,6.157338335,10.44748276,High School,High,58
Male,176.9630248,87.00224878,147/101,228.9852387,27.78212188,123.0831154,0.8894662,0.451505091,38.26676655,Low,Former,Occasional,High-fat,Hypertension,None,None,64.6407172,Excellent,Normal,1.376631504,7.460812668,2.676002172,Postgraduate,Medium,52
Female,166.0158464,64.10210969,175/101,270.8515701,23.25804654,130.4982902,0.267828804,0.2,49.35503579,Low,Former,Occasional,Vegetarian,Diabetes,Regular,Hypertension,62.59068029,Excellent,Normal,5.989527805,3.278009686,2.646816884,High School,Medium,80
Male,158.7067538,85.43115351,158/103,229.5351602,33.91762649,150.5014427,0.849309681,0.368086748,61.73101455,High,Current,None,Vegetarian,Hypertension,Regular,Hypertension,53.92593313,Excellent,Normal,8.930954385,1.610797015,4.972807773,High School,Medium,60
Male,180.6206495,85.37717856,169/108,226.3214731,26.17019746,138.1392889,0.58642925,0.259196144,69.81223523,High,Current,Occasional,Vegetarian,None,None,None,43.57904118,Good,Normal,1.303759529,3.125296209,1.994585934,None,Medium,75
Male,185.3121113,60.734796,128/97,196.9360927,17.68601418,133.7924429,1.430994172,0.75413703,53.95320464,Moderate,Current,Frequent,Low-carb,None,None,None,76.65182788,Poor,Excessive,9.242677899,4.060449325,10.75801426,None,Medium,37
Female,153.3137594,50.90320705,142/88,238.9101147,21.65623118,134.3959788,0.839352425,0.2,53.32696319,Moderate,Never,None,Balanced,None,Occasional,None,61.88854708,Poor,Excessive,5.426719061,4.865493806,7.540286758,None,Medium,63
Female,171.1799879,68.68073947,156/94,213.8047227,23.43845495,94.48684308,1.016361469,0.620764058,32.8966615,High,Former,Occasional,Balanced,Diabetes,Regular,None,73.01162065,Poor,Insomnia,1.666041181,5.293659875,7.768162301,High School,High,46
Male,168.483179,74.16994118,166/90,271.7885023,26.12852165,123.6397571,0.358210271,0.331755487,70.9756225,Moderate,Never,None,Vegetarian,Hypertension,Occasional,Heart Disease,39.78872282,Fair,Normal,2.860617751,3.968592662,10.31875032,None,Low,80
Male,172.6643962,86.59867403,142/116,254.7667734,29.04729222,125.1749547,0.491778209,0.276278539,62.03732409,Moderate,Former,Occasional,Low-carb,Hypertension,Occasional,Diabetes,77.55408724,Good,Excessive,7.834555826,5.528668195,3.024683143,None,High,84
Female,148.7091554,65.99509855,129/94,256.0749833,29.8425732,154.5692627,0.546807215,0.24407176,52.30233803,Low,Former,None,Low-carb,Hypertension,Regular,Diabetes,40.04404935,Good,Normal,1.975372366,2.65054232,0.785564656,Undergraduate,High,64
Female,164.1156383,80.59365432,149/99,263.1694555,29.92270947,132.2891255,0.647149485,0.360219971,66.69184854,Moderate,Never,Frequent,Balanced,None,None,None,58.97776752,Fair,Normal,7.544621332,7.736401554,11.04603151,Undergraduate,High,73
Female,161.5375404,69.81261213,174/97,245.3256645,26.75389117,152.0635621,0.30825416,0.278830613,49.62882726,Moderate,Former,Frequent,Low-carb,None,None,None,56.53689955,Good,Normal,9.83873711,8.129005977,10.84454918,None,Low,67
Male,173.967285,91.38899148,140/110,234.6029989,30.19664639,118.9417845,0.756344007,0.479387757,39.16981084,High,Former,Frequent,Vegetarian,Diabetes,None,None,68.63158262,Good,Normal,8.338076435,2.96867851,11.71063426,Undergraduate,Low,41
Male,152.1475492,84.6100413,155/105,249.4701276,36.55038743,172.1925471,0.426235906,0.223045185,45.06730965,Low,Never,None,High-fat,Hypertension,Occasional,None,51.45357946,Good,Insomnia,5.485163598,9.647837577,6.043458373,High School,Low,83
Male,175.0203044,80.92536323,153/101,180.0766893,26.41847764,135.361524,1.401411853,0.605941377,40.87204523,Low,Former,None,Balanced,None,None,Diabetes,54.74681269,Good,Normal,3.804484738,7.873833126,0.601517188,None,Low,47
Female,158.7218453,65.38229873,140/87,275.6412921,25.95295285,117.5933339,1.412675733,0.465830595,28.39350868,Moderate,Never,Occasional,Vegetarian,None,Occasional,None,58.93086305,Good,Insomnia,6.034732841,0.963910725,9.586958013,Postgraduate,Low,34
Female,154.6342766,56.14026701,148/92,220.5420521,23.47809957,133.4643203,1.277145797,0.400020507,52.19543625,Moderate,Current,Occasional,Balanced,None,None,None,63.83181657,Fair,Insomnia,1.254803206,6.706378416,5.967785566,Undergraduate,Medium,43
Female,159.6281795,68.87223068,165/101,265.1822999,27.02869191,128.7431619,0.818137244,0.240643183,66.41078176,Low,Former,Occasional,Balanced,None,None,None,46.90309528,Good,Insomnia,7.260447494,6.790798805,5.697068085,Undergraduate,Low,77
Male,172.7519347,92.78497734,146/94,235.9076238,31.09079494,120.2084096,1.118558575,0.403931731,44.55421634,Low,Former,Occasional,Balanced,Diabetes,Regular,Heart Disease,66.32593171,Good,Normal,6.043294099,8.527842651,6.383933271,Postgraduate,High,52
Female,165.1688664,79.05123588,128/94,234.6952901,28.97692439,111.8561908,1.374047207,0.621411507,39.61888268,Low,Never,Occasional,Balanced,Heart Disease,Regular,Heart Disease,75.72827155,Excellent,Normal,8.516238059,4.226856692,3.142536325,Postgraduate,High,30
Female,161.4952225,49.27249594,133/98,213.6632149,18.89231613,141.4643761,1.431960199,0.60563853,57.92831891,Moderate,Never,Occasional,Low-carb,None,None,None,73.40727238,Good,Excessive,3.567874252,5.314368927,8.918847033,None,High,46
Male,168.389514,81.48434834,143/111,216.834859,28.73717744,132.4323398,0.402848091,0.2,49.56823834,High,Former,Occasional,Vegetarian,Heart Disease,None,None,53.2917329,Fair,Normal,5.221916108,0.726586872,6.01906856,None,High,86
Male,173.2926458,70.67488216,117/82,249.0052533,23.53449198,123.2319595,1.394293957,0.808449057,36.21331008,Low,Never,Occasional,Vegetarian,Hypertension,Regular,Heart Disease,96.86903139,Fair,Excessive,1.490978034,4.560662093,8.962780023,Undergraduate,Low,18
Male,180.1237345,63.839058,160/85,254.064655,19.67635208,145.0378786,0.190288246,0.2,59.2968098,Moderate,Current,Occasional,Low-carb,None,None,None,55.4653027,Poor,Insomnia,9.426777728,7.862498282,9.55037177,High School,Medium,77
Male,179.6694368,85.24173227,129/78,239.4122951,26.40607508,120.6544663,1.276052443,0.64123434,41.57516841,Moderate,Former,Frequent,Balanced,Hypertension,None,None,52.36821731,Good,Insomnia,2.30496189,5.546214091,8.142062722,High School,Medium,44
Female,162.0912013,73.6203222,128/83,174.6677677,28.02069043,104.1132384,1.497671353,0.817511596,34.2615901,Low,Never,Frequent,Balanced,None,None,None,82.49448839,Good,Normal,3.257558737,6.822824046,4.631142196,Undergraduate,Medium,27
Female,158.9376233,55.21346064,160/101,295.2765605,21.85704968,130.1999758,0.346132152,0.2,66.52750225,High,Never,Occasional,Vegetarian,Diabetes,Regular,None,58.49088404,Good,Excessive,4.416112257,7.395563751,0.364834813,Undergraduate,High,86
Male,158.1298478,91.95286807,158/103,235.5061113,36.77372075,122.1946555,0.720570818,0.501118871,52.25139298,Moderate,Former,Frequent,High-fat,None,None,Diabetes,66.49398411,Good,Normal,5.898340196,1.332297073,0.064311656,High School,Medium,65
Male,181.7012871,81.83398737,132/80,206.387037,24.78664263,101.3271712,1.243991555,0.856585663,13.08039705,Low,Never,None,Balanced,Diabetes,Regular,Diabetes,85.30138905,Good,Insomnia,3.003516211,1.191602652,6.013417408,Undergraduate,Medium,28
Male,179.9620614,69.65461126,173/111,251.4950633,21.50740208,138.2092536,0.281625667,0.2,61.9051059,Moderate,Former,None,High-fat,Diabetes,Occasional,Diabetes,47.65006636,Poor,Excessive,3.042494891,8.788548525,0.807755681,High School,Low,80
Male,166.6584602,69.59222589,148/102,240.3081978,25.05566868,125.9077373,1.088570963,0.485652157,47.31002273,Low,Former,None,High-fat,Heart Disease,Regular,Heart Disease,64.57666223,Fair,Excessive,9.529257537,7.064832691,10.45460744,Undergraduate,High,54
Male,176.3617594,81.7366349,147/95,266.120403,26.27894393,151.4620259,0.91875112,0.49376364,47.31655225,Moderate,Former,Occasional,High-fat,Hypertension,Regular,None,47.98301558,Fair,Insomnia,5.024002667,3.232335771,0.162531887,Undergraduate,Medium,53
Male,178.2983881,74.01119878,156/98,234.7188259,23.2810522,102.2620388,1.313623667,0.69666681,38.20914509,Moderate,Former,Frequent,High-fat,Hypertension,None,Heart Disease,59.00680237,Fair,Normal,6.788917027,5.173471874,2.644434826,Undergraduate,High,43
Female,160.7182181,55.7121663,144/84,231.4701518,21.56849431,137.4054677,1.176780259,0.576210911,30.04258637,Moderate,Former,Occasional,High-fat,None,Occasional,None,51.03714868,Poor,Excessive,2.312132631,7.38483303,7.987770648,Undergraduate,Medium,52
Male,185.821681,71.60921629,119/88,214.8340513,20.7384432,135.7875095,1.66012611,0.603634216,42.19137415,Moderate,Never,None,Balanced,None,None,None,80.09658072,Good,Normal,4.514071738,3.082623085,8.695452464,High School,Low,29
Male,181.1453686,65.2136184,138/77,218.6778104,19.87393332,127.4525886,1.111925989,0.610336255,52.68364794,Moderate,Current,None,Low-carb,None,None,None,75.39316515,Fair,Normal,7.248244941,5.385403874,11.83244388,High School,High,35
Female,162.1877489,58.28132738,129/86,220.6844781,22.15610131,141.4991941,1.368496437,0.773407783,37.64575773,Low,Former,Occasional,High-fat,Hypertension,Regular,Diabetes,82.32735275,Fair,Insomnia,2.083300647,5.398729154,8.742669675,Undergraduate,High,35
Male,175.9407121,46.29530489,152/117,277.1259702,14.95561435,108.8750124,0.419337321,0.2,65.91676799,Low,Former,Occasional,Balanced,Hypertension,Occasional,Hypertension,46.02406172,Fair,Normal,2.003938578,7.358541396,4.581661601,None,High,86
Male,171.2241712,59.90503962,176/98,220.1542483,20.43305078,144.9175446,0.505921842,0.2,64.6234632,Moderate,Former,Occasional,Balanced,None,Occasional,None,78.48467769,Fair,Normal,6.787159142,5.783498284,0.322398266,Postgraduate,Low,76
Male,175.3321718,91.99364242,127/97,206.4111757,29.92502969,128.7434733,1.41101426,0.68581782,43.34284597,Moderate,Never,Frequent,Balanced,Diabetes,Regular,None,77.4666585,Good,Normal,8.892588601,6.07849529,9.780221974,Undergraduate,Medium,23
Female,168.8255054,79.25211983,139/114,255.1141971,27.80576005,115.7904171,0.643511934,0.2,37.35557524,Moderate,Never,None,Vegetarian,Diabetes,Regular,Hypertension,71.26248436,Fair,Normal,5.669630876,3.922195535,5.422194802,Postgraduate,Low,69
Female,167.9988539,62.45612093,144/86,203.2965936,22.12902958,127.9348402,1.515838453,0.731742064,51.94311252,High,Former,None,Balanced,None,None,Hypertension,71.03574479,Good,Normal,7.314418841,5.242497313,4.585751603,None,Medium,29
Female,167.7692411,67.30671883,141/105,206.1773935,23.91298213,127.7077973,1.03538099,0.764291594,51.73709993,Moderate,Former,Frequent,Low-carb,Diabetes,Regular,Diabetes,56.31076658,Fair,Normal,7.302192709,2.931436447,1.773077301,None,Medium,39
Male,182.679374,99.87970888,132/78,211.2904575,29.92941572,97.10290803,1.594023187,0.74076678,37.70783148,Moderate,Never,None,Vegetarian,None,None,None,80.72726978,Fair,Excessive,4.493068216,5.145987239,5.608709535,Postgraduate,High,20
Male,166.3933023,88.81731682,164/86,235.2962795,32.07938009,128.8216201,1.290541831,0.70977093,34.44825238,Moderate,Current,None,Vegetarian,Diabetes,Occasional,Diabetes,75.16777776,Fair,Normal,1.329423867,8.9741298,11.14725905,None,Medium,37
Male,182.8808751,70.98838763,145/76,245.0020051,21.22514812,158.2431269,0.722326101,0.2,68.88722446,Moderate,Former,None,Balanced,Diabetes,Regular,Diabetes,71.04279567,Good,Insomnia,2.999558619,0.094921955,5.653992029,None,Medium,70
Male,167.4493746,83.12065419,122/79,229.3746376,29.64434732,128.7064126,1.617694586,0.784078251,36.5156871,High,Former,None,Low-carb,None,None,None,59.65441895,Fair,Normal,1.976997115,1.53441245,2.618682427,None,High,21
Male,176.4592005,53.16025816,139/103,232.5385726,17.07255289,120.6139696,1.310524448,0.664892223,38.01145361,High,Former,None,Low-carb,None,None,Diabetes,55.24774972,Good,Normal,3.737902395,8.769382851,6.573415249,Undergraduate,Medium,38
Female,156.393206,83.12230662,148/93,215.4969303,33.98457328,156.0285618,0.411503926,0.332541883,45.77540664,Moderate,Former,Frequent,Vegetarian,Diabetes,Regular,None,63.57187956,Fair,Normal,4.899746301,1.701337981,6.17855904,None,Medium,60
Female,161.4933793,58.47263714,165/100,279.8415736,22.4203938,143.3532819,0.871071568,0.425376358,60.96612984,Moderate,Former,Occasional,Balanced,Hypertension,Regular,Diabetes,61.45595839,Good,Insomnia,6.631367911,3.987041284,2.245209111,Undergraduate,Low,75
Male,180.3140232,98.82508682,139/118,270.5993374,30.3954234,134.3049383,0.977281414,0.491210671,52.31861341,Moderate,Former,Occasional,Balanced,Diabetes,Regular,Diabetes,64.35963605,Fair,Normal,9.849894379,2.928915892,1.105471298,High School,Medium,63
Female,169.1714494,65.87391036,155/97,213.3735788,23.01756106,142.3643421,0.941780511,0.804198264,33.65370203,Low,Former,Occasional,Low-carb,None,None,Diabetes,65.07964778,Fair,Normal,6.217020217,5.418955168,10.44840133,High School,Medium,41
Male,180.07737,74.34316703,162/100,240.3720316,22.92570922,125.8649466,0.197046393,0.21496225,72.62687438,Moderate,Never,Occasional,Balanced,None,None,None,44.62253715,Poor,Insomnia,8.031813656,8.29838845,11.93356764,High School,High,83
Male,185.060457,86.23201697,146/102,207.5213442,25.17916269,132.2217392,0.299335166,0.371380967,56.96233286,Moderate,Former,None,High-fat,None,None,None,59.73602446,Good,Excessive,1.279052734,8.521562083,4.768330773,Undergraduate,Medium,81
Female,169.5524859,70.91050579,165/110,279.2649861,24.66620063,121.2105368,0.520189905,0.2,67.26133561,Moderate,Never,None,High-fat,Hypertension,Regular,Hypertension,64.93819237,Good,Normal,7.939881334,2.197241118,7.395420723,Postgraduate,Low,84
Male,177.6567961,64.30331644,158/98,269.7612894,20.37369127,160.6733398,0.689478368,0.394259162,53.91293759,Moderate,Never,Occasional,Low-carb,None,None,None,52.49830903,Good,Normal,9.186620765,4.266027805,7.558130123,None,Low,75
Male,184.9299178,93.03630805,130/84,184.2496263,27.20433504,106.8491342,1.054070546,0.753357962,47.12875132,High,Current,Frequent,High-fat,Hypertension,Regular,Heart Disease,66.81210727,Fair,Normal,8.286221084,7.605851707,9.843607143,None,Low,34
Female,159.8914806,69.31676526,114/82,236.9982526,27.1136284,96.15665083,1.564353195,0.827163128,31.46886902,Moderate,Former,Occasional,Vegetarian,None,None,None,69.60709409,Fair,Normal,2.399601185,6.231106876,0.924984316,None,Low,18
Male,161.7262568,77.94920072,171/110,230.1855982,29.8023559,133.8567389,0.302452774,0.278994829,58.85247789,Moderate,Former,None,High-fat,Hypertension,Regular,None,58.37654956,Fair,Excessive,7.585975523,7.373469823,2.615691569,Undergraduate,High,86
Female,162.8454653,60.79380658,146/100,236.5040728,22.92492897,135.482255,1.048358794,0.722343792,38.58746881,High,Never,None,Vegetarian,None,Occasional,None,46.91245972,Fair,Normal,9.120294724,7.498362234,11.08986704,Undergraduate,Low,42
Female,166.0028554,78.20640404,134/95,260.1279411,28.3799222,110.1635346,1.19017771,0.545784665,52.43106222,Low,Former,Occasional,Balanced,Diabetes,Regular,Diabetes,59.71893014,Good,Normal,7.038622307,7.250931111,9.050966214,None,Medium,33
Female,160.018771,63.96643485,152/96,214.9393126,24.98102678,91.71012177,0.621466102,0.2,42.30011019,Moderate,Former,None,High-fat,None,None,None,75.59062512,Fair,Normal,5.419302579,6.699713489,2.654927333,High School,Medium,62
Male,171.2413086,77.23006902,133/93,238.1779847,26.33718455,129.8918062,1.299610605,0.678042194,39.45739129,Moderate,Former,Frequent,High-fat,None,None,None,58.12133694,Poor,Insomnia,6.043386393,5.066492417,7.80135633,Undergraduate,Medium,38
Female,164.4640507,63.294611,167/98,234.7034037,23.40048021,151.5291879,0.531001387,0.20550713,47.5187053,Moderate,Former,Occasional,Vegetarian,Diabetes,Regular,Hypertension,66.48617032,Fair,Normal,2.888899045,9.263200488,8.321770516,Undergraduate,Medium,70
Female,166.1652889,48.95943323,134/87,292.0616659,17.73192018,144.6294142,0.458151386,0.256367265,60.46340924,Moderate,Never,None,High-fat,None,None,None,66.57350657,Poor,Excessive,2.328716666,3.948277517,7.979772303,High School,Low,78
Male,179.5931423,91.72382718,130/114,206.705941,28.43823696,174.8702258,0.063187863,0.2,65.30016738,Moderate,Current,None,Balanced,Heart Disease,Regular,Hypertension,57.84851221,Excellent,Insomnia,1.66374144,5.400139863,3.330389691,Postgraduate,Medium,86
Male,183.0234436,70.34516182,119/103,218.2286559,21.00007222,127.2172015,1.387484484,0.503719567,35.72522516,Moderate,Former,None,High-fat,Heart Disease,Occasional,Hypertension,65.47838248,Fair,Normal,1.203539123,4.641958666,9.494240247,None,High,44
Female,163.7303696,64.87875453,187/103,237.7399809,24.20159672,135.5097482,0.360585894,0.2,65.64553372,Moderate,Former,None,Balanced,Hypertension,None,Heart Disease,54.81453718,Excellent,Insomnia,9.994695291,1.384645961,5.087317019,Undergraduate,Low,79
Male,182.3177875,87.09360016,126/104,214.3390734,26.20162095,123.4559959,0.98964915,0.596090343,36.70067718,Moderate,Current,None,Balanced,None,None,Heart Disease,59.03516414,Excellent,Normal,1.558187834,3.163492878,4.870972118,Postgraduate,Low,55
Female,168.7393231,64.78747422,140/87,218.1042039,22.75403617,98.83262287,1.496852564,0.916577574,39.70842353,Moderate,Former,None,Balanced,Diabetes,Regular,Diabetes,84.98595116,Poor,Excessive,9.126187644,9.098509749,10.77982552,Postgraduate,Medium,18
Female,167.3559369,52.38783598,168/95,244.8386693,18.70459082,111.7979496,0.390062387,0.2,46.26163008,High,Former,Occasional,Vegetarian,Diabetes,Regular,None,50.62661775,Poor,Excessive,9.642800355,2.211056095,2.710984128,High School,Medium,82
Female,170.8152806,72.77508667,138/91,215.5474008,24.94188622,98.93192935,0.877872375,0.387274822,67.09764471,Moderate,Current,Occasional,Vegetarian,Diabetes,Regular,Diabetes,41.16473168,Excellent,Insomnia,4.442661172,6.510845716,8.847734358,High School,Medium,60
Female,155.5385221,67.68778642,135/88,201.4033785,27.9791409,134.6075397,1.50939229,0.670942287,32.84096959,High,Never,Occasional,Balanced,Heart Disease,None,Hypertension,76.53213098,Excellent,Normal,2.672357116,5.537169152,10.64490414,Undergraduate,Medium,23
Male,168.3590893,59.73317998,151/89,204.724278,21.07378282,124.8655976,1.422569636,0.590942859,54.47592576,Moderate,Former,Occasional,Low-carb,None,None,None,72.71595983,Fair,Insomnia,6.343639716,1.156744624,3.754288276,High School,Medium,37
Female,169.6449917,71.358904,174/108,234.4210489,24.79511264,152.4667758,0.412033448,0.2,51.3839305,Moderate,Never,Frequent,Vegetarian,Heart Disease,Regular,Hypertension,50.69217651,Fair,Normal,7.867451438,2.020633631,10.08391272,Postgraduate,Low,81
Male,170.6238395,76.64193109,166/110,235.9595373,26.32612977,142.038299,0.670772922,0.41368296,54.71707475,High,Current,Occasional,Vegetarian,None,Regular,None,46.22922062,Fair,Normal,8.325181961,2.175436321,0.138360441,High School,Low,75
Female,175.5198716,77.85383857,148/97,245.3208276,25.27129195,116.0054106,0.485138036,0.471649302,59.36734365,Moderate,Former,None,Balanced,None,None,None,49.82197174,Good,Insomnia,9.474888478,6.258281433,7.488912562,High School,Low,72
Male,164.4488049,64.98172647,133/97,235.7382047,24.02867383,96.22219551,0.984187515,0.633674383,22.28540374,Moderate,Never,Occasional,Low-carb,Heart Disease,Regular,Hypertension,78.05436182,Good,Normal,1.249755382,1.659544975,0.71026906,Undergraduate,Medium,40
Female,154.6392061,49.74939529,136/98,206.8266011,20.80408328,169.4588078,1.095022059,0.620410693,25.37535092,High,Former,None,High-fat,None,None,None,74.01334546,Fair,Normal,6.755131775,6.397414657,8.05223163,High School,Medium,46
Female,153.5239076,58.0377162,143/103,250.69215,24.62398187,126.2697803,0.852132087,0.245679723,50.08982722,High,Current,Occasional,High-fat,None,None,None,59.94571148,Poor,Insomnia,4.460042945,5.08944308,11.74958555,Undergraduate,Medium,59
Female,158.5907666,55.76297745,179/103,239.6341498,22.17124893,146.9094988,0.38538923,0.2,62.05220633,Moderate,Former,None,Balanced,Heart Disease,Regular,Heart Disease,34.0654575,Fair,Normal,9.076571075,7.917015128,9.792130102,High School,Medium,88
Male,184.0311202,95.93237436,133/92,209.4679878,28.32583065,126.4302639,1.293819961,0.701093124,38.04633303,Low,Former,Frequent,Balanced,Diabetes,Regular,Diabetes,84.23343849,Poor,Insomnia,6.922558526,2.239167644,2.63647125,None,Medium,34
Male,170.3325414,62.77891847,141/101,242.3820599,21.63807277,105.8958624,0.485868943,0.375801518,44.37169566,Moderate,Former,Occasional,Vegetarian,None,None,None,69.20752277,Good,Normal,7.292933534,3.107359537,8.225415466,High School,Medium,72
Male,172.8604493,65.75112614,127/86,211.649057,22.00452106,104.399205,0.857416978,0.556956337,52.50943169,Moderate,Never,None,Balanced,None,None,None,67.35699878,Fair,Normal,3.661662485,2.341462347,3.322566124,None,Medium,52
Female,165.2317595,56.95687736,147/100,250.77262,20.86215252,129.2029612,0.844817218,0.47359513,47.28243932,Moderate,Never,Frequent,High-fat,Hypertension,Regular,Heart Disease,72.38380141,Good,Normal,8.003213341,1.164739133,4.281430216,Undergraduate,Medium,62
Female,159.6726371,68.69394861,146/106,224.8270157,26.94371556,150.1216698,1.012728263,0.478582868,55.45196843,Moderate,Former,Occasional,High-fat,None,None,None,63.43877186,Excellent,Normal,2.885691933,0.043369087,9.407104417,None,Medium,50
Male,162.6565391,67.8764345,140/95,188.3195916,25.65523316,96.84781682,1.581676421,1.004441939,43.96262781,Moderate,Never,None,Vegetarian,Hypertension,None,Hypertension,70.6190295,Good,Insomnia,9.270231373,6.004658132,8.779353832,None,Medium,23
Female,157.8281325,64.48777558,165/99,256.3635805,25.88859977,143.1321186,0.496855434,0.214451409,56.22761428,Moderate,Never,None,High-fat,Diabetes,Occasional,None,57.66403273,Good,Normal,5.25619852,7.685909588,10.34696843,Postgraduate,Medium,83
Male,178.8430368,96.16189688,151/101,241.2985691,30.0648437,128.7684666,0.435690567,0.2,64.78499201,High,Current,Occasional,Low-carb,Hypertension,Occasional,None,57.54235487,Fair,Normal,9.684813664,5.071272785,4.561033738,None,Medium,86
Female,157.3180964,69.56579821,173/112,242.1374728,28.10854769,174.175768,0.505993796,0.240692899,68.00610896,Moderate,Never,None,Vegetarian,Heart Disease,Regular,Diabetes,64.93926909,Excellent,Normal,4.785756918,4.858162862,11.15189518,None,Medium,83
Female,161.0338839,55.42544562,144/104,213.0275987,21.37345142,140.7553502,0.504641282,0.227583652,52.53666055,Moderate,Never,None,Balanced,None,None,None,65.08562098,Excellent,Normal,3.593545899,1.04300323,4.349655731,High School,Medium,79
Male,166.9551829,97.97974389,135/88,223.0236523,35.15090318,112.0709164,1.260648232,0.612910407,34.40085498,Moderate,Former,Frequent,Low-carb,Hypertension,Regular,Hypertension,80.81148913,Excellent,Normal,7.1972586,8.50425562,4.911147392,Postgraduate,Low,39
Female,152.1866776,67.07685849,147/84,225.1265626,28.96139269,139.2755257,0.969491553,0.469462026,38.733833,Moderate,Current,None,Balanced,Heart Disease,Regular,Diabetes,58.92458604,Good,Normal,4.053545036,5.225352356,6.206683381,High School,High,52
Female,163.4248702,73.00956064,125/90,206.7846492,27.33653326,153.5061847,0.919076176,0.54779403,24.73163852,Moderate,Current,Occasional,Low-carb,Hypertension,Regular,Diabetes,82.79570122,Fair,Excessive,4.534866829,3.138161946,11.42443092,Undergraduate,Medium,44
Female,154.6896283,75.96572333,117/92,205.63754,31.7464586,128.8113351,1.708211232,0.807097652,37.76310643,Moderate,Current,Occasional,Vegetarian,None,Occasional,None,78.45682275,Poor,Insomnia,2.546541984,1.481687601,2.247266603,High School,Medium,27
Female,156.1296424,59.43720935,134/96,224.2063224,24.38303044,136.5888651,0.96075027,0.613350408,45.04256032,Moderate,Current,Occasional,Low-carb,Heart Disease,Occasional,Heart Disease,62.89796213,Excellent,Insomnia,7.70680982,4.773637124,1.945262521,Undergraduate,High,43
Female,171.503713,51.82222162,135/93,239.2581988,17.61850174,127.3416445,1.042482639,0.2,54.31947173,Moderate,Current,None,Low-carb,None,None,None,59.47417121,Good,Insomnia,5.294819708,1.597183967,3.081635725,Undergraduate,Low,59
Female,162.2929867,55.66578733,147/89,228.8724888,21.13434781,136.4441793,1.136690566,0.36639465,45.64589749,High,Former,Occasional,Low-carb,None,None,None,74.01889517,Fair,Excessive,2.015744179,5.687715776,11.02090107,None,Medium,44
Female,164.5958882,61.49136027,162/95,228.080165,22.69740132,125.680934,0.075748966,0.292747786,62.10107586,Moderate,Current,None,High-fat,None,None,None,44.04481955,Excellent,Insomnia,3.937690774,6.810910397,11.3710488,Undergraduate,Medium,82
Male,187.5432215,86.1613283,155/87,246.6608065,24.49681612,100.2034321,0.5851369,0.2,55.90471153,Low,Current,Frequent,Balanced,Hypertension,Regular,Heart Disease,52.38467345,Fair,Normal,3.897762399,3.789700793,7.352008888,High School,Medium,75
Female,159.5116327,68.17726701,165/95,252.5017751,26.79506823,122.2740956,0.584244621,0.290527072,60.65772476,Moderate,Former,None,Balanced,Hypertension,Regular,None,59.24710717,Excellent,Normal,9.057603639,2.955103894,2.804449378,None,Low,75
Female,167.5906636,69.62842579,129/96,233.6272122,24.79059413,120.4055545,1.587410793,0.566227236,42.98452686,High,Never,Occasional,Balanced,Hypertension,Regular,Heart Disease,74.7362762,Good,Normal,1.196215094,2.555066837,4.406058477,Postgraduate,Medium,30
Female,166.5750635,59.2065943,159/104,214.0922566,21.33782285,137.6251971,0.208123829,0.2,79.89768263,Low,Former,None,Balanced,Diabetes,Regular,Hypertension,41.80446421,Good,Normal,2.887109002,5.40503605,5.532788271,High School,High,81
Female,176.1875789,56.95507274,156/116,216.1112401,18.34770866,120.2573476,0.332995393,0.2,51.49679548,Low,Current,Occasional,Balanced,None,None,None,55.13354792,Good,Normal,2.49849596,3.267286906,0.843799113,Postgraduate,Low,87
Female,169.7073155,65.00534161,161/96,258.5788952,22.57085015,144.312419,0.377308907,0.2,44.06355133,Moderate,Former,None,Balanced,None,Occasional,None,66.67536963,Fair,Normal,2.230678409,4.495719977,2.747484936,Postgraduate,High,78
Female,167.7429746,55.86096536,153/104,268.0133263,19.85270806,153.023819,0.839205789,0.487679954,64.53264979,High,Former,Occasional,Balanced,Hypertension,Occasional,Diabetes,69.59291074,Fair,Insomnia,3.777651909,2.253991111,11.49257338,None,Low,65
Female,163.1766558,85.25284209,154/111,299.8355794,32.01789748,131.955705,0.097302623,0.2,72.37439716,Moderate,Former,Occasional,High-fat,Hypertension,Occasional,Hypertension,56.36511983,Fair,Insomnia,4.221590948,1.120852159,9.59931078,High School,Low,86
Female,154.8376873,81.70718296,142/75,210.4511477,34.08057281,128.0921842,1.230664474,0.576523349,25.65993397,High,Never,None,Balanced,None,None,None,79.93300923,Excellent,Normal,8.03505401,3.762400484,5.192898994,High School,Medium,26
Male,168.7083939,71.24172822,138/83,211.7149889,25.03001237,105.1172552,1.581433388,0.733108858,42.4605357,Moderate,Never,None,Balanced,None,Regular,None,84.27958176,Good,Insomnia,9.792632861,9.551300001,9.516778617,High School,Low,26
Male,188.1996815,57.95620207,171/104,259.3707418,16.36297059,145.566426,0.055847275,0.203048245,46.17293787,Low,Never,Occasional,Low-carb,None,None,None,49.32833826,Fair,Insomnia,3.941195543,5.863524678,4.672330095,Undergraduate,Low,89
Female,165.3784558,85.62175936,139/94,223.1795595,31.3059064,88.74314962,1.39128042,0.638031046,23.16086453,High,Never,None,High-fat,Hypertension,Regular,Hypertension,79.73800102,Good,Normal,6.340900988,6.712701237,3.037548162,Undergraduate,High,27
Female,156.8117704,47.19863252,132/95,178.0860359,19.19429211,125.6328008,0.487750252,0.2,59.50865935,High,Former,Frequent,Balanced,None,None,None,55.26628716,Excellent,Normal,3.460998071,9.009350893,1.553484983,High School,Medium,71
Male,164.4177742,106.4816592,152/82,227.8277325,39.38921087,110.7090474,1.013827368,0.643664304,30.30953622,Low,Former,Occasional,Balanced,Heart Disease,Occasional,None,69.99869294,Good,Normal,1.816071856,7.978392348,5.946453297,High School,High,43
Male,167.4839506,72.49553164,160/88,270.9113016,25.84430431,146.9171802,0.321072119,0.296113801,59.61514224,Low,Never,Occasional,Balanced,Hypertension,Occasional,Heart Disease,46.80989769,Fair,Normal,5.579854663,5.626205012,8.343632528,High School,Medium,77
Female,153.7967679,65.12407841,153/106,252.7649433,27.53259668,139.1024702,0.810223848,0.518679885,47.33723457,Moderate,Former,Occasional,High-fat,Hypertension,None,None,58.79696731,Fair,Normal,6.86978616,5.465759108,11.78153366,Postgraduate,Medium,61
Male,173.7408758,61.7941255,144/91,202.324182,20.47119418,123.3453355,0.641841519,0.337993603,58.41639262,Moderate,Former,None,High-fat,Heart Disease,Regular,Hypertension,55.51232238,Excellent,Normal,8.746524086,8.342719737,6.268789324,Postgraduate,Low,66
Female,154.1469369,64.4908227,156/111,281.0431862,27.14114209,151.9698338,0.215141159,0.2,55.42149236,Moderate,Former,Occasional,High-fat,Heart Disease,Regular,Hypertension,49.60573901,Good,Normal,2.048748496,7.308672505,4.430447139,High School,High,89
Female,170.3492645,64.11855081,178/101,249.821254,22.09546636,165.9520049,0.497523137,0.223721772,61.60159057,Moderate,Never,Frequent,High-fat,Hypertension,Regular,Diabetes,62.11961283,Good,Normal,6.27395439,2.840513575,7.566114175,None,Medium,79
Male,183.5779474,106.3271018,140/99,247.9584426,31.55026104,121.5655781,0.885857401,0.493155434,25.55462165,Moderate,Former,None,High-fat,Heart Disease,Occasional,Hypertension,67.62163073,Fair,Normal,1.201859816,3.525284626,8.306043326,High School,Medium,56
Female,162.9106894,52.10365492,167/86,210.7023526,19.63220253,131.3805189,1.201081894,0.489790268,33.20681979,Moderate,Never,None,Balanced,None,None,None,62.61382763,Poor,Excessive,8.462561338,2.663411128,0.268891158,Postgraduate,Low,51
Female,162.9869846,73.43568072,153/101,251.8442767,27.64402488,137.0792852,0.987889878,0.351919767,61.65673684,Low,Current,Frequent,Balanced,None,None,None,51.35436313,Good,Insomnia,5.264085153,4.845373427,8.604457216,High School,Medium,56
Female,164.61453,65.32397643,127/86,252.3172747,24.10661771,131.6835295,1.100963329,0.396485339,44.50703214,Moderate,Current,None,Balanced,Diabetes,Occasional,None,42.86155031,Excellent,Normal,3.704235351,9.974263796,4.870809832,High School,Medium,47
Female,156.0911767,60.58577277,160/92,235.0063828,24.86645882,121.7105764,0.965902252,0.63951931,37.78138384,Moderate,Former,None,Vegetarian,None,None,None,57.6151844,Good,Insomnia,6.536582302,2.273232251,10.46110236,Postgraduate,High,47
Female,161.367113,70.30196061,142/97,266.8808639,26.99835966,137.6810526,0.613688455,0.266975643,71.24056551,Moderate,Former,Occasional,Balanced,None,Regular,None,47.42489144,Good,Normal,4.240170624,7.819838536,8.94420346,Postgraduate,Medium,75
Male,186.9495958,58.23269098,148/106,253.2121562,16.661642,144.1154386,0.629810491,0.2,52.40070755,Moderate,Current,None,High-fat,None,None,None,38.51378654,Poor,Insomnia,2.985767558,7.663479638,4.425442079,None,Medium,75
Male,178.4206436,88.83808505,152/109,214.2523855,27.90673224,139.4047109,0.81745145,0.465735746,60.0229345,Moderate,Never,Occasional,High-fat,Diabetes,Occasional,Diabetes,60.51308847,Good,Insomnia,6.862225645,4.407776525,4.774256109,High School,Low,63
Male,182.0948102,49.83179269,182/108,261.8822181,15.02835254,136.4100677,0.263418242,0.203290166,54.53700985,Moderate,Former,Occasional,Low-carb,None,None,None,55.94835997,Fair,Insomnia,8.567604452,7.86025272,0.165452455,Postgraduate,Low,89
Male,171.804707,71.02021619,172/116,289.5947317,24.0609003,126.8748999,-0.018611955,0.2,52.44373877,Moderate,Never,Occasional,Balanced,None,None,None,59.31768263,Poor,Excessive,7.454348948,4.789669117,4.705729436,None,Medium,88
Female,164.3522501,69.8590783,126/85,219.7865433,25.86256189,129.209719,1.532536427,0.691771266,25.91558202,High,Former,Occasional,Balanced,Heart Disease,Occasional,Hypertension,63.0378712,Fair,Normal,1.224542765,9.307482654,1.508286163,Undergraduate,Medium,42
Female,166.137041,81.36181301,154/109,236.049854,29.47729823,135.9691117,1.029273806,0.673085383,48.54421054,Moderate,Former,Frequent,High-fat,Heart Disease,None,None,58.42601689,Fair,Insomnia,6.031182283,6.139788073,11.16228753,Undergraduate,Medium,40
Male,179.5640102,95.54380114,134/94,237.3671623,29.63220186,109.415071,1.1294516,0.329690896,40.78317631,High,Former,None,High-fat,None,None,None,50.27214982,Fair,Insomnia,5.968657936,6.077251782,0.366760455,Postgraduate,Medium,48
Female,160.5817511,58.83355896,168/107,237.8752999,22.81564453,121.6523719,0.599384862,0.223424796,65.55502686,Moderate,Current,Frequent,Balanced,None,None,Diabetes,59.86387679,Good,Insomnia,9.929917214,0.540022309,5.943076486,High School,Medium,84
Female,156.7033891,46.22275136,159/84,229.3095334,18.82344087,149.5173481,0.931460174,0.283548496,51.5074143,Moderate,Current,None,Balanced,Diabetes,None,Hypertension,70.26415513,Excellent,Insomnia,8.26377486,0.322551368,0.585648295,Undergraduate,Medium,68
Female,158.7646228,70.06278471,131/87,267.9821705,27.79584768,119.3269478,1.359353996,0.625554806,23.95349336,Low,Former,Occasional,Low-carb,Diabetes,Regular,Diabetes,62.17766832,Poor,Excessive,3.882951345,5.477122393,7.279944341,High School,High,48
Female,161.3386963,69.04184642,119/81,217.0205133,26.5237735,123.3964985,1.563056262,0.788199033,25.97813444,Moderate,Never,Frequent,Vegetarian,None,None,None,79.17111049,Good,Insomnia,8.373081501,7.243404378,8.271722457,Undergraduate,Medium,23
Male,184.8504772,86.98775463,130/83,194.9918728,25.4575713,123.55166,1.391380952,0.652264563,27.84186878,Moderate,Former,None,Balanced,Heart Disease,Occasional,Heart Disease,68.26679541,Good,Normal,2.926975706,0.852286604,10.75718746,Postgraduate,High,27
Male,164.0922217,73.53963091,171/89,249.0181854,27.31149386,145.1527898,0.665727528,0.463828321,74.98837038,High,Former,Occasional,High-fat,None,None,None,63.63355348,Poor,Normal,5.133884158,9.474681704,10.812423,Undergraduate,Medium,66
Male,179.4423172,81.04384581,144/113,248.5417919,25.16925171,103.0621642,0.422502604,0.296007104,48.63382038,Moderate,Current,None,High-fat,None,None,None,66.99071198,Fair,Insomnia,7.086670073,5.091690096,9.945104546,High School,High,67
Female,156.6162409,60.74230127,126/81,244.9326034,24.76382064,135.3732391,1.319580325,0.750944897,26.32247935,Moderate,Never,Occasional,Balanced,None,None,Hypertension,67.57367857,Poor,Excessive,4.751472024,0.465684863,3.671473704,Undergraduate,Low,30
Female,166.5220298,75.48048387,120/84,266.1966699,27.22019822,126.991691,1.151854308,0.531738761,41.48374576,Moderate,Current,Occasional,Balanced,Diabetes,Occasional,Diabetes,62.50188077,Good,Normal,2.350357879,7.440430807,7.126875123,None,High,44
Female,164.0012418,59.76579138,134/110,217.6085302,22.22073404,141.241502,0.849828094,0.409990265,49.12609626,Low,Never,None,Low-carb,None,None,None,57.47264232,Good,Normal,1.104158858,5.680395025,1.496916938,Undergraduate,Low,63
Male,188.7798727,83.1885384,160/98,263.2113751,23.34275524,105.186628,0.852891702,0.489372355,57.72590533,High,Never,Occasional,Balanced,None,None,None,68.94799456,Good,Normal,4.25047062,4.926955815,4.31051439,Undergraduate,Low,52
Male,177.3676883,89.45639165,155/86,173.9129002,28.43559795,128.1462417,1.605212239,0.826990665,34.5786303,Low,Never,Occasional,Low-carb,None,Regular,None,52.34622043,Good,Normal,6.156071755,8.817116472,6.246784754,Undergraduate,Medium,18
Male,175.2705419,61.43672748,137/80,245.5679448,19.9990891,122.6900158,0.893953487,0.582743838,38.68770623,High,Never,None,Low-carb,Hypertension,Regular,Hypertension,70.53952598,Good,Insomnia,1.071785506,8.332158674,6.195451296,Postgraduate,Medium,53
Male,174.3769962,73.30529288,155/96,203.9024778,24.10776495,124.0225751,1.348653891,0.656522967,61.27565785,High,Current,Occasional,Low-carb,Diabetes,Occasional,Diabetes,63.17100921,Fair,Normal,7.833229644,8.138415852,6.259175515,Postgraduate,Medium,49
Male,175.1868889,84.84331055,137/96,249.4362698,27.64486071,102.6132924,1.028936725,0.476777659,56.63801942,Low,Former,Frequent,Low-carb,None,None,None,69.25784419,Good,Insomnia,6.071828826,1.474749064,8.266547088,None,Medium,63
Female,163.196946,70.56454503,132/92,192.4767032,26.4949126,92.03853166,1.3594071,0.597368852,36.98411786,Moderate,Never,Occasional,Vegetarian,None,None,None,66.83478854,Fair,Insomnia,3.082486549,3.902261979,8.343798022,High School,Low,43
Female,161.3333237,61.84841694,177/113,245.9824421,23.76185962,102.6547438,0.438916729,0.226967215,51.16406394,Moderate,Never,None,High-fat,Diabetes,None,None,64.00696395,Fair,Insomnia,6.439968247,4.288280097,10.14379776,Undergraduate,Medium,81
Female,151.2541468,56.50906199,140/89,211.2108597,24.70037338,131.5088398,0.661985582,0.393406936,68.75975871,Moderate,Former,Occasional,Low-carb,Heart Disease,Regular,Heart Disease,59.50496286,Excellent,Insomnia,9.586447839,5.751693418,9.045658345,Undergraduate,Low,64
Male,152.3284713,69.47207349,161/107,241.7857737,29.93974479,111.7819036,0.546224413,0.306529033,44.46342374,Low,Former,Occasional,Low-carb,Hypertension,Occasional,Hypertension,71.36621639,Good,Normal,4.716699335,8.953518672,4.314212305,High School,Medium,73
Male,176.5270535,90.58564913,131/95,205.238321,29.06945276,124.2994408,1.274360127,0.679602894,43.36713586,Moderate,Current,None,Low-carb,None,None,Hypertension,75.63644626,Poor,Insomnia,4.325971786,3.643227572,1.467555196,None,Medium,36
Female,163.7990392,65.12940568,158/101,226.9113883,24.27473038,134.6604159,0.656120396,0.309652569,68.68651006,Low,Never,Frequent,Balanced,None,None,Hypertension,42.28528561,Excellent,Insomnia,4.074020888,8.49468026,11.90106779,High School,Low,69
Male,176.8263756,56.17126744,169/96,238.6835543,17.96470677,159.4794774,0.440527991,0.425284973,53.19723642,High,Former,Occasional,Low-carb,None,None,None,66.54270232,Good,Insomnia,4.406041912,1.999741227,10.46281751,Postgraduate,Medium,75
Female,150.6088415,77.34695279,170/92,236.5150656,34.09904944,152.7440143,0.783453596,0.357082887,48.57083237,Moderate,Former,None,Balanced,Diabetes,Regular,None,67.47567448,Fair,Excessive,8.094318789,4.7373652,6.81792253,None,Low,68
Female,157.4888595,65.06118664,139/84,196.2180263,26.23145037,115.2993397,1.497706477,0.736307329,25.11347206,Low,Former,Occasional,Vegetarian,Diabetes,None,Diabetes,73.20439088,Fair,Normal,9.996322571,4.053786137,6.554833517,High School,Low,28
Female,164.4099226,49.13980744,142/91,227.458563,18.17931021,135.1246778,1.207891402,0.59392282,55.3233008,Moderate,Never,Occasional,Low-carb,None,Occasional,None,78.40938793,Good,Insomnia,4.616739151,8.380356018,5.787822961,Postgraduate,Medium,43
Male,172.9119442,87.62756478,153/94,254.4227623,29.30830853,143.5703966,1.193083211,0.65564509,36.38131672,Low,Former,Frequent,Low-carb,Hypertension,None,Diabetes,71.91946417,Fair,Normal,7.572611775,1.846342649,7.276410698,Undergraduate,High,47
Male,177.7629626,70.0637444,130/79,216.3658712,22.17230194,147.1011074,1.689845175,0.825074269,41.12684917,High,Current,None,Balanced,Hypertension,Occasional,Heart Disease,88.50566611,Excellent,Excessive,6.302646934,7.747421165,4.781911045,Postgraduate,Low,23
Male,178.9220781,87.34571267,155/97,208.9794423,27.28435713,123.9927561,0.470810842,0.320562149,62.37988168,Moderate,Never,Occasional,High-fat,Hypertension,Regular,Hypertension,63.67422362,Good,Insomnia,7.513543626,2.257669428,5.964598731,High School,Low,57
Male,182.5089612,84.55190437,136/97,252.4454131,25.38370473,157.8886428,0.810293833,0.2,52.15375079,High,Current,Frequent,High-fat,Diabetes,Regular,Heart Disease,75.29133144,Poor,Excessive,7.576794137,0.242148055,3.779441394,None,Low,63
Female,157.5039513,77.75931986,143/87,208.4499449,31.34509183,119.0239184,0.914991837,0.507139443,39.01645893,Low,Former,Occasional,Balanced,Hypertension,Regular,Diabetes,54.80724081,Poor,Insomnia,4.584318581,3.822907885,2.894380148,High School,Medium,57
Male,171.0390445,68.59621168,138/62,211.8460899,23.44820532,111.2287485,1.531836434,0.561782092,23.85914466,Moderate,Never,None,Balanced,None,None,None,59.47755789,Fair,Normal,3.940771504,1.265221715,2.718043865,High School,High,23
Female,161.2237932,66.00046679,151/99,219.9967435,25.39152221,108.8611397,0.527978232,0.220088498,67.68221661,Moderate,Never,Frequent,High-fat,Heart Disease,Occasional,Heart Disease,61.98944411,Good,Normal,6.346148706,6.933230592,8.643386028,High School,Low,77
Female,163.0265975,73.77101003,153/96,241.1523289,27.75676192,115.7134539,0.690733566,0.641433925,58.74522546,High,Current,Occasional,High-fat,Diabetes,Regular,Hypertension,64.20802727,Excellent,Normal,4.213744909,0.67823372,2.870774634,Undergraduate,Low,57
Male,174.1585459,89.63558821,166/93,180.1977683,29.5522732,108.3725861,1.401896415,0.566045901,28.7707838,Moderate,Never,None,Balanced,None,None,None,75.24548725,Poor,Insomnia,4.617731153,9.994961124,3.395322097,None,Medium,41
Male,178.9677185,65.00917377,156/95,216.9157461,20.29669113,111.4483086,1.443541349,0.608893264,27.67087153,High,Never,None,Balanced,Diabetes,Occasional,Hypertension,79.24231793,Good,Normal,8.710048828,7.389059115,1.855090799,Undergraduate,Medium,25
Male,179.7373375,97.15017762,162/92,200.2737151,30.07232394,115.4959168,0.945396151,0.734030878,60.65679081,High,Former,Occasional,Balanced,Diabetes,Regular,Heart Disease,72.90935434,Fair,Normal,8.38052011,0.258670817,1.232950926,Undergraduate,Low,48
Male,182.0794518,97.84077824,109/92,240.7513472,29.51195799,94.67699441,1.433591018,0.563509899,32.56089773,Low,Never,Frequent,Low-carb,Heart Disease,Regular,Heart Disease,78.6967818,Good,Insomnia,4.713872846,8.27000497,9.0928955,Undergraduate,Medium,33
Male,175.3294383,83.59517879,162/107,252.1749132,27.19390325,133.6109519,0.405887591,0.2,60.95196015,Low,Never,None,Low-carb,Diabetes,Occasional,Heart Disease,55.08937871,Good,Normal,6.266138012,1.300676865,6.85997136,Undergraduate,High,84
Female,152.2414154,69.15671974,167/96,245.6210225,29.83793471,135.9522657,0.630878275,0.2,58.61127437,Moderate,Current,None,Low-carb,Hypertension,Occasional,Hypertension,53.51536936,Poor,Excessive,7.476639171,0.480731125,10.46717205,Undergraduate,Medium,70
Male,174.5612034,67.77846061,128/106,255.8310877,22.24314774,132.767652,1.502596564,0.905926111,27.37869265,Moderate,Never,Occasional,High-fat,Hypertension,Regular,Diabetes,60.66359555,Excellent,Insomnia,5.294419526,5.464466014,7.14952968,Undergraduate,High,25
Female,165.1632869,62.57626672,136/98,206.9150801,22.93942963,116.3061064,0.704244397,0.375142301,48.31698282,High,Current,Frequent,High-fat,None,Occasional,None,70.00222506,Excellent,Insomnia,3.291302615,4.74235812,2.885278028,Postgraduate,High,49
Male,178.5806797,80.97496491,149/104,213.9717509,25.39111809,128.172064,0.062955882,0.2,48.26269038,Low,Former,Occasional,High-fat,Heart Disease,Occasional,None,68.20958814,Good,Normal,2.616894913,0.835106775,5.344061678,Undergraduate,High,87
Female,152.6918447,78.0302263,136/98,264.3765539,33.46810962,130.8030535,1.449534133,0.583080513,49.63232866,Low,Never,Occasional,High-fat,None,None,None,67.0843301,Fair,Normal,2.540122767,4.119389472,2.792505698,Undergraduate,Low,36
Female,160.3448328,60.36386662,159/105,234.9526387,23.47832514,121.2234636,0.305825816,0.2,49.71038625,Moderate,Current,Frequent,Balanced,None,None,None,60.642726,Excellent,Normal,1.550602879,5.299124421,5.883001244,None,Medium,85
Male,172.8064196,87.03714202,165/95,197.8614066,29.14639712,129.1778185,1.096036746,0.498350707,43.87024713,Low,Current,Frequent,Balanced,None,None,Heart Disease,65.62058531,Good,Insomnia,3.107715173,9.337362387,3.290089062,High School,Medium,44
Male,173.6552681,90.14578741,142/89,195.9440105,29.8930006,119.4118099,1.30306061,0.45898279,33.22708115,Moderate,Never,None,Low-carb,None,None,None,71.34879004,Good,Normal,9.260376974,5.538268194,0.586149199,Undergraduate,Low,44
Male,172.2299872,84.85701031,154/96,249.388517,28.60685982,116.1239352,0.10182357,0.366549297,56.41738931,Low,Never,Occasional,Balanced,Heart Disease,Regular,None,58.9836457,Poor,Insomnia,4.780993215,7.777433545,7.983973706,Undergraduate,Medium,74
Female,156.3248268,51.03173191,166/86,241.2268575,20.88259162,131.3245827,1.044870396,0.653112797,36.74448789,Moderate,Former,Occasional,Balanced,Diabetes,Regular,None,76.2836529,Fair,Insomnia,2.676263891,8.944621265,5.793910334,None,Medium,49
Female,156.9007444,70.64650722,149/92,253.873083,28.6972768,124.0074367,1.071980729,0.455247688,51.13404597,Moderate,Former,None,High-fat,Heart Disease,Regular,Diabetes,82.25238726,Good,Normal,3.271636986,9.555798781,5.891785016,None,Low,58
Female,156.2298503,57.89214501,145/92,233.5245846,23.71873965,132.3839746,1.40995337,0.861010792,41.9490355,Moderate,Never,None,Balanced,None,None,None,73.98006766,Excellent,Normal,8.14216449,0.306985746,10.18858302,High School,Low,35
Male,179.0052557,87.17864976,164/104,259.829797,27.20686951,139.9383265,0.378967925,0.323971749,52.09741552,High,Current,Frequent,Vegetarian,Diabetes,Regular,Diabetes,80.59363355,Excellent,Insomnia,5.094897709,9.216992334,5.906326651,Postgraduate,Low,66
Female,156.3793884,81.98009685,156/88,272.2632898,33.52350401,122.0351139,0.940415033,0.578253157,40.20714662,High,Former,Frequent,High-fat,Heart Disease,Occasional,None,60.96588397,Fair,Insomnia,5.74780944,3.263912432,2.259181772,High School,Medium,44
Female,155.0449074,53.1756422,166/96,235.6743613,22.12064224,135.7788049,0.915800092,0.328080223,48.39701484,High,Current,Occasional,High-fat,Hypertension,Regular,None,62.96152528,Excellent,Normal,7.801083002,4.400835629,6.546031517,Undergraduate,Medium,58
Male,178.6670274,88.8160145,131/85,201.192854,27.82290399,107.409502,1.224048674,0.467820037,41.12090607,Low,Former,Occasional,Low-carb,Diabetes,Regular,Hypertension,63.68344036,Excellent,Normal,9.014465386,3.423263765,9.613876583,High School,Low,45
Female,155.2201448,68.79672856,113/91,233.3039546,28.55430662,115.733035,1.810363342,0.672850268,41.16573624,Low,Former,None,Balanced,Heart Disease,None,Heart Disease,75.77341514,Good,Excessive,5.856351884,7.574881721,0.084852196,High School,High,25
Female,162.4366068,63.01789832,134/82,210.2837736,23.88339698,132.9330545,1.418936742,0.662302495,37.32966069,Moderate,Current,Occasional,Low-carb,None,None,None,65.85485255,Excellent,Normal,8.331056484,7.122943876,4.946477003,Postgraduate,High,33
Male,185.5496792,87.97393052,143/98,234.2898869,25.55251078,126.256192,1.353064995,0.651885049,42.30630674,High,Never,Occasional,Vegetarian,Diabetes,None,Diabetes,65.55814932,Poor,Excessive,4.299555728,0.647713605,7.643034065,Postgraduate,Medium,29
Female,167.4125227,75.51482961,124/90,230.3600539,26.9436461,92.7601874,1.452224329,0.533153008,39.68039514,Moderate,Former,None,Vegetarian,Hypertension,Regular,Hypertension,76.14824025,Poor,Insomnia,3.548216484,2.421383329,8.901311864,Undergraduate,Medium,38
Female,171.6857871,76.9508489,133/92,187.7275141,26.1062641,138.8835144,1.122693315,0.39934175,32.89941195,Moderate,Current,None,Balanced,None,None,None,61.5540327,Good,Normal,2.447231081,4.04200824,0.185341291,Postgraduate,Medium,47
Female,161.5156504,61.76470938,149/93,233.094945,23.67615537,124.6463124,0.956038655,0.537391653,43.61627024,Moderate,Former,Occasional,Low-carb,Hypertension,Regular,Heart Disease,66.18399878,Good,Insomnia,7.476222282,8.389709314,11.87029623,None,Medium,49
Female,167.8661199,69.04051141,156/108,247.5410183,24.5006663,163.6994429,0.246587099,0.2,73.36966511,Low,Current,Frequent,High-fat,Hypertension,Regular,Hypertension,61.05927424,Excellent,Normal,6.180073748,6.700475458,2.032687306,High School,High,85
Female,152.9985516,67.64939395,154/98,229.1599738,28.8994296,141.2970812,0.883456143,0.36835352,45.18573117,Moderate,Never,Frequent,Low-carb,None,None,None,70.34576904,Excellent,Normal,6.523469762,0.897774582,6.220875582,Undergraduate,Medium,61
Female,156.873201,64.51600949,147/101,251.3323092,26.21621442,116.0253699,0.295957381,0.2,49.98279042,Moderate,Former,None,Low-carb,Heart Disease,Occasional,None,42.49582264,Fair,Normal,1.371296443,6.192432204,2.877016996,None,High,89
Female,150.0648301,71.8210799,154/117,267.2118521,31.89290572,153.6379589,0.532108554,0.205005939,71.47785938,Low,Current,Occasional,Low-carb,Heart Disease,Occasional,Diabetes,41.62186708,Poor,Insomnia,7.485643059,7.250759105,8.195924955,High School,Low,79
Female,164.9425585,51.18141705,128/101,248.8156779,18.81251471,131.9213701,0.930066023,0.287885123,58.97141819,High,Never,Frequent,Balanced,Hypertension,Regular,Diabetes,61.79591303,Good,Insomnia,1.891500678,7.555335343,1.325675113,Postgraduate,Low,75
Male,188.2994372,95.87040748,137/79,190.1670874,27.03874497,88.79139785,1.261835281,0.751088577,51.7181701,Moderate,Never,None,High-fat,Diabetes,None,Diabetes,68.50747972,Fair,Normal,7.758317551,9.55105203,0.112057876,None,Medium,25
Female,168.9495497,73.45775064,144/95,222.2338136,25.73496302,126.518187,0.383816004,0.352212733,49.72754981,Low,Never,Occasional,High-fat,None,None,Heart Disease,67.11884163,Fair,Normal,5.882993476,4.160171589,0.436674785,Undergraduate,High,70
Female,163.4057109,67.47588483,144/89,222.3524403,25.27051699,117.0695869,1.541990981,0.634252365,38.25983122,Moderate,Former,Occasional,Balanced,Hypertension,Occasional,Diabetes,62.39409056,Poor,Insomnia,7.396471659,5.263261369,9.239671751,Undergraduate,Medium,28
Female,161.8576677,77.66354757,137/112,312.3608509,29.64494634,131.1563929,0.512271927,0.292728433,47.47391498,Moderate,Current,None,Balanced,Hypertension,Occasional,Heart Disease,38.9495027,Good,Excessive,4.768013713,8.126860074,7.779363901,Postgraduate,Medium,72
Male,181.7320117,86.07946604,138/96,251.9480074,26.06373768,116.236412,1.150241811,0.493755102,50.16940679,Moderate,Never,Frequent,Balanced,Hypertension,None,None,72.1131712,Poor,Excessive,4.289574441,6.387243567,5.486966661,None,High,43
Male,168.6067852,58.86191123,130/78,240.0255024,20.70543045,97.60849296,1.103665684,0.57568309,44.64888879,Low,Never,None,Balanced,None,None,None,77.82934157,Good,Normal,1.302538642,6.4520176,7.271790203,High School,Low,41
Male,178.0137073,75.69978881,131/89,205.7753592,23.88843937,119.3496191,1.380973514,0.675088735,13.33055743,Moderate,Former,None,High-fat,None,None,None,81.25922295,Fair,Normal,3.451292654,4.402265079,2.264004996,Postgraduate,Medium,23
Female,165.7537374,57.43718249,146/83,225.4632328,20.90578448,92.44844774,1.301431902,0.582245382,34.3969976,Moderate,Current,None,High-fat,None,None,None,66.00349308,Fair,Normal,7.814121153,7.001616358,2.36811457,Undergraduate,Medium,33
Male,162.9927651,95.6215132,149/107,222.8765114,35.99307548,134.0852638,0.865920063,0.640750463,50.27215167,Moderate,Never,Frequent,High-fat,Heart Disease,Occasional,Hypertension,77.29268308,Fair,Insomnia,7.632819681,1.3910828,6.595728528,Undergraduate,Medium,52
Male,172.3002918,85.01106058,153/85,225.8831008,28.63541018,115.8416495,0.968543593,0.630330391,24.03297606,High,Former,None,High-fat,None,None,None,73.48098604,Fair,Normal,8.515030725,4.935481307,1.136388419,High School,High,43
Female,170.4664264,52.18381758,139/92,237.3170716,17.95800689,115.7620107,1.257460892,0.581459825,50.61368257,Moderate,Current,Occasional,Low-carb,None,None,Diabetes,74.92980513,Good,Insomnia,1.228606831,9.262030166,11.79500539,High School,Low,41
Female,164.7867233,72.92041504,121/84,216.0106007,26.8537348,123.1174196,1.668301444,0.929824534,26.49850998,Moderate,Never,None,Low-carb,Heart Disease,Regular,None,67.50838277,Poor,Insomnia,7.446933589,3.040412007,8.591961308,Undergraduate,Medium,19
Male,169.0047736,87.78147795,145/101,195.122,30.73299925,118.8157153,0.946057427,0.462599498,38.70042073,Moderate,Never,Occasional,Balanced,Hypertension,Regular,Diabetes,69.10186665,Excellent,Insomnia,4.349847269,9.496474712,6.15846848,None,Medium,59
Female,158.7097463,49.42282883,153/98,195.1047227,19.62096689,100.2204124,1.23590774,0.532006001,31.0765742,Moderate,Current,Occasional,Balanced,None,Occasional,Heart Disease,76.36861219,Good,Normal,2.390392223,2.357130841,5.095558149,High School,High,50
Male,174.5682953,78.31171197,121/87,217.3641504,25.69780187,121.9549184,1.509514851,0.805286624,34.81909222,Moderate,Former,Occasional,Vegetarian,None,None,None,66.07027354,Fair,Insomnia,7.646472074,1.106738276,10.62107346,High School,Low,29
Female,144.0563913,69.24291133,161/96,255.6314345,33.36646954,107.1734688,0.475019748,0.2,52.12650913,Moderate,Current,Occasional,Balanced,Heart Disease,Regular,Diabetes,63.43365231,Fair,Insomnia,9.703791188,7.482078217,0.067474635,None,Low,80
Female,166.286057,86.83473124,163/100,210.2731285,31.40377041,100.4274501,0.78624368,0.254864129,46.4416551,High,Current,Occasional,Balanced,Heart Disease,Regular,Hypertension,87.71625372,Fair,Normal,1.608636949,1.531206526,1.769411609,High School,Low,56
Female,175.7702651,63.48050047,146/104,260.9072636,20.5470523,144.1837787,0.324471939,0.264686321,50.72687472,Low,Former,Frequent,Balanced,Heart Disease,None,None,67.61050016,Fair,Normal,3.849586149,1.36372981,3.98697923,High School,High,75
Male,168.5603608,86.92512833,137/100,234.2163083,30.59387135,112.1526587,0.87713047,0.371616856,41.41745212,Moderate,Former,Frequent,Low-carb,None,None,None,54.71092618,Fair,Normal,1.885586429,3.07463953,10.77704391,Undergraduate,High,50
Male,172.1123947,83.81182497,135/103,248.2362403,28.29313053,134.4427939,1.16003179,0.395070258,45.71170796,High,Former,Frequent,Low-carb,Diabetes,Occasional,Heart Disease,76.08725101,Fair,Normal,7.545638277,4.472379358,8.875911534,Postgraduate,Low,50
Male,171.0915779,63.30108522,147/104,262.7422463,21.62488926,122.8512859,1.059124303,0.457226791,32.18585018,High,Never,Frequent,Balanced,None,None,None,63.41923464,Excellent,Normal,2.935961927,0.093526384,3.552682937,High School,Medium,55
Female,161.3324422,68.96123805,137/110,236.9131077,26.49486028,110.3448654,0.828162819,0.518508791,37.66280836,High,Never,Occasional,Low-carb,Diabetes,None,Diabetes,52.23863081,Poor,Insomnia,8.338971218,5.556855428,11.32322515,Postgraduate,Medium,58
Female,173.2431693,74.68489001,148/87,208.1488642,24.88401793,98.54217223,1.335460786,0.830706056,37.6321105,Moderate,Current,Occasional,Low-carb,None,None,None,71.83426551,Good,Excessive,3.402657461,2.306858435,7.486597861,Undergraduate,Low,25
Male,169.8966872,62.33493119,124/84,203.6735426,21.5954204,87.79619067,1.565048502,0.903082013,42.11460804,Moderate,Never,Occasional,Balanced,Hypertension,Occasional,Diabetes,98.69334279,Fair,Insomnia,4.697168818,7.35548487,1.576201017,Undergraduate,High,19
Male,170.1687639,67.56646907,164/86,276.6647595,23.33305127,140.3208883,0.482954763,0.2,45.63390875,Moderate,Current,None,High-fat,None,Occasional,Diabetes,52.91416336,Good,Insomnia,2.3635784,0.954399596,7.835215388,High School,Medium,77
Male,180.0752329,79.15269554,135/93,236.6335714,24.40943567,132.6762773,0.968432179,0.340155508,46.2722588,Low,Never,Occasional,Low-carb,Hypertension,Regular,Diabetes,60.51568823,Fair,Excessive,4.488189542,2.52404369,6.231832267,High School,Low,56
Female,168.70338,70.68634584,157/102,237.9565964,24.83636099,128.1396827,0.904476239,0.367752791,48.26695078,Moderate,Current,Frequent,Vegetarian,None,None,None,56.82582569,Good,Insomnia,4.224909359,0.203439366,5.268295208,High School,Low,68
Female,158.3022548,69.61384441,137/92,239.6095659,27.77930759,122.7933944,1.156754755,0.618876919,29.96022007,Moderate,Never,Frequent,Balanced,Heart Disease,Regular,Heart Disease,54.06975573,Fair,Normal,7.355503389,2.033212906,10.76553403,High School,Medium,34
Male,163.1808921,77.42145109,161/86,258.8977102,29.07519934,141.0139718,1.445632331,0.607405604,32.61414288,Low,Never,None,Balanced,None,None,None,88.46796585,Fair,Insomnia,4.506827572,5.113317653,11.4419549,Undergraduate,High,41
Male,166.000276,59.3612628,161/108,226.9029756,21.54197466,147.6879577,0.418015818,0.2,48.205403,Moderate,Never,Frequent,Balanced,None,None,None,49.99176589,Excellent,Normal,4.010093337,8.841379633,0.880945123,Postgraduate,Low,85
Female,156.85625,52.55521971,155/102,225.7076328,21.36053866,110.4192444,0.528834378,0.313846662,56.50266237,High,Current,Occasional,High-fat,Hypertension,Regular,Heart Disease,70.60334576,Fair,Normal,9.355227539,6.830992903,1.52575111,Undergraduate,Medium,60
Female,163.5812156,52.39741954,146/116,244.4721117,19.58136835,119.6178383,0.420054575,0.2,53.70042736,High,Former,Frequent,Low-carb,Hypertension,Occasional,None,50.30489944,Good,Normal,7.410779973,4.507337242,6.277756496,Postgraduate,Medium,79
Female,157.5510916,81.17959684,139/84,237.0620401,32.70423967,164.1552596,1.134637495,0.556817642,27.74375267,Moderate,Former,Occasional,Balanced,None,None,None,64.7027163,Poor,Insomnia,5.925950489,7.387777059,11.68985963,Postgraduate,High,37
Male,181.4203261,64.72178305,156/100,202.8490287,19.66430433,145.5655697,1.17183748,0.531886317,43.85981491,Moderate,Current,None,Balanced,None,None,None,83.53734623,Fair,Normal,1.928616268,1.880685136,11.017873,Undergraduate,Medium,47
Female,151.7295632,71.70093089,146/92,244.232177,31.14471628,124.6775364,1.139697982,0.68418219,41.53932362,Low,Current,Frequent,Balanced,None,Regular,None,52.0767307,Excellent,Normal,9.72102936,7.929276128,5.763996958,High School,Medium,37
Female,168.2268416,64.51160609,122/74,235.731597,22.79540284,119.8727538,1.489085246,0.607289414,29.43237061,Moderate,Never,Occasional,Vegetarian,Heart Disease,Occasional,Hypertension,66.03329089,Poor,Normal,4.726212476,9.194097669,2.433449979,Postgraduate,Medium,26
Male,162.4544736,90.48670106,147/79,176.7208978,34.28636186,87.82739525,1.279069283,0.532324099,37.67534606,Low,Current,Frequent,Balanced,Hypertension,None,None,75.65154736,Fair,Normal,9.679028702,8.938312267,7.797744375,None,Medium,46
Female,156.9908069,59.75779459,167/102,256.4388278,24.24633591,147.2350114,0.554748521,0.2,67.99305113,Moderate,Former,Occasional,Balanced,Diabetes,None,Hypertension,65.22741453,Fair,Normal,8.363922576,8.744140003,2.525807367,None,Medium,75
Male,174.1742269,73.50597084,129/91,256.0885572,24.23007926,121.3990903,1.395472227,0.71338358,26.87184754,Moderate,Current,Frequent,Low-carb,Hypertension,Regular,Hypertension,77.71956334,Good,Excessive,3.516599527,5.900074033,3.38474014,None,Medium,31
Male,171.920633,85.25982042,170/98,230.6801219,28.84618674,103.5129546,0.789893369,0.308073924,47.20658141,High,Current,Frequent,High-fat,Hypertension,Regular,Hypertension,62.1385729,Poor,Excessive,5.091207168,8.593426794,1.217488566,None,Medium,69
Female,162.402417,65.5628402,163/108,268.8454532,24.85837768,144.3749819,0.472008694,0.362456982,72.90467739,Moderate,Former,None,Balanced,None,Occasional,None,46.37292827,Excellent,Normal,1.239919524,0.07960568,2.692505631,Undergraduate,High,77
Female,163.4440247,60.0158286,145/106,248.5089047,22.46610119,114.8859042,0.701404797,0.313373822,54.31177287,High,Former,Occasional,Low-carb,None,None,None,66.31239943,Fair,Excessive,1.798333605,3.13412811,4.266598714,High School,High,73
Female,155.2531412,81.07432551,134/100,255.0332725,33.63586127,127.0718202,1.408250363,0.837414286,42.58612215,High,Never,Occasional,Balanced,None,None,None,79.81167174,Fair,Normal,7.745602855,9.060848221,5.05338205,None,High,27
Male,175.2077028,71.71366369,140/118,228.0779503,23.36122,139.9060613,0.783325316,0.365065575,62.22444183,High,Former,None,Balanced,Diabetes,Occasional,Heart Disease,57.15308548,Good,Excessive,5.606834772,8.471265341,7.390710964,Undergraduate,Medium,61
Male,181.5751373,96.79846254,139/83,234.1228085,29.35997605,102.7681335,1.277324402,0.827375941,37.45766514,Moderate,Former,None,Vegetarian,Heart Disease,Occasional,Diabetes,67.35108695,Good,Normal,8.358712415,1.092644856,4.983770878,High School,Medium,39
Female,164.9573095,75.93914768,148/108,247.4968747,27.90760642,127.0629828,0.228855697,0.2,57.93757127,Moderate,Never,Frequent,Balanced,Hypertension,Regular,Diabetes,52.40372119,Fair,Insomnia,3.171855104,9.924946769,0.248264194,High School,High,84
Male,173.3785396,68.61656159,131/79,219.3517848,22.82644452,130.2206731,1.697577882,0.716331962,28.4498121,Low,Former,Occasional,Balanced,Diabetes,Regular,None,69.59112066,Fair,Normal,5.509283131,5.28178816,9.25255317,Undergraduate,Medium,26
Male,182.3129787,68.38471743,129/78,246.4239226,20.57424386,99.87862068,1.441805181,0.527361602,49.44470655,Moderate,Current,None,High-fat,None,None,None,68.65132703,Good,Normal,8.617801765,1.020927609,8.00276344,Postgraduate,Low,31
Female,160.6071489,61.01444778,149/91,219.9290357,23.65391,104.7945975,0.641504037,0.385622498,52.79231095,High,Never,Occasional,Balanced,None,None,None,61.69762225,Good,Normal,4.640448193,0.524629628,7.536990353,Undergraduate,High,64
Male,173.7337668,77.09311809,143/101,197.4006874,25.54154356,119.1814886,1.155344876,0.615703743,41.95608404,Low,Current,Frequent,Vegetarian,None,None,Hypertension,44.98790178,Fair,Normal,6.723517292,6.884260523,4.764567598,None,Medium,50
Female,158.8140189,69.3441315,143/100,216.6671281,27.4936273,159.713115,1.534103715,0.752925563,45.22483335,Low,Former,None,Balanced,Heart Disease,Regular,None,88.67988106,Good,Normal,7.433816489,4.694218021,11.9282243,Undergraduate,Medium,38
Male,181.7641585,70.13882067,135/94,252.1985744,21.22960722,101.641699,1.720065398,0.899757387,26.98038051,Moderate,Never,Occasional,Balanced,None,None,None,63.00848901,Good,Insomnia,9.703650189,2.564128275,1.705827664,None,Medium,25
Female,156.2641085,74.27813679,149/82,221.6710052,30.41883128,119.6785766,1.410684231,0.715662996,37.88149383,Low,Never,None,Vegetarian,None,None,None,56.36258019,Excellent,Normal,2.704206602,0.231501812,2.076488103,High School,Low,29
Female,156.9658258,64.5552892,159/99,237.8564307,26.20122597,118.8041804,0.934303905,0.401232853,37.31265881,Moderate,Former,None,Low-carb,Hypertension,None,Heart Disease,75.53174103,Good,Insomnia,4.570914889,8.813620442,7.810025354,Undergraduate,High,59
Female,160.8985063,68.68429808,179/117,272.2113948,26.53098902,134.1014736,0.43812113,0.2,50.39223735,High,Current,None,Vegetarian,Hypertension,Regular,Diabetes,66.28523636,Poor,Insomnia,5.970579344,8.205128999,7.594366642,Undergraduate,Low,84
Female,157.0355087,72.1197494,119/80,198.0442481,29.2454614,99.55853631,1.195653762,0.763652226,36.82160817,High,Never,None,High-fat,Hypertension,Occasional,Diabetes,79.22821025,Poor,Insomnia,7.707916006,7.024851116,1.566060919,Undergraduate,Medium,32
Male,171.5306063,89.52115592,165/94,236.2454782,30.42583011,147.8727973,0.204293464,0.2,75.89017419,Low,Former,Frequent,Balanced,Diabetes,Occasional,Heart Disease,40.87792724,Good,Normal,6.409196393,4.045544327,0.785631774,Postgraduate,Medium,89
Male,169.1160753,71.01607255,160/103,238.3278861,24.83058021,117.1250368,0.841931915,0.309842041,45.1659384,Low,Never,None,Balanced,Hypertension,Occasional,Heart Disease,64.17468686,Good,Normal,4.711762941,7.094967406,6.201512439,None,High,68
Male,181.5409233,82.29885241,150/94,244.9002614,24.97150398,116.9931259,0.961956061,0.351986988,47.85228641,Low,Current,Occasional,Low-carb,None,None,None,62.46797176,Fair,Normal,6.965392767,0.951428288,7.464012899,High School,Low,47
Male,169.3808384,60.16427727,132/82,207.3898002,20.97056577,104.8465396,1.579482992,0.702846732,50.6888655,Low,Former,None,Balanced,None,None,Diabetes,64.37281148,Good,Excessive,8.807028429,0.61960943,3.663263325,Postgraduate,Low,26
Female,163.2592153,69.9264797,154/100,216.7610798,26.23531335,139.6117792,0.424465443,0.366047635,65.69502481,Moderate,Former,None,Vegetarian,Hypertension,Regular,None,50.90315877,Fair,Normal,9.894527365,9.505473591,8.823560146,Postgraduate,Low,82
Male,180.0171573,85.4490525,155/94,223.8727185,26.36813739,124.6065206,0.216200667,0.517052299,66.13892526,Moderate,Current,Frequent,Low-carb,None,Occasional,Diabetes,60.88021971,Good,Normal,3.529186036,0.14716334,5.753412736,None,Low,66
Female,163.1463709,63.51345371,178/107,230.6678484,23.86222268,148.7250597,0.363364228,0.2,59.73671626,Moderate,Current,None,Low-carb,None,None,None,49.31801764,Excellent,Excessive,8.259603672,3.028542015,1.567491502,High School,High,87
Male,173.2081125,85.97764628,165/90,264.278421,28.65821216,130.0224317,0.465854577,0.310458827,80.24965203,Moderate,Never,None,Vegetarian,None,None,None,62.64647861,Good,Insomnia,8.793510565,2.853776813,10.53408217,None,High,76
Female,155.3601881,76.87484312,148/89,281.4590502,31.84965744,108.135662,1.211569929,0.683094368,48.13499289,High,Former,Occasional,Vegetarian,None,None,None,65.84631447,Good,Normal,7.518658176,0.690743375,10.58840971,High School,Medium,39
Female,162.6696651,55.71237,157/95,243.3554471,21.0541876,143.3835446,0.368241789,0.2,81.36036319,High,Never,None,Low-carb,Hypertension,None,Diabetes,54.22597047,Good,Insomnia,4.796760299,9.259288904,11.95929333,Undergraduate,Medium,87
Female,159.0295866,61.31168295,126/83,222.0688661,24.24305671,154.0506735,0.992300718,0.684745483,41.69236331,High,Current,None,Balanced,Heart Disease,Occasional,Diabetes,54.38849609,Good,Normal,4.696599877,0.79870674,7.550177455,None,Medium,46
Female,159.2530618,67.05942418,159/78,223.3140503,26.44138735,121.0648034,1.188971919,0.57161208,46.70902389,Moderate,Current,Frequent,High-fat,Diabetes,Regular,Diabetes,86.47869905,Good,Normal,9.224566679,4.078030131,2.549842779,Undergraduate,Low,38
Male,175.0117627,85.17034753,177/101,255.9484672,27.80698749,144.3771969,0.269656116,0.2,67.91459498,Low,Former,None,Low-carb,Diabetes,Occasional,Heart Disease,61.4364913,Poor,Excessive,8.099382757,6.919811251,7.860953764,None,High,88
Female,150.6483653,49.7560122,136/90,230.505,21.92384479,103.9419247,1.312134185,0.489291078,34.54823952,Moderate,Current,Occasional,Low-carb,None,None,None,62.72078796,Good,Normal,1.448315543,1.878457113,4.545784723,High School,Medium,45
Female,158.1189619,42.2413681,141/96,221.6936845,16.89546179,109.7881783,0.73742691,0.461301593,44.14749271,Moderate,Former,Frequent,Low-carb,None,None,None,60.41331466,Poor,Insomnia,1.38313709,1.36779255,5.829600781,High School,High,59
Female,166.150402,65.30473587,149/109,257.7961328,23.65603121,147.3818095,0.422478918,0.2,66.22195042,Low,Current,None,Low-carb,None,Occasional,None,61.58150542,Fair,Normal,5.919059708,9.388399052,10.81959685,None,Medium,85
Male,164.6671418,75.70212889,155/102,261.6061566,27.91863612,135.89783,0.358364521,0.2,83.49891373,Low,Never,None,Low-carb,Hypertension,Regular,Diabetes,60.83514982,Good,Normal,3.429081125,3.282326546,10.16184283,High School,High,83
Female,167.1870952,68.98937194,138/89,222.3602604,24.68179194,138.2170126,1.501936306,0.536217655,37.61889624,Low,Former,Frequent,High-fat,None,None,None,56.08637985,Excellent,Insomnia,1.694217498,3.839488287,8.998136322,Undergraduate,Medium,39
Male,176.0559741,76.25954943,124/101,208.5100438,24.6032626,147.4588526,0.829214612,0.314194581,37.35832395,Moderate,Former,None,High-fat,Hypertension,Regular,Heart Disease,54.17291974,Good,Insomnia,8.652076912,4.595382102,3.824872667,Undergraduate,High,60
Female,167.1446783,72.05012571,154/89,255.234318,25.78989865,125.4459016,1.357639743,0.768194932,45.9706225,Moderate,Former,Frequent,Low-carb,Hypertension,Regular,Heart Disease,78.05995563,Fair,Normal,5.743909172,3.28707932,3.010535749,Undergraduate,Medium,37
Male,178.0047463,101.0331075,140/95,242.5240493,31.88603701,153.9086106,0.573249027,0.2,46.86364424,Low,Current,Occasional,Balanced,Hypertension,Regular,Hypertension,50.85678406,Excellent,Normal,3.187914721,6.363974699,6.226293621,High School,Medium,76
Female,165.1170593,64.0945876,163/97,220.9451777,23.50917922,115.195559,0.835801345,0.584939007,57.32251159,Moderate,Current,Frequent,Balanced,Diabetes,Regular,Diabetes,61.01400693,Fair,Normal,2.843613768,1.951936457,5.205997982,High School,Medium,56
Female,167.7565915,76.13527095,167/97,246.3345585,27.05370256,153.7633556,0.790454387,0.376627892,63.26577827,Low,Never,Occasional,Balanced,None,Regular,None,47.00873175,Good,Normal,8.542433742,5.835357143,0.575422235,Undergraduate,Low,58
Female,161.0427283,45.74848187,106/92,249.7090744,17.63983213,129.191835,1.16908298,0.553591378,63.92067788,High,Current,None,Balanced,Heart Disease,Regular,Heart Disease,53.29082591,Fair,Insomnia,4.475102569,2.575413878,7.179110088,Postgraduate,High,48
Female,175.5908912,70.94738871,141/97,229.6116728,23.01083876,107.6397751,1.04954177,0.50423843,43.75687673,High,Never,Frequent,High-fat,Hypertension,Regular,Hypertension,75.20715012,Good,Normal,5.253132628,8.704422156,1.382624135,Postgraduate,High,49
Male,167.406228,68.99363065,138/93,236.7051836,24.61873749,134.0292251,0.75428671,0.379661957,37.80498768,High,Former,Occasional,Balanced,None,None,None,62.91038864,Fair,Normal,1.670562107,8.241967366,1.315774857,Undergraduate,Medium,53
Female,156.5870018,75.08886137,169/102,228.7056317,30.62415409,130.8657415,0.862981897,0.504016278,40.0787683,Moderate,Current,None,Balanced,Hypertension,Occasional,Heart Disease,61.65594677,Good,Normal,5.800503556,7.820677951,6.766871273,High School,Low,47
Male,183.5728435,71.47681333,161/86,204.8426241,21.21037329,130.6166381,0.633567124,0.380416153,41.38705381,Moderate,Never,Occasional,Balanced,None,None,None,62.66550349,Fair,Excessive,9.297195868,7.249960286,9.247028887,Undergraduate,Medium,61
Male,175.9541632,85.0382787,143/89,238.7133281,27.4672618,100.2997241,1.315474897,0.671762073,29.93301963,Low,Former,Frequent,Balanced,Heart Disease,Occasional,Heart Disease,66.96683636,Good,Insomnia,1.62722102,2.996641712,2.528524877,None,Low,34
Female,169.5622711,57.38672652,171/107,249.2120902,19.95965372,138.7347568,0.1815018,0.2,91.00908319,Moderate,Former,None,Balanced,Hypertension,Occasional,None,59.03077547,Good,Normal,3.95693816,3.746053849,1.678948115,None,Low,77
Female,156.8129338,56.36384436,148/87,246.6406457,22.9211734,139.5943231,1.376023016,0.558802671,25.49168294,Moderate,Current,None,Balanced,None,None,None,54.85927337,Fair,Insomnia,7.694580209,9.163513937,8.979613473,Postgraduate,Low,36
Female,163.2493425,55.45108269,128/93,264.035034,20.80688891,100.1204945,1.18509239,0.689430661,56.94327546,Moderate,Never,Frequent,High-fat,Hypertension,Regular,Diabetes,57.49912327,Good,Insomnia,7.769177703,7.23242394,3.499191598,Undergraduate,Medium,45
Female,167.3714113,77.53534058,155/103,254.402039,27.67815535,124.8914292,0.035030708,0.229367136,65.88885929,Low,Current,None,Balanced,None,None,None,35.56840283,Good,Normal,3.770934158,6.25833471,2.096178003,Undergraduate,Medium,86
Male,168.9893289,100.1641994,133/92,198.5616286,35.07469971,101.7026859,1.453118921,0.698358016,35.49069741,Moderate,Former,None,Vegetarian,Heart Disease,Regular,Heart Disease,56.96379121,Poor,Insomnia,8.607790568,5.340133579,6.458606047,Undergraduate,High,28
Male,172.6541805,88.57584777,177/94,238.1947437,29.71400011,154.6213216,0.351446962,0.2,43.08404804,High,Current,None,Vegetarian,None,None,None,51.1126551,Excellent,Normal,3.32317974,7.202270577,11.27692235,Undergraduate,Medium,76
Female,157.2654679,66.24495095,129/98,250.2447404,26.78465395,109.2797387,0.996361313,0.397210918,36.69523692,Low,Former,Frequent,Low-carb,Heart Disease,None,Hypertension,64.56829555,Poor,Excessive,2.086369133,6.788181674,8.943885851,Undergraduate,Low,56
Female,166.9610083,69.18826686,152/80,196.4309031,24.82003183,114.6578165,1.605172295,0.918405638,26.31229603,Moderate,Former,Frequent,Vegetarian,Hypertension,Occasional,Heart Disease,77.41878987,Good,Normal,1.991050694,8.575965307,1.299053957,None,Low,22
Female,173.1474226,61.60730495,125/86,199.5531798,20.54944743,116.6227384,1.471344492,0.746868266,23.04704219,Moderate,Never,Occasional,Vegetarian,Diabetes,None,None,55.92211126,Good,Excessive,1.702714577,7.101192624,0.397117581,High School,High,21
Female,161.8326871,54.06923248,161/98,255.1233628,20.64513438,135.2657932,0.310483493,0.205653349,61.84793334,Moderate,Current,Occasional,High-fat,Heart Disease,Regular,Hypertension,46.93596534,Good,Insomnia,7.748026692,9.920265998,1.595941295,Undergraduate,High,82
Female,160.7518945,56.06686768,149/94,223.1608648,21.69672049,121.7514262,0.826030783,0.50158324,36.75657227,Low,Never,None,Vegetarian,Hypertension,Regular,Hypertension,69.96109635,Fair,Normal,3.389336437,7.053629577,1.639012863,Undergraduate,Low,59
Female,156.6726219,74.64902759,135/82,248.9225603,30.41150634,116.1218958,1.388864063,0.630522416,35.59203668,Moderate,Never,None,Low-carb,Hypertension,Occasional,Diabetes,58.62759183,Fair,Normal,9.30937147,9.43738521,10.45190788,High School,Low,39
Female,155.57757,69.07645656,150/85,230.5779026,28.53882467,123.6801717,1.000399022,0.688220888,24.91437303,Low,Never,Occasional,Balanced,Heart Disease,Regular,None,70.48275231,Good,Insomnia,9.595601443,8.913211744,3.057062207,None,Low,41
Female,159.0263304,60.80746737,148/89,214.3725772,24.04467107,101.6895734,0.89277591,0.535466519,36.12297713,High,Current,Frequent,High-fat,None,None,None,81.76222711,Poor,Normal,7.772116729,8.695395543,11.84044181,High School,Medium,42
Female,164.8422648,70.06826911,148/93,246.1026572,25.78601575,110.5254977,1.048147746,0.614257348,49.89419747,Moderate,Never,Occasional,Low-carb,Hypertension,Regular,Hypertension,77.24794995,Good,Normal,6.687810877,7.597583809,1.707875428,None,Low,42
Female,161.0300194,69.58765521,150/89,232.4738637,26.83604507,145.4372896,0.530275111,0.2,55.23370135,High,Never,None,High-fat,Hypertension,Occasional,Hypertension,65.25790546,Excellent,Normal,3.18317981,5.163688405,6.309998464,Undergraduate,Medium,78
Female,165.9142403,69.77123171,168/110,259.2037231,25.34597863,173.6799492,0.55361298,0.2,52.56274411,High,Current,Occasional,Balanced,Hypertension,Regular,Diabetes,60.12897295,Poor,Insomnia,7.780453745,8.000385679,11.4215353,Undergraduate,Medium,81
Male,169.5355366,87.03228493,146/107,209.2177265,30.28021085,153.663049,1.096767198,0.685928173,31.30843672,Moderate,Current,Frequent,Balanced,Diabetes,Regular,Hypertension,60.58720587,Good,Normal,3.973516755,2.421568301,2.348717416,Undergraduate,Medium,53
Female,164.9256442,55.63014126,149/81,189.6598078,20.45190584,98.09957113,1.559905961,0.690503709,24.26464708,High,Never,Occasional,Vegetarian,None,None,None,62.42647266,Good,Normal,4.808892297,7.006408006,0.5189163,High School,Medium,26
Female,169.7519594,53.93678503,175/110,271.3622883,18.71782853,133.0414531,0.899860695,0.630175773,44.74035998,Moderate,Current,None,Low-carb,Heart Disease,Regular,Heart Disease,53.0965721,Good,Normal,3.033883793,7.898001151,1.287374383,High School,Medium,56
Female,158.8335866,53.44354891,126/95,190.4291747,21.1841286,129.9297467,1.419453366,0.875541574,54.53012444,Moderate,Current,Occasional,High-fat,Hypertension,Regular,Hypertension,62.12078411,Excellent,Normal,4.197312906,5.401129428,7.765565526,Undergraduate,Medium,33
Male,186.7082137,84.77074037,115/99,206.6248536,24.31751141,118.3016672,1.638106792,0.665958082,12.55324976,Moderate,Never,None,Balanced,None,Occasional,None,74.05586621,Excellent,Insomnia,8.698170151,1.381727853,4.628972351,None,Low,20
Female,171.537853,81.84505827,138/93,224.7853406,27.814581,123.2737402,1.293525047,0.55267601,24.31817509,Moderate,Former,Occasional,Balanced,Hypertension,Occasional,Hypertension,58.24436648,Excellent,Insomnia,6.583039973,1.92237067,2.584480513,High School,Medium,38
Female,152.7807065,62.30778132,172/86,232.3092332,26.69348388,131.015141,1.048605677,0.471265914,46.36242305,Low,Current,None,High-fat,Hypertension,Regular,Hypertension,51.95043729,Good,Insomnia,7.679494244,7.044691338,0.808024787,None,Medium,62
Male,184.2183882,90.43603316,132/104,268.4348863,26.64867056,148.7485309,0.676572476,0.324805214,50.53124287,High,Never,Occasional,Vegetarian,Diabetes,Regular,Diabetes,58.15490868,Fair,Normal,6.897186988,6.771380806,5.897109961,Undergraduate,High,69
Male,176.4884983,78.79252395,165/108,201.8527596,25.29602004,143.960134,0.505244079,0.325551931,50.55136154,High,Never,None,Balanced,Heart Disease,Occasional,Hypertension,54.77316392,Good,Normal,2.296426664,9.721917286,6.253386531,None,Low,70
Female,170.9941059,57.87706903,153/93,254.2559233,19.79448688,153.1579507,0.540530824,0.2,47.35010498,Low,Never,Frequent,Vegetarian,None,None,None,57.37448531,Poor,Excessive,3.35616919,3.035838299,4.352036213,Undergraduate,Medium,77
Male,176.8087266,69.6379756,152/76,236.4266333,22.27607877,143.7047926,0.694212531,0.30559672,43.59820855,Low,Current,None,Balanced,Hypertension,Occasional,None,64.68591425,Excellent,Insomnia,9.937994786,5.906355658,1.491795229,None,Medium,62
Male,175.1810656,95.66097911,143/93,213.8407154,31.17170046,105.0065796,1.461000524,0.584313338,33.13930141,High,Current,Frequent,Balanced,Diabetes,Occasional,None,66.43699535,Good,Normal,1.829976735,5.664875578,4.59807195,None,High,33
Female,155.7045985,61.16551014,115/105,242.303758,25.2292142,122.2906954,1.086296048,0.566193263,45.59350896,Low,Current,Occasional,Balanced,Diabetes,Regular,Hypertension,74.62079384,Fair,Normal,7.552732716,9.468373861,5.994333419,High School,Medium,39
Female,168.3453403,66.25375369,183/97,257.144894,23.37805032,167.1022083,0.465886253,0.2,65.11714904,Low,Former,None,Low-carb,None,None,None,73.72653194,Good,Normal,8.69615053,0.030011049,10.12366548,Undergraduate,High,83
Male,175.970868,87.83901134,162/114,258.8956924,28.36650868,145.2838707,0.429899328,0.2,66.72745194,Low,Never,Frequent,Balanced,Hypertension,Occasional,Hypertension,55.74581715,Fair,Normal,9.774684822,1.318331681,4.696789068,High School,Medium,80
Male,177.5843054,79.54548134,139/96,216.4868328,25.22355827,133.4586445,0.294596865,0.2,79.56133799,Moderate,Never,Frequent,Vegetarian,Heart Disease,Occasional,Hypertension,43.40924682,Good,Insomnia,2.452309507,3.259857008,5.890018271,Undergraduate,Medium,82
Male,174.5659084,80.38521861,154/106,218.412566,26.37893951,133.3204482,0.644146967,0.292566271,69.0197339,Moderate,Never,Occasional,Balanced,Hypertension,Occasional,Diabetes,60.20610638,Fair,Normal,1.684270969,5.632994761,0.650431962,Undergraduate,High,63
Male,171.9006868,75.29666678,159/102,256.3585752,25.48123821,122.7042211,0.60937571,0.275356584,55.36943662,Low,Current,Occasional,Vegetarian,None,None,None,52.32221968,Fair,Insomnia,4.468516239,9.148086593,2.930784716,Undergraduate,High,76
Female,170.1142527,69.14213944,124/82,234.4596847,23.89248985,78.49707824,1.504369362,0.694984446,27.20159891,High,Former,None,High-fat,None,None,None,83.17348313,Poor,Excessive,1.383223328,9.267305251,9.871778122,Postgraduate,High,25
Female,162.0740517,40.50632754,128/104,205.3414496,15.42040896,122.8875032,0.708218041,0.310467577,42.90381506,High,Never,Frequent,Vegetarian,Hypertension,Occasional,None,96.9898021,Good,Normal,1.469633907,2.79470012,5.62953974,None,High,50
Female,161.7098781,65.55885638,153/103,233.1824544,25.0702272,119.3656358,0.543251639,0.338687228,62.21582415,Moderate,Former,None,Balanced,Diabetes,Regular,Heart Disease,68.32065775,Fair,Normal,2.249766056,8.484879781,11.27182038,None,High,70
Male,167.0796487,95.94894409,148/107,266.2454062,34.37107323,157.7343638,0.950798805,0.331802514,68.26657073,Low,Former,Frequent,High-fat,Diabetes,Regular,None,85.40960326,Good,Normal,5.714562672,5.919414325,1.460079619,None,Low,71
Male,182.110783,92.09547082,162/94,255.5641279,27.76942896,126.1229241,0.754077543,0.309461715,26.16946851,Moderate,Never,Frequent,High-fat,Heart Disease,None,Hypertension,47.45126679,Good,Normal,7.694240597,2.271517483,2.458793223,Undergraduate,Medium,61
Female,161.4444355,73.51302525,169/108,247.6808306,28.20448239,133.3582775,0.567474382,0.355933276,45.54831402,Low,Current,Frequent,High-fat,None,None,Diabetes,55.7058625,Poor,Insomnia,6.595844936,2.586536648,2.701519526,None,Medium,57
Female,167.965188,78.88880107,175/102,272.7283392,27.96255137,159.4457169,0.272052146,0.2,57.80854688,Moderate,Never,None,High-fat,Hypertension,Occasional,Hypertension,67.39939236,Good,Excessive,1.764914657,0.665683644,10.86146223,Undergraduate,Medium,86
Female,155.259258,50.56411551,132/86,174.9162744,20.97622836,133.8525083,1.849350152,0.799344432,35.07006365,Low,Former,Occasional,Balanced,None,Regular,None,87.95899494,Excellent,Normal,2.661691214,1.869663061,10.29682134,None,High,19
Male,184.0254062,105.2900833,125/87,183.5923369,31.09080015,132.9174093,1.374081766,0.743880049,26.28829655,Moderate,Never,None,Low-carb,None,None,None,65.7021721,Fair,Excessive,2.565036161,2.610863187,10.78111985,Undergraduate,Medium,29
Male,182.0652897,87.86640772,159/108,240.7839057,26.50748706,140.6843686,0.866740465,0.401110917,45.73018191,Low,Current,Occasional,Balanced,None,None,None,58.49398136,Poor,Excessive,9.474037611,4.237309365,7.214846953,High School,High,60
Male,168.2193135,79.31298119,159/97,234.7508269,28.02802923,117.257656,0.241642865,0.34498034,51.40755545,Moderate,Former,None,Low-carb,Hypertension,Regular,Hypertension,56.85762545,Fair,Normal,7.616345148,5.118106369,2.073886242,Undergraduate,Medium,75
Female,158.5718269,80.80814906,128/96,229.6074387,32.13683475,121.539775,1.315614747,0.702282907,32.02863891,High,Former,Frequent,High-fat,None,None,None,53.75514451,Fair,Insomnia,5.28614095,9.276457782,2.42894474,Undergraduate,Low,25
Female,154.5392952,55.15492311,158/104,267.6519641,23.09438646,142.3254668,0.633980657,0.500597098,41.05988416,Moderate,Current,Occasional,Vegetarian,None,None,Diabetes,50.49923438,Fair,Excessive,6.309216936,2.405369025,2.588606753,Undergraduate,High,67
Male,169.9226546,63.40961649,149/93,221.3812147,21.96102256,120.9949002,0.609158457,0.302348464,69.18376755,Moderate,Former,Frequent,Vegetarian,Heart Disease,Occasional,Heart Disease,69.1417435,Fair,Normal,1.959339327,6.826212499,1.637427889,High School,Medium,67
Male,178.7342626,71.97927134,140/98,176.6078385,22.53158897,104.961783,1.172991936,0.636044214,32.92874928,Moderate,Never,Occasional,Balanced,Hypertension,Occasional,Diabetes,77.50041426,Fair,Excessive,8.153951543,0.248332373,4.425050049,High School,High,28
Female,159.0829609,71.79743794,159/100,278.6766261,28.37014894,138.86436,0.37964191,0.325250128,63.63297796,Low,Never,Occasional,Vegetarian,None,Occasional,None,48.98398327,Fair,Insomnia,1.36397068,3.671355583,3.160739173,None,Medium,76
Male,176.1225505,84.98822487,145/88,265.2651621,27.39862865,127.1218483,1.025897572,0.731901673,46.19290093,Moderate,Current,None,Vegetarian,Diabetes,Regular,Heart Disease,72.6727138,Excellent,Excessive,9.967075168,6.061465167,9.39732061,Postgraduate,Low,40
Male,177.2311887,69.27874325,172/117,237.5125645,22.05564181,144.128061,1.135279262,0.328239774,22.62643638,Low,Former,None,Balanced,None,None,None,71.33660806,Excellent,Insomnia,5.757136235,4.421013496,1.555145626,High School,High,61
Female,164.4022934,54.09909304,129/88,225.4786375,20.01585937,107.2677017,1.824594106,0.732215889,27.27236034,Moderate,Never,None,Vegetarian,None,None,None,72.82572452,Poor,Excessive,4.018875862,5.911068196,9.275817055,None,High,18
Female,149.4645992,62.1259099,166/98,244.767402,27.8096856,107.8064161,0.061451211,0.2,56.19761252,Moderate,Never,None,Low-carb,None,None,None,60.59047349,Fair,Normal,7.384654368,4.205838414,0.921647726,Undergraduate,High,89
Female,159.3325561,51.30958661,167/93,250.8159004,20.21107757,128.1256155,0.683636608,0.256923429,83.64348516,Low,Never,Frequent,Balanced,None,None,None,77.38117016,Excellent,Normal,1.027882329,2.651783673,5.996211064,Postgraduate,Low,72
Female,158.8814199,61.9689962,173/105,247.096347,24.54868519,124.4042303,0.098597317,0.2,73.43628736,Moderate,Current,None,Balanced,None,None,None,50.93301912,Excellent,Excessive,9.103899047,6.350124375,10.69851449,Postgraduate,Medium,84
Female,174.5807321,58.47277406,134/83,240.0447841,19.18496792,117.2106258,1.384806457,0.665293654,30.56986673,Moderate,Never,Occasional,Low-carb,Diabetes,Regular,Diabetes,79.64337878,Fair,Normal,5.907737552,4.335345945,6.677710293,None,Medium,37
Male,175.2887528,67.52134521,140/83,148.8115135,21.97520747,106.5309705,1.261388039,0.48993361,29.46682097,High,Never,Occasional,Low-carb,Diabetes,Regular,Diabetes,64.1541385,Good,Normal,9.096671253,7.693945237,7.480118896,High School,Medium,30
Female,145.105137,64.52898292,142/98,256.2144406,30.64709007,105.5218813,1.189949169,0.806596274,35.31112361,Moderate,Former,Occasional,Vegetarian,None,Occasional,None,77.50309162,Good,Normal,2.758974586,1.081792975,10.05812901,Undergraduate,Low,38
Female,158.2812765,72.1030833,147/89,260.9999921,28.78026234,136.7432391,0.731428755,0.63632322,33.14593494,Moderate,Former,None,High-fat,Hypertension,Regular,Heart Disease,49.25275127,Good,Normal,3.564086658,1.35672627,3.002763881,High School,Medium,44
Female,166.8930493,57.88143846,142/92,248.030694,20.78082647,134.2722699,1.262727701,0.629425569,39.76745886,Moderate,Former,Occasional,Low-carb,Hypertension,Regular,Diabetes,73.79555969,Poor,Insomnia,2.998043517,7.154074548,2.155887547,High School,Low,41
Male,176.1784717,63.33054166,123/90,210.2337909,20.40363406,137.710378,0.995142699,0.511793672,27.12868049,Moderate,Current,Frequent,High-fat,None,None,None,43.61901218,Fair,Normal,8.539268424,9.425292453,5.005324098,High School,Medium,41
Female,159.2840096,43.13752421,137/91,270.0563412,17.00242457,133.2536419,1.343753035,0.614077937,42.86416605,Moderate,Current,None,Balanced,Heart Disease,Regular,Heart Disease,55.70638513,Excellent,Normal,4.601106934,8.064525677,0.660290827,None,Medium,47
Female,163.8513069,54.44049309,136/107,227.4391353,20.27786514,95.05802359,1.169157356,0.526267237,42.25952326,Low,Never,None,Balanced,None,None,None,75.08815816,Good,Insomnia,7.983539989,4.910019702,1.158390666,Postgraduate,Medium,46
Male,165.6955741,95.66473536,148/94,248.2184641,34.84416473,104.5389271,0.897818416,0.325135974,58.81619263,Low,Current,Occasional,High-fat,None,None,None,49.9715286,Good,Normal,7.555020111,1.420429733,2.015783954,Undergraduate,Low,57
Female,167.1255668,61.12613125,126/87,231.3893403,21.88472649,120.0949732,1.4105723,0.474305966,52.19503734,Moderate,Never,None,Vegetarian,None,None,None,73.78479232,Good,Insomnia,5.98061144,6.083236208,4.404776287,None,Low,40
Male,169.6452015,82.89763757,147/104,231.7819985,28.80441067,123.4419443,0.958100963,0.72083697,42.82390978,Moderate,Former,None,Low-carb,Heart Disease,Regular,Hypertension,66.11383069,Good,Insomnia,7.746957851,5.172742898,6.139053147,Undergraduate,High,43
Male,180.2836726,67.75607025,129/100,258.4925124,20.84660879,136.6026322,0.599109749,0.205039655,36.57407605,Moderate,Current,Frequent,Balanced,Hypertension,Regular,Heart Disease,51.48623849,Excellent,Insomnia,9.405353615,9.121156319,6.726872451,High School,Medium,69
Female,158.3024231,74.7115438,157/89,259.9445201,29.81347403,130.980097,0.575260294,0.2,62.76436515,High,Former,None,Low-carb,Hypertension,Occasional,Heart Disease,53.35276663,Good,Insomnia,4.233859086,2.61536642,1.335262753,High School,High,82
Male,185.9992707,80.11945219,156/107,219.3094509,23.15876995,163.3116816,0.611170569,0.435788448,59.23424493,Moderate,Never,Occasional,Balanced,Heart Disease,Regular,Heart Disease,80.56195308,Good,Excessive,6.50912628,8.102639662,2.147079633,Undergraduate,Medium,70
Male,167.1360652,61.93718938,153/109,261.6012627,22.17232046,133.2079531,0.861916898,0.483269553,48.2332632,Low,Current,Occasional,High-fat,None,None,None,56.26800755,Poor,Excessive,6.593078411,5.877671952,6.051772464,High School,Low,66
Female,162.7732057,66.41409002,147/90,199.2539626,25.06654011,126.4330176,1.356946056,0.720157697,43.3731571,Low,Current,Occasional,Vegetarian,Heart Disease,Occasional,Diabetes,81.29108745,Excellent,Insomnia,5.53712424,9.288075754,2.498582579,Undergraduate,High,29
Male,167.1271197,69.67288974,123/84,214.0047706,24.94422221,139.7039569,1.17435894,0.502845975,39.81477422,Moderate,Never,None,Vegetarian,Diabetes,Regular,None,69.19180661,Excellent,Normal,8.714522479,2.099676087,7.717820945,Undergraduate,Medium,37
Female,158.6379227,78.27352445,160/102,239.8236322,31.10289833,151.2506294,0.264030221,0.2,63.85751368,Low,Former,Frequent,Vegetarian,None,None,Diabetes,47.55478319,Fair,Normal,5.522502205,9.223805818,5.280465666,Postgraduate,Medium,84
Female,154.2930955,72.367877,165/105,281.2939869,30.39854856,154.1645414,0.025358852,0.273436701,36.58582939,High,Former,Frequent,Vegetarian,None,None,Hypertension,75.11024373,Good,Normal,5.491160504,6.193003637,9.313058969,Postgraduate,High,88
Female,159.3369278,78.93060752,125/83,214.7767835,31.0894162,138.234622,1.405092394,0.760458146,32.58044534,Moderate,Never,Frequent,Low-carb,None,None,None,58.76854438,Good,Insomnia,3.394024332,7.675092471,1.181522946,Undergraduate,Medium,27
Male,176.9123315,84.79190983,143/111,237.5311731,27.09182148,133.2867592,0.856235613,0.468591568,48.69679701,Low,Former,Frequent,Vegetarian,Heart Disease,Regular,Hypertension,65.05772238,Good,Insomnia,9.80546018,5.259335147,3.128368309,Undergraduate,Medium,47
Male,174.144531,82.33962437,145/113,260.4246954,27.15121077,123.8157025,-0.02512376,0.214091088,54.16469299,Moderate,Current,Frequent,Vegetarian,Diabetes,Regular,Diabetes,40.45842449,Fair,Normal,7.682021729,4.090553813,1.302206247,None,High,88
Female,154.7636485,65.54967302,133/85,259.1101027,27.36734145,129.0339519,1.356545843,0.590840148,36.64021653,High,Never,Frequent,Low-carb,None,None,None,66.41423333,Poor,Insomnia,5.020872539,1.124837548,7.670070761,High School,Low,37
Female,168.0752413,60.5077825,145/102,221.5467233,21.41922487,148.9507031,1.489050586,0.861763728,33.2119918,High,Never,Occasional,Low-carb,None,None,None,80.30349948,Fair,Normal,5.032580357,2.607824439,10.91311482,High School,High,27
Male,175.8680317,107.9954537,140/96,235.8550949,34.91657746,123.4002016,1.248041721,0.640525231,43.273863,Moderate,Former,None,Low-carb,Heart Disease,Regular,Diabetes,92.39581735,Fair,Normal,9.717153834,6.579873546,0.810824677,Undergraduate,High,43
Male,170.490896,89.23310767,135/98,216.2916192,30.69895781,149.2739212,1.096659206,0.525045579,48.17866499,High,Never,Occasional,Vegetarian,Diabetes,Occasional,None,63.95854669,Fair,Normal,6.747966569,5.098567726,2.094445663,None,High,44
Male,178.8431546,87.09280324,162/90,211.3812143,27.22937204,118.8887497,0.974214871,0.535475173,25.9893596,Moderate,Former,Occasional,High-fat,Heart Disease,None,Hypertension,58.74278844,Fair,Excessive,4.343966803,3.054379697,2.068721331,High School,Medium,43
Female,159.6363653,64.75721887,150/95,228.8570354,25.41116211,128.3890462,0.635277458,0.2,37.19058699,Low,Former,Occasional,High-fat,Heart Disease,Regular,None,54.32504984,Good,Insomnia,1.266971628,5.921971666,11.45399448,Undergraduate,Low,68
Female,159.505894,68.69834441,138/78,210.8709495,27.0018052,136.4548716,1.257547904,0.567799029,35.91759547,Moderate,Former,Occasional,Balanced,None,None,None,68.61476017,Fair,Insomnia,2.785409836,9.082905044,1.935355097,Undergraduate,Medium,43
Female,162.3685494,56.81257674,109/99,237.4740011,21.54967208,139.1831588,0.862975316,0.309392689,48.34271387,High,Never,Occasional,Balanced,Hypertension,Regular,Diabetes,65.8218991,Fair,Normal,4.004256671,4.009135988,9.325645965,High School,Low,53
Male,168.6912311,56.63888197,149/105,228.7395727,19.90350932,157.2381533,0.667358489,0.349540673,57.74391264,High,Current,Frequent,Balanced,None,None,None,62.32717046,Good,Insomnia,7.456568354,6.339708054,0.85245393,None,Medium,60
Male,179.9967899,70.29455522,133/76,235.6059317,21.69662424,115.113401,1.529144415,0.732997533,38.26717879,Low,Former,Occasional,Low-carb,None,None,Diabetes,55.22775152,Good,Normal,6.035289356,6.602242746,4.256258802,Undergraduate,Low,23
Female,162.5673057,71.99309874,138/96,251.4607112,27.24108809,114.7003243,0.911486698,0.473738489,33.89812192,Moderate,Former,None,Balanced,Diabetes,Regular,None,63.23972432,Excellent,Normal,4.735475087,2.164718357,0.322927574,High School,Medium,47
Female,168.0465086,74.08610439,156/74,240.2627987,26.23480084,151.4992752,0.878630682,0.605558496,36.4534552,Moderate,Never,None,Balanced,Heart Disease,None,Hypertension,54.72493405,Poor,Insomnia,5.457421702,7.42993387,4.240503499,None,High,55
Female,156.8435868,74.71485998,150/89,239.536677,30.37200452,112.7152355,0.998268781,0.328505429,43.60394497,Moderate,Current,Occasional,Vegetarian,None,Occasional,None,61.2722834,Poor,Insomnia,3.410718826,2.60258831,6.812014612,None,High,54
Male,176.489746,107.8880246,177/108,266.6099303,34.63652273,136.842488,0.344225672,0.2,43.99730305,Low,Former,None,High-fat,Hypertension,Regular,Heart Disease,64.8543748,Good,Normal,4.070308121,7.315827119,11.18183122,Postgraduate,High,85
Female,168.6063888,49.23648438,122/95,282.0576413,17.31964483,128.1072555,1.211188472,0.603812134,47.87961108,Low,Current,None,High-fat,Hypertension,None,Hypertension,72.53662115,Good,Normal,9.165502901,8.597363859,0.690404937,Undergraduate,Medium,38
Female,161.0055703,82.71155306,156/98,256.8979116,31.90688246,132.5350835,-0.042009247,0.2,61.5201201,Moderate,Former,None,Balanced,None,None,None,42.61286916,Good,Normal,9.668366313,8.438250021,10.99935999,Postgraduate,Medium,87
Male,178.4833548,65.63704445,166/84,233.311295,20.60409654,135.5410168,0.800467814,0.369139988,48.36895003,High,Never,None,Balanced,None,None,None,48.77468596,Fair,Insomnia,4.453842651,5.958102847,6.18546539,High School,Low,68
Male,169.680602,84.18990061,134/84,206.634935,29.24122779,111.3766411,1.414024184,0.671621533,31.59138045,Moderate,Former,Occasional,High-fat,Hypertension,Regular,Heart Disease,63.42215673,Good,Excessive,7.574494693,6.573417512,7.676196788,Postgraduate,High,33
Male,174.6676178,82.03710878,121/92,236.0377631,26.8896749,120.5088243,1.405339743,0.706235593,40.00043082,Moderate,Never,Frequent,High-fat,Hypertension,Occasional,Heart Disease,63.18344795,Good,Normal,4.523222729,2.064268391,10.49243306,None,Medium,26
Female,165.3206821,51.1678927,141/105,216.7974125,18.72160829,106.8657697,1.379944616,0.660347591,24.90117267,Moderate,Former,None,Vegetarian,None,None,Diabetes,70.40980863,Excellent,Normal,8.053395718,2.736654364,10.12897273,Undergraduate,Medium,44
Female,163.0482644,63.44298669,174/105,284.6466555,23.86444065,107.32923,0.253757118,0.253238267,55.03590946,Moderate,Former,None,Balanced,None,None,None,62.83731177,Poor,Insomnia,8.592779248,0.370284554,4.389655398,None,High,85
Male,186.4592955,76.42261211,158/95,180.0489415,21.98132157,146.325643,1.261095621,0.412108891,29.81992447,High,Former,Occasional,Low-carb,None,None,None,77.02802512,Fair,Insomnia,3.303494753,0.041301891,5.080205925,Undergraduate,Medium,48
Male,174.8573998,55.01119153,149/100,216.4591687,17.99214821,116.4479704,1.193351587,0.559151444,49.60606776,Low,Never,None,Vegetarian,None,None,None,71.40364863,Fair,Normal,5.819075944,9.95582265,5.328762616,Undergraduate,Medium,43
Female,158.1589345,61.8593671,147/112,246.1811036,24.72965237,142.7292978,0.548675573,0.341117181,62.592939,Moderate,Never,Frequent,Balanced,None,Regular,None,71.16164955,Good,Excessive,1.820056369,0.876612164,8.189412224,None,High,67
Female,162.8080076,62.75143134,155/96,217.5069843,23.67402561,124.3817714,0.631089853,0.2,50.25987069,Moderate,Current,Occasional,Balanced,Heart Disease,Occasional,Heart Disease,60.17830131,Good,Normal,5.413802858,5.006352959,6.197686417,High School,Medium,69
Female,170.8415556,55.41621328,131/95,259.467658,18.98671414,119.2325324,1.202914452,0.523936489,37.40904223,Moderate,Never,Occasional,Vegetarian,Hypertension,Occasional,Diabetes,64.40601136,Good,Insomnia,9.94444365,8.258956818,6.697418137,None,High,38
Female,158.8555836,48.12643825,135/101,198.1261315,19.07123215,111.7846102,0.685073344,0.369478841,58.39954757,Moderate,Current,Occasional,Low-carb,Heart Disease,Occasional,Diabetes,57.74074309,Excellent,Normal,3.136626376,5.716786154,9.400678235,High School,Medium,54
Female,159.7255221,66.01131785,136/91,250.982691,25.87436917,117.6828442,1.070695228,0.673573963,49.04423664,High,Never,None,High-fat,Heart Disease,Regular,Diabetes,46.09176978,Poor,Excessive,7.935841925,8.024162989,9.13009995,High School,Low,41
Female,166.9267336,66.58047122,134/94,231.1679793,23.89434193,85.17998664,1.599928517,0.733619798,12.65004484,Moderate,Current,Occasional,Balanced,Heart Disease,Occasional,Heart Disease,79.59331024,Fair,Insomnia,7.024926637,1.086653926,11.93947133,None,Medium,23
Female,160.6648027,64.62786144,165/114,220.7566558,25.03676973,135.1329324,0.804757349,0.267978497,60.76248177,Low,Former,Occasional,Balanced,None,Occasional,None,59.26210304,Fair,Excessive,2.07555393,3.991819902,2.687185733,High School,Low,68
Male,172.7329365,75.14656832,128/82,217.7647052,25.18597919,116.2159604,1.309909381,0.554966436,46.19709366,Moderate,Never,Frequent,Low-carb,Heart Disease,Regular,Diabetes,70.97868156,Good,Excessive,3.279315425,0.237627562,6.149620963,High School,Low,44
Male,182.2680903,82.15159716,164/102,215.4235393,24.7283264,99.54330632,0.993339564,0.525904913,23.30324742,Moderate,Never,None,Balanced,None,None,None,65.88005593,Good,Normal,9.977750495,7.678676836,9.864530273,None,Low,48
Female,163.220159,64.68543035,158/94,262.9161272,24.28057004,113.4208722,0.793127357,0.2,70.42281089,Moderate,Never,None,Vegetarian,Heart Disease,Regular,Diabetes,50.90089568,Good,Normal,2.513131248,4.935352764,8.840207866,High School,High,72
Male,169.180563,79.04358648,130/83,210.4930709,27.61631359,119.9689744,1.298687504,0.752786427,37.76833113,Moderate,Never,Occasional,Balanced,Hypertension,None,None,62.27349072,Poor,Insomnia,2.585637772,7.932264369,10.2191112,High School,High,37
Female,155.3878399,83.03654812,152/106,261.2089015,34.39024169,142.4016797,0.506659173,0.291171534,65.83853845,Low,Current,None,Vegetarian,Heart Disease,Regular,Hypertension,41.9308848,Fair,Normal,4.165372874,8.916549067,6.919436713,Postgraduate,Medium,70
Male,150.8265214,84.61471473,157/101,231.7217817,37.19550547,126.3235529,0.502641096,0.2,54.58906716,Low,Current,Occasional,Balanced,Hypertension,Occasional,Hypertension,65.97008602,Poor,Insomnia,9.374734006,3.206524143,6.483440452,High School,High,80
Female,167.6592195,59.91183216,142/84,212.3049878,21.31364465,143.7084589,0.584029623,0.377247012,50.39626396,Moderate,Current,Occasional,Balanced,None,Regular,None,59.10435832,Good,Insomnia,2.820390403,7.025072104,7.917320117,High School,Low,56
Female,153.4472455,53.6237298,152/107,247.3364918,22.7739742,148.199791,0.008888525,0.227430033,67.29833346,Moderate,Former,None,Low-carb,Heart Disease,Regular,Hypertension,34.23845262,Fair,Insomnia,5.900703678,9.371574857,0.362042317,None,Low,79
Male,178.2217912,73.07334189,172/88,254.7576707,23.00580112,109.015003,0.297226465,0.280333267,75.42477923,Moderate,Former,Frequent,Vegetarian,None,None,None,50.9128094,Good,Normal,5.016738909,7.328420816,0.325610284,Postgraduate,Medium,88
Female,160.3070881,65.41768992,177/110,212.6645227,25.45597601,151.137421,0.400062401,0.2,54.7787898,Moderate,Former,Occasional,Vegetarian,None,None,None,58.43162582,Good,Insomnia,5.467347522,4.810247957,5.796846179,Postgraduate,High,77
Male,170.6180387,58.46778736,163/97,232.5450503,20.08476562,155.6199508,0.596428748,0.414655665,60.34091532,Moderate,Current,Frequent,Balanced,Hypertension,Regular,Hypertension,84.21388412,Good,Excessive,5.31690625,1.215917894,8.168315767,None,Medium,65
Male,166.9190323,90.35079801,134/92,255.4403496,32.42800834,157.2945648,0.111366989,0.250966514,80.29532185,Low,Former,Occasional,High-fat,Hypertension,Occasional,Hypertension,58.44642203,Fair,Normal,7.014479203,8.84764394,3.720167918,Postgraduate,Medium,87
Male,175.0186906,71.31008517,170/88,229.2285608,23.27995274,128.4846291,0.565749521,0.531462969,52.0674387,Low,Former,Frequent,Low-carb,Hypertension,Regular,Hypertension,46.00417854,Fair,Excessive,8.900818715,6.497841197,5.621939325,Undergraduate,Low,63
Male,188.1382949,67.9917186,152/99,220.2927146,19.20886089,131.5819535,0.668873387,0.379326042,55.70724129,Low,Current,Occasional,Balanced,None,None,None,40.46419086,Good,Normal,7.349299704,7.484887623,4.811466715,Undergraduate,Low,66
Male,176.9435695,60.66220674,121/89,210.9195273,19.37530895,98.32831805,1.418557914,0.734662736,27.80461288,Moderate,Former,Frequent,Vegetarian,Diabetes,Occasional,Hypertension,67.33816536,Good,Insomnia,3.193899145,2.669887012,0.902707068,High School,Medium,35
Female,164.2684966,50.92008225,139/84,256.4910029,18.87037503,121.3478108,1.162382462,0.586393478,37.78108123,High,Never,None,Low-carb,None,None,Diabetes,76.46111557,Fair,Excessive,2.212027087,3.561284072,3.734560462,Postgraduate,Low,40
Male,178.9768773,69.66992758,144/96,243.8868041,21.74961162,119.3948621,0.905029485,0.440387763,53.87057319,Moderate,Current,Occasional,Balanced,None,None,None,77.96983773,Poor,Insomnia,1.771895235,9.382985323,0.965138503,None,High,54
Female,157.7438271,70.40949805,141/95,239.5677747,28.29609481,136.5349211,1.124833225,0.541542528,40.6994509,Moderate,Former,None,Vegetarian,Hypertension,Occasional,Hypertension,62.17875727,Fair,Normal,1.257368234,5.511006764,0.986178178,Postgraduate,Low,45
Male,164.0231699,75.71650157,146/98,228.1499598,28.14363165,108.5032781,1.6382149,0.641640937,23.64313508,Low,Former,Frequent,Low-carb,Heart Disease,Regular,Heart Disease,77.96482968,Fair,Excessive,2.454300712,8.155652157,2.360949611,None,Medium,30
Male,174.6639716,90.02834763,168/106,232.4409117,29.51023152,128.6412351,0.768564006,0.235177101,36.5226588,Low,Former,None,Vegetarian,None,None,None,50.25762833,Fair,Normal,2.017950514,5.314912989,10.99532409,Postgraduate,Low,80
Female,166.9533336,85.21045387,139/81,212.6349504,30.57051029,90.69680022,1.683292324,0.792466362,33.84854763,Low,Former,None,Vegetarian,None,None,None,81.53806209,Good,Insomnia,7.20638646,7.855694697,7.119932433,High School,High,22
Female,160.9676316,53.94739467,142/95,244.6594565,20.82060609,97.32954468,1.313632884,0.444470966,49.61628464,Moderate,Never,Occasional,Balanced,None,None,None,67.59445099,Poor,Insomnia,7.961445045,2.578522224,8.95941758,Undergraduate,Medium,44
Male,171.0726709,69.22480048,172/98,237.2596524,23.65377388,140.9970223,0.132954956,0.216206944,53.35115895,Moderate,Current,None,Balanced,None,None,Hypertension,55.54399208,Good,Normal,5.169520207,6.020837209,9.616419802,High School,Low,86
Male,180.9225014,69.99321578,153/114,242.2385842,21.38310557,143.1774809,0.157493255,0.2,42.54213231,Moderate,Former,Occasional,High-fat,Hypertension,Regular,Heart Disease,55.58712593,Good,Normal,6.01376516,5.09172454,6.21717688,Undergraduate,Medium,89
Male,179.3446789,112.8373372,156/92,242.7869041,35.08131281,126.2420284,0.714848724,0.20461604,55.97775258,Low,Former,Occasional,Vegetarian,Diabetes,Regular,Hypertension,45.20495092,Poor,Insomnia,5.947849431,3.900296416,0.790767809,Undergraduate,High,69
Male,178.4599103,64.23366608,142/97,226.9026408,20.16886083,134.3698864,0.326192364,0.2,65.1134074,High,Current,None,Balanced,None,None,None,57.2717508,Fair,Normal,4.524299254,5.455750899,0.948673361,Undergraduate,High,84
Female,163.960071,67.5333076,135/88,243.5168502,25.12128355,119.581734,0.876106254,0.436384581,55.52494616,Moderate,Current,Occasional,Vegetarian,None,Occasional,None,67.89699986,Fair,Insomnia,8.562623777,8.628840668,2.104571555,None,Low,58
Male,177.6543878,68.99125654,161/92,292.0235932,21.85959836,111.2820728,1.137528338,0.514815073,34.56915908,Moderate,Never,Frequent,Low-carb,Diabetes,Occasional,None,77.13800351,Excellent,Normal,2.684225258,1.005325323,6.673292075,High School,Medium,45
Female,168.8566342,71.49708133,147/86,220.6676869,25.07564177,128.6534224,1.338467773,0.604948708,43.10405221,Low,Never,Frequent,Balanced,None,Occasional,None,65.28900538,Excellent,Normal,6.717956559,7.107463738,10.57486541,Undergraduate,Medium,37
Female,158.2494911,62.42984776,164/89,225.6073882,24.92915924,144.8513017,0.703970843,0.291791267,77.27304298,Low,Former,Occasional,Vegetarian,None,Occasional,None,58.49725422,Poor,Excessive,6.258369608,3.537099333,4.511080289,Undergraduate,Medium,83
Female,167.9733475,58.92899022,155/79,253.6987146,20.88566197,124.9127947,1.329051255,0.646666623,36.27211751,Moderate,Never,Frequent,Balanced,None,None,None,70.19424822,Fair,Insomnia,5.598758122,2.105815219,4.125555222,High School,Medium,34
Male,182.6031526,70.9818762,144/89,189.5166544,21.28780737,116.9697477,1.508893666,0.692574547,59.15709994,Moderate,Current,Occasional,Vegetarian,None,None,None,71.51414132,Fair,Normal,7.623458673,5.356614583,10.80799316,Undergraduate,Medium,34
Female,156.5321003,70.00811588,162/96,243.6007771,28.57206075,113.5288512,0.45997201,0.205628005,72.37410554,Moderate,Current,Occasional,High-fat,Diabetes,Regular,Heart Disease,51.62194835,Good,Normal,8.015818767,9.899442878,3.347699446,Postgraduate,Low,83
Male,174.441662,74.54319443,153/81,245.623279,24.49669912,124.8222749,1.175375238,0.725554631,43.04895386,High,Current,Frequent,Balanced,None,None,None,74.24197405,Good,Insomnia,3.865896077,4.627510816,2.408190515,High School,Medium,43
Female,160.2657771,73.1261909,154/107,270.6819899,28.4702555,150.375311,0.401542481,0.212223838,53.83393881,High,Former,Frequent,High-fat,Diabetes,Occasional,Diabetes,57.93308652,Excellent,Insomnia,4.84898173,1.415236341,6.36281389,Postgraduate,High,71
Male,189.3801498,72.56848495,148/96,185.3239409,20.23387882,133.714117,0.946745699,0.524141659,46.30920717,Low,Current,Occasional,Balanced,Hypertension,Regular,None,60.59228012,Good,Insomnia,4.199381879,8.210960758,0.834040295,High School,High,53
Female,166.679533,70.20002281,147/104,260.0775607,25.26810677,135.3917948,0.643819754,0.510631439,68.20022171,High,Current,Occasional,Balanced,Heart Disease,None,Heart Disease,52.75265345,Good,Normal,7.257105523,7.590784131,10.65700729,High School,Low,72
Male,183.6074036,79.24304602,155/80,171.9081559,23.506111,120.3378683,1.59054377,0.730508483,33.60018077,Moderate,Never,None,Low-carb,None,None,None,65.25390825,Excellent,Normal,2.024542755,1.91706771,8.237856819,None,Low,23
Female,159.423532,47.6421107,136/100,189.8828762,18.74503003,84.11015313,1.547897607,0.87539324,7.104116045,High,Never,None,Balanced,Hypertension,Occasional,Heart Disease,75.39716196,Excellent,Insomnia,3.863986519,1.869199353,9.801179909,High School,Medium,18
Male,168.6934955,75.38610141,134/85,217.9422616,26.4907717,115.7101633,1.588396743,0.935748553,22.48952917,High,Never,Frequent,Balanced,Heart Disease,Regular,Diabetes,52.89186023,Excellent,Normal,3.200390835,6.31264336,3.374031377,None,Medium,21
Male,168.4482045,46.55930209,147/95,244.8996364,16.40868165,114.9089938,0.398376807,0.493726439,44.36817872,Moderate,Never,Occasional,Low-carb,Hypertension,Regular,Heart Disease,72.20117866,Fair,Normal,4.090036258,9.443008199,10.97489444,Undergraduate,Medium,61
Female,160.0301613,76.52291383,140/96,260.8073965,29.88049671,118.8475787,1.038202883,0.471577278,45.69113056,Moderate,Current,Occasional,High-fat,Hypertension,Regular,Heart Disease,67.72961917,Fair,Insomnia,7.071037038,4.804452385,1.619215012,Undergraduate,Low,51
Male,165.8276111,70.48557668,149/99,237.6337479,25.63224047,116.9652364,0.756726331,0.299718371,63.18020034,Moderate,Former,None,High-fat,None,None,None,60.96582752,Good,Normal,4.093095573,6.385722079,9.76782704,Postgraduate,High,56
Male,171.9554317,81.93993404,155/87,203.2392428,27.71174106,96.77524992,1.679129138,0.705213806,35.29924178,Low,Never,None,Balanced,None,None,None,61.58480643,Fair,Normal,1.777480676,6.035117908,8.249408395,High School,Medium,23
Male,182.0583584,74.95991156,169/117,272.3733622,22.61558471,154.4120237,0.071701442,0.2,60.5516051,Moderate,Never,None,High-fat,None,Occasional,None,47.68355144,Poor,Insomnia,7.286206298,8.605062588,10.07990934,Undergraduate,Medium,84
Female,160.9384625,78.48108763,132/84,253.0930464,30.30018758,116.2616905,1.232217727,0.698181877,32.82223624,Moderate,Former,Frequent,Vegetarian,Diabetes,Regular,Hypertension,71.48640139,Good,Excessive,8.881969416,2.964028289,6.095354772,High School,Medium,36
Female,165.9135194,72.01257653,170/92,233.9083782,26.16042517,134.9155994,0.827216765,0.497019926,60.83558402,High,Current,Frequent,Balanced,Diabetes,Occasional,None,88.53516789,Good,Normal,8.852489042,5.898675683,10.4719638,Postgraduate,Medium,51
Female,155.0533691,60.66332801,120/84,182.3554488,25.2327054,85.03923607,1.465375054,0.735299168,46.69712752,Low,Never,None,Balanced,None,None,None,85.65168141,Good,Normal,7.957010675,7.929333636,5.917015777,None,Low,29
Male,175.1811723,74.34254944,126/99,213.5577174,24.2249335,138.196534,1.703688103,0.928584444,38.45806772,Low,Never,Frequent,Balanced,None,None,None,66.47701886,Excellent,Normal,1.748533166,2.413237768,8.548771437,Undergraduate,High,18
Male,171.5591632,62.36545778,146/99,261.1631258,21.18928371,121.2044841,0.650825057,0.300027085,65.96975315,Moderate,Former,None,Low-carb,None,None,None,48.28180635,Good,Insomnia,1.727845016,9.663075644,2.242296187,High School,Medium,67
Male,168.0985602,87.27991349,110/89,201.8743248,30.88775328,118.8959717,1.126209054,0.59091543,41.90711615,High,Former,None,High-fat,Diabetes,Regular,Heart Disease,53.31209003,Excellent,Normal,3.685943142,9.960481249,6.7107254,Postgraduate,Medium,46
Female,166.0514306,58.44427772,161/93,249.6557908,21.1961387,106.5973243,0.957718104,0.501595659,57.1341754,Low,Never,Occasional,Balanced,None,None,None,43.32813059,Good,Insomnia,2.464468204,6.65914333,5.022336561,Postgraduate,Low,49
Male,175.5310446,71.93861315,121/77,216.4916232,23.34824202,127.192985,1.642545656,0.663882328,32.89221378,Low,Never,None,Balanced,None,None,None,90.12603384,Fair,Insomnia,7.10539572,8.656391206,10.48589332,Postgraduate,Low,29
Female,156.9390032,69.31259834,136/87,229.5007287,28.1417046,123.8262526,1.044666405,0.731308078,48.80602779,High,Former,Occasional,Balanced,Hypertension,None,None,76.06278558,Good,Normal,5.157692699,5.227917491,7.459279171,None,Low,43
Female,153.795265,78.88573975,174/103,243.8857422,33.35128509,125.0106718,0.611143708,0.234516606,51.33390072,High,Former,Occasional,Balanced,Heart Disease,Regular,Hypertension,47.99886103,Excellent,Normal,5.904762677,2.850644362,7.47347337,Undergraduate,High,74
Male,171.0662116,93.60858045,155/92,238.7713133,31.98800712,112.8518538,1.155309976,0.633371617,33.53380675,Moderate,Former,None,Low-carb,Heart Disease,Regular,Hypertension,65.46413627,Good,Insomnia,4.588271372,6.554431252,7.384347077,High School,Low,41
Male,175.7811035,87.577076,122/87,260.5649371,28.34301639,127.3335153,1.594184147,0.681871063,31.41824719,Moderate,Never,Frequent,High-fat,Hypertension,Regular,Hypertension,91.86206,Fair,Normal,2.770785579,3.742007422,6.241166286,None,Medium,20
Male,171.2480509,78.71018339,146/90,251.0923718,26.83982316,102.5845424,0.865205534,0.470744631,50.7762563,Moderate,Current,None,Vegetarian,Diabetes,Occasional,Diabetes,73.94262374,Fair,Insomnia,7.565320821,2.529955044,2.042354594,Undergraduate,Low,56
Male,178.4185978,71.90520131,116/85,229.7707688,22.58811878,127.9103801,1.271405628,0.829427084,36.20187089,Low,Never,Occasional,Balanced,None,None,None,95.75516791,Fair,Insomnia,2.792926202,9.856243938,9.158508864,None,High,32
Female,160.5365782,70.81671543,146/67,187.4075828,27.47816812,113.5709009,1.609469316,0.75231495,37.14587209,Moderate,Never,Frequent,High-fat,Hypertension,Regular,Hypertension,100.0917745,Fair,Insomnia,1.470129008,3.822105082,11.55524094,High School,Medium,26
Female,156.3113679,62.6665913,163/100,227.4227975,25.64808503,147.9546658,0.716799975,0.270445286,56.59811733,Low,Never,Frequent,Vegetarian,None,Occasional,None,54.89397921,Good,Insomnia,5.80425037,8.507807151,7.402534341,High School,High,72
Female,154.9240512,61.28287738,134/97,216.5938039,25.53297724,130.9703373,1.357930035,0.923304363,36.63448379,Moderate,Former,Occasional,High-fat,Diabetes,Regular,Diabetes,79.70776359,Good,Normal,1.309798899,7.23318352,1.523808709,None,High,26
Female,152.6603211,67.13239253,143/97,198.5812795,28.80578948,131.6543385,0.823551055,0.693504974,39.26998196,Moderate,Never,None,Balanced,Diabetes,Occasional,Heart Disease,76.68942723,Fair,Insomnia,8.229866206,2.627472586,10.55116779,Postgraduate,Low,46
Female,162.6069076,85.25105108,120/85,226.2214727,32.24198421,79.74941718,1.723477414,0.69303315,29.27652049,Moderate,Never,Frequent,Low-carb,Heart Disease,Occasional,Heart Disease,67.70617665,Fair,Insomnia,9.119450053,5.51197188,10.3461695,Undergraduate,Medium,19
Male,176.1467657,63.63013312,141/90,231.2595144,20.50753613,109.1574183,1.515932633,0.906982519,30.47882561,Moderate,Current,None,High-fat,Hypertension,Regular,Heart Disease,76.64209024,Fair,Normal,5.815761489,3.499600316,2.117166443,Undergraduate,Low,24
Female,162.1144284,64.67443906,143/74,205.643064,24.6087374,112.7291475,0.809448443,0.437456937,38.77793619,Moderate,Former,None,Balanced,Hypertension,Regular,Heart Disease,67.71714576,Good,Insomnia,3.627511516,1.12590731,1.618995463,High School,Medium,51
Female,162.9724731,79.09804972,162/97,297.7101448,29.78086196,132.5026622,0.636101361,0.31532239,63.85956527,Low,Former,Frequent,Vegetarian,Heart Disease,Regular,None,57.54703679,Poor,Excessive,6.015545553,0.674316609,5.719983735,High School,Medium,66
Male,169.0336787,82.98143916,144/99,214.6834647,29.04253197,146.833936,0.885705011,0.651282816,46.9558971,High,Never,Frequent,Balanced,Hypertension,Regular,None,59.24140613,Good,Normal,4.496299752,7.531397391,7.934267191,Postgraduate,Low,44
Female,169.2642313,68.45110112,158/83,239.1642503,23.89186501,106.9719424,1.867882459,0.863071431,17.64714889,Low,Former,None,Low-carb,Diabetes,Occasional,Hypertension,87.77057898,Fair,Insomnia,8.401043211,1.597549422,11.32973262,High School,High,21
Female,170.3688502,55.05567504,146/116,215.1085963,18.96800726,119.394504,0.91978314,0.453678361,52.65774353,High,Current,Frequent,High-fat,None,Occasional,None,72.4588246,Good,Normal,9.929344804,8.494700602,3.375356593,Postgraduate,High,49
Male,173.4317438,71.96414714,136/107,251.9855315,23.92538865,134.0715241,0.341483901,0.366210574,49.08796297,High,Current,Occasional,Balanced,None,Occasional,None,54.91504315,Excellent,Insomnia,6.771391779,3.516560558,1.988525845,Postgraduate,High,63
Male,172.6116489,84.83278696,145/103,270.5020389,28.47236434,137.3114993,0.56031716,0.31584191,45.39134861,Low,Former,Frequent,Low-carb,Heart Disease,Occasional,Hypertension,49.38536533,Fair,Insomnia,8.845788808,4.655175944,10.882294,High School,High,71
Male,182.3782498,50.42390618,151/94,266.455321,15.15969273,142.2413257,0.891069707,0.467098441,52.30989352,Moderate,Former,None,Balanced,Diabetes,Regular,Hypertension,71.60067135,Good,Excessive,6.787329317,5.013166181,9.376545763,Undergraduate,High,55
Male,169.2719795,67.94804565,142/117,224.4986866,23.71410967,135.1370503,0.503866795,0.2,35.60172969,Moderate,Never,Frequent,Balanced,None,None,None,59.10895098,Good,Normal,7.642458045,2.723483475,5.231119463,Postgraduate,Low,76
Male,171.840696,82.23815498,152/95,239.5555973,27.84975072,119.298752,0.761689622,0.445741081,46.19400088,Moderate,Current,None,High-fat,None,None,None,80.14278249,Poor,Insomnia,1.117627958,0.089385776,3.460230823,None,Medium,57
Female,155.516729,80.62114943,147/103,213.3101884,33.33456248,125.227347,0.365136972,0.230540888,42.10389807,High,Never,Frequent,High-fat,None,Regular,None,47.9338058,Good,Normal,9.099419768,9.308069678,8.773896482,Undergraduate,Low,76
Male,169.0248129,75.90855989,130/119,243.3936925,26.56989416,156.6571293,0.209239854,0.2,67.73055986,Moderate,Never,None,Balanced,Hypertension,None,Diabetes,49.91082772,Good,Excessive,6.609503886,5.042536556,2.289881445,Undergraduate,High,85
Female,163.6361634,51.04105404,141/76,223.4010484,19.06167486,136.2169899,1.355562877,0.669438143,41.75836052,Moderate,Current,None,Balanced,None,None,Diabetes,74.01753501,Good,Normal,4.178896519,6.565473142,1.896085399,Undergraduate,Medium,43
Male,165.7161517,83.72185185,131/82,235.0588118,30.48661083,116.3753227,0.909747487,0.272391047,42.43732576,Moderate,Former,Frequent,Balanced,Diabetes,Regular,Hypertension,78.50636477,Good,Excessive,9.47812451,6.114554451,5.274908512,Undergraduate,Medium,56
Female,154.187984,75.99868625,180/100,260.1956565,31.96723138,146.83387,0.298528261,0.2,66.36743029,Low,Current,Frequent,Vegetarian,Diabetes,None,Hypertension,45.35663073,Excellent,Insomnia,5.477962825,7.534469762,3.492825515,Postgraduate,Medium,85
Female,155.3854075,66.62650285,125/91,232.8336504,27.59475588,115.8007757,0.749172246,0.555401088,44.69458942,High,Never,Frequent,Vegetarian,Hypertension,Regular,Diabetes,82.18889802,Excellent,Insomnia,2.28568884,8.383040156,11.52884811,None,Medium,53
Female,177.9711567,69.64851981,144/88,217.2180404,21.98936282,119.4749424,1.011286737,0.520306539,45.53091577,Moderate,Former,Occasional,High-fat,Hypertension,Occasional,Diabetes,56.8284682,Poor,Insomnia,3.643962355,1.915669243,0.245945956,High School,Low,44
Female,159.8414693,50.52883399,157/103,273.4234831,19.77699712,162.0061065,0.593638221,0.23777845,58.86466826,Moderate,Current,None,High-fat,None,None,None,60.87517035,Good,Normal,4.942090551,0.808286969,3.594745417,None,Medium,69
Male,174.9413159,75.88343098,151/107,254.0247734,24.79488972,115.088716,0.95341156,0.319123474,52.92872912,Moderate,Current,None,Vegetarian,None,Regular,None,37.83441343,Fair,Insomnia,8.396102613,4.775636097,8.143126645,Undergraduate,Medium,60
Female,164.1916152,50.49255346,138/96,237.9020993,18.7294655,88.09672173,1.532821897,0.888325055,41.28985412,Moderate,Never,None,Low-carb,Hypertension,Regular,None,77.68108121,Fair,Normal,9.275319077,2.798085298,0.387917572,High School,Medium,18
Female,152.6634025,65.80294228,132/106,242.5990972,28.2341968,121.5419117,0.994441817,0.670840805,41.18470982,High,Never,Occasional,High-fat,Hypertension,Regular,Diabetes,66.93178166,Fair,Normal,6.87280702,4.066519159,8.500031762,High School,Medium,36
Female,154.2570782,80.42296978,146/99,240.7329348,33.7979146,104.7700836,1.069958052,0.233956615,41.51070468,Low,Current,None,High-fat,Heart Disease,Regular,None,52.38055431,Good,Insomnia,7.47288179,6.453518528,1.430168631,High School,High,58
Female,161.0339255,56.55777781,167/99,207.5488496,21.81009603,121.8243531,0.156659303,0.2,40.56508658,Moderate,Never,None,Vegetarian,None,None,None,56.71413771,Good,Insomnia,5.640371165,6.570454164,6.678625661,None,Medium,88
Female,164.6603831,60.15997535,136/101,202.2102439,22.18857474,146.2690979,1.311240622,0.736437322,42.08811107,High,Former,None,Vegetarian,Hypertension,Regular,Heart Disease,79.44885713,Poor,Insomnia,6.619577004,5.381041377,9.317685261,High School,Low,43
Female,166.0512892,46.76503567,148/69,204.7725268,16.96042639,145.2333439,0.642832846,0.2,49.94439781,Moderate,Current,Occasional,Vegetarian,Hypertension,Occasional,Hypertension,61.14614105,Good,Normal,8.929183298,3.5024928,2.441016512,Postgraduate,Low,67
Female,161.555778,54.45848603,161/87,229.3486025,20.86510496,132.052492,1.201231177,0.511086019,53.46457833,Low,Never,Occasional,High-fat,None,None,None,87.93113658,Excellent,Normal,4.997496065,8.102441854,7.967858732,Undergraduate,Low,45
Male,191.1486089,74.06484118,121/93,274.8696486,20.27074977,122.4434915,0.830244358,0.311449773,27.94353388,Low,Never,None,Balanced,None,None,None,70.05579968,Good,Insomnia,8.653110953,6.33301043,6.510059144,Undergraduate,Low,51
Male,177.23394,78.17225619,151/70,212.1308231,24.88621577,119.2631603,1.694788689,0.697911947,21.73120527,Moderate,Never,Occasional,Vegetarian,None,None,None,74.46184934,Fair,Normal,9.404470201,3.48500342,4.050989616,High School,High,18
Male,175.2060568,75.08837734,148/91,261.2169499,24.4610158,113.6370957,1.10111842,0.354820773,52.81521349,High,Former,None,Vegetarian,None,None,None,64.61026231,Fair,Normal,2.887026888,9.566532413,10.96183555,High School,Medium,63
Female,150.7678504,50.13805079,105/86,198.3253388,22.05717861,107.7084602,1.281838643,0.559046192,52.83204368,Moderate,Former,Occasional,Balanced,None,None,Diabetes,64.76331796,Poor,Normal,6.166684143,9.604018189,8.965713479,High School,Low,28
Male,176.9074263,60.7819067,143/102,202.8692428,19.42147414,137.8525553,0.469757986,0.245410573,45.10068375,High,Former,Frequent,High-fat,None,None,None,70.04768254,Fair,Excessive,6.40105984,1.473781918,0.083954226,Postgraduate,Medium,73
Female,155.0910226,59.47565756,179/101,279.5120962,24.72668709,140.1037942,0.315420724,0.2,61.02686247,Low,Current,Occasional,High-fat,Heart Disease,Occasional,Heart Disease,58.59300037,Fair,Normal,8.262177578,1.332021764,1.571789918,Postgraduate,Low,86
Female,172.6067626,70.43260649,144/122,241.965428,23.64058104,121.6743787,0.719411776,0.431967307,55.96999679,Moderate,Current,None,Balanced,None,None,None,55.83639663,Good,Normal,5.166794826,1.447205485,7.432487144,High School,Low,63
Female,149.6411762,51.26270728,124/99,219.7229022,22.89282098,109.7825179,1.061731498,0.504320421,55.11246461,High,Former,Occasional,Low-carb,Heart Disease,Regular,Diabetes,63.2211251,Fair,Excessive,4.692473913,6.975896769,6.217996188,None,Medium,52
Male,178.1569183,85.97200312,138/86,262.8409508,27.08642335,148.081153,1.189285052,0.542864802,22.71546962,High,Never,None,Balanced,None,Occasional,None,70.25159693,Fair,Normal,6.722861327,9.281761962,10.1352944,None,High,40
Male,178.4317407,82.43046878,154/106,239.4891704,25.89068526,142.4371273,0.813525687,0.400245731,47.00364492,Low,Current,Frequent,High-fat,Heart Disease,Occasional,None,60.74510557,Fair,Normal,4.057926724,7.341518952,1.800157619,Undergraduate,Medium,62
Male,171.5656019,69.37529857,127/91,185.0684968,23.56917759,98.14758669,1.775148868,0.756102693,20.73053438,Moderate,Never,None,Vegetarian,None,None,None,67.34896902,Excellent,Insomnia,3.084038443,2.879178749,0.388876369,None,Medium,18
Male,184.561093,69.47188966,126/81,228.4183908,20.39523928,117.1659169,1.38306448,0.682598111,19.6562313,Moderate,Never,None,High-fat,None,None,None,66.22174983,Excellent,Insomnia,9.607237009,2.635418573,3.532922229,Undergraduate,Low,19
Female,155.0299679,68.49313797,159/93,267.1456011,28.49808972,108.9392604,0.832250155,0.2,57.35095539,High,Current,Occasional,Balanced,Heart Disease,Regular,Diabetes,47.54547254,Poor,Excessive,4.560519572,7.16284417,6.973110038,Undergraduate,Low,69
Male,167.7133577,96.227373,148/95,270.0054582,34.21080726,126.7193062,0.54605821,0.2,51.0635257,Low,Former,Occasional,Low-carb,None,None,None,48.53129593,Excellent,Normal,3.751175372,7.468020923,7.510701728,None,Medium,75
Male,169.482039,75.26816551,133/81,254.5735489,26.20378157,112.447259,1.489128714,0.712506746,18.54981653,Moderate,Former,Occasional,Low-carb,None,None,None,102.0358043,Excellent,Normal,1.231807526,4.56874522,3.910557127,Postgraduate,High,21
Male,175.9231644,84.09840616,153/83,210.73389,27.17325777,121.8116626,0.895563135,0.363833052,50.83533216,High,Never,Occasional,Low-carb,None,Occasional,Diabetes,57.96692433,Excellent,Normal,9.788126347,9.564750248,5.067427254,None,Medium,56
Female,161.7640196,61.19381323,151/98,226.551244,23.38533829,127.7967102,0.325439186,0.301355408,61.98904837,High,Current,Frequent,High-fat,None,None,None,42.65971396,Fair,Normal,5.765860369,3.37350495,2.98858927,Undergraduate,Medium,76
Male,163.3529425,70.26472721,164/112,258.1549737,26.3319754,141.4147944,0.238550294,0.2,80.48307167,Moderate,Former,Occasional,Low-carb,Diabetes,Regular,Diabetes,53.33677298,Fair,Excessive,4.502423149,7.557073311,4.016118554,High School,High,86
Male,172.5203458,68.21589904,145/103,257.6798226,22.91949093,122.8587316,1.316148958,0.668338995,24.6570155,Moderate,Former,None,Vegetarian,None,None,None,54.99882577,Fair,Excessive,8.090778252,8.422411391,10.30810333,Postgraduate,Low,49
Male,180.9771391,63.62694069,164/105,273.6302436,19.42645716,114.3937319,0.593949492,0.344923568,57.39647395,High,Current,Occasional,Balanced,Hypertension,Regular,Diabetes,65.7261913,Good,Excessive,5.964612242,5.161796855,11.35289153,High School,High,75
Male,180.2334113,99.19270564,116/99,224.9025488,30.53578796,130.9469475,1.289285217,0.578502127,33.65287964,High,Former,None,Balanced,Diabetes,Occasional,None,70.74574353,Excellent,Normal,2.117995089,0.223636746,10.31123124,High School,Medium,33
Male,182.761966,98.76374064,145/94,248.2392069,29.56826815,128.6697301,0.71659606,0.358932612,56.18450164,High,Never,Occasional,High-fat,Heart Disease,Regular,None,52.95861071,Fair,Insomnia,9.118189847,5.690512891,1.464582015,High School,High,58
Male,175.2541015,89.30559919,135/83,203.3793586,29.07651199,91.46593204,1.376994766,0.780040799,30.12522348,Moderate,Never,None,Vegetarian,Hypertension,Occasional,None,74.72211508,Poor,Insomnia,4.576805154,0.503145862,10.73284163,None,Medium,25
Female,164.378029,66.38405725,155/93,221.2412408,24.56836496,162.8972079,1.272923007,0.466164956,41.77825163,High,Former,None,High-fat,None,None,None,63.01601533,Fair,Normal,5.785745695,8.461075111,0.380940477,High School,High,37
Male,177.9807927,69.20558282,167/105,249.8693046,21.84715334,117.220701,0.682411722,0.217560876,54.35717325,Moderate,Current,None,Balanced,None,Regular,None,62.83175922,Poor,Insomnia,7.451248206,7.315649429,6.82707673,Postgraduate,Low,61
Female,159.5577837,72.94851835,159/94,200.4020572,28.65368518,148.6686953,0.776547501,0.2,46.02059661,Moderate,Former,None,Balanced,Diabetes,Regular,Diabetes,59.53745017,Fair,Normal,8.469218493,9.315299642,0.246886543,None,Low,65
Male,177.306129,78.01093154,141/97,252.4426536,24.81463933,145.7219036,1.327781833,0.476644769,57.04664714,Low,Former,Occasional,Balanced,Hypertension,Occasional,Diabetes,71.64573528,Good,Normal,3.435911532,9.115112093,0.323143763,None,High,45
Male,190.1048455,72.27060007,141/86,222.2205208,19.99748076,133.6322344,0.892880517,0.484513103,43.7626446,High,Former,None,Balanced,Heart Disease,Regular,None,58.43891504,Poor,Insomnia,5.169264769,6.986186634,9.833025924,None,High,60
Female,166.2226023,52.79378569,97/71,247.6844238,19.10744644,123.3142597,1.67039032,0.898641585,46.78451182,Low,Never,None,High-fat,None,None,None,58.40712602,Good,Normal,3.00683507,9.062544482,9.370857175,None,High,25
Female,159.3614022,84.48526042,135/88,210.6143483,33.26707844,136.3354058,1.626601246,0.651016267,39.04632266,Moderate,Never,Frequent,High-fat,Diabetes,Regular,None,71.7263524,Fair,Excessive,1.901173023,5.408490511,1.589479404,Postgraduate,Medium,33
Female,164.3864698,54.66784402,132/102,232.7634139,20.23018287,100.5196313,1.485026017,0.709421223,49.96359731,Moderate,Former,Frequent,Low-carb,Diabetes,Regular,Hypertension,60.64473808,Good,Insomnia,6.836337971,3.138208805,3.310442014,High School,Low,27
Male,182.2957244,89.04408408,135/91,227.7917767,26.79489783,141.2281163,0.843827261,0.446728103,48.75184631,Moderate,Never,Frequent,Balanced,Hypertension,Regular,Heart Disease,70.26033502,Good,Excessive,8.203810366,2.602890377,5.164533302,None,High,49
Male,173.5753432,83.34402147,148/91,201.6466985,27.6629433,123.393556,1.364280624,0.598194709,48.4504976,Low,Never,Occasional,Vegetarian,Hypertension,None,Heart Disease,71.44889206,Good,Normal,4.120655867,5.95144253,6.367193021,Undergraduate,Medium,33
Female,165.5977318,76.31774222,138/111,226.3716192,27.83022683,123.6679964,1.178506922,0.482714509,53.14527934,Moderate,Never,Occasional,Balanced,Hypertension,Occasional,Diabetes,59.98204875,Fair,Normal,2.379775104,3.204088251,5.547841029,Postgraduate,Low,51
Male,156.9452953,103.0971657,162/98,259.2413513,41.85526762,142.2176842,0.351365888,0.216017172,62.02854075,Moderate,Current,None,High-fat,None,Occasional,None,72.5066817,Excellent,Normal,7.941908835,6.284542029,4.663347983,None,Medium,74
Female,160.3931175,60.29467721,159/99,229.6805315,23.43729664,102.9983779,0.74858554,0.207722789,48.24647177,High,Former,None,Low-carb,None,None,Heart Disease,81.20733272,Fair,Insomnia,6.335659253,3.482164666,11.89523536,High School,High,60
Female,154.8858973,72.47038927,170/110,243.4795869,30.20903429,158.2943321,0.657709192,0.2,58.7021526,Moderate,Former,None,Balanced,Hypertension,Regular,Diabetes,51.53155428,Fair,Normal,8.633764152,2.881185949,2.917299971,High School,Low,71
Female,165.3187247,76.98259733,130/90,241.6817111,28.16751064,155.9700124,0.70253314,0.383216091,63.45663403,Low,Never,Occasional,Vegetarian,None,None,None,57.5636463,Fair,Normal,1.577162303,8.949918773,6.894148862,Undergraduate,Medium,64
Female,164.2591079,79.89827345,131/91,222.1594981,29.61273193,128.1516618,0.952457471,0.409318133,32.7210481,Moderate,Former,Frequent,Balanced,Heart Disease,Regular,Heart Disease,51.19755416,Fair,Normal,5.581745055,2.913381717,3.578087837,High School,Medium,44
Female,154.7791461,72.77535772,143/97,278.2087227,30.37801948,133.0224242,0.762655153,0.290014056,44.73909111,Low,Never,Frequent,Vegetarian,Diabetes,Regular,Hypertension,64.45502917,Good,Normal,4.710890902,5.945883121,10.20591094,High School,Medium,70
Male,182.772598,89.53917374,148/107,253.5679959,26.80346325,150.1816409,0.343109283,0.236457823,70.73996767,High,Former,Occasional,High-fat,None,None,None,37.27819344,Good,Insomnia,9.550412145,0.553726553,7.468185082,High School,Medium,88
Male,180.5123195,78.94045781,122/94,207.5311951,24.22623621,69.86688424,1.434944999,0.731858692,30.29916396,Low,Never,None,High-fat,None,None,Diabetes,70.80988337,Fair,Insomnia,9.318140492,1.631351146,5.134493805,High School,Medium,24
Female,160.1376041,52.77345669,124/93,186.9905806,20.57921899,120.6817479,1.365361969,0.577205928,29.6197091,High,Never,Occasional,High-fat,None,Occasional,Diabetes,47.39038058,Good,Normal,5.518573567,7.231240308,8.016723488,High School,Low,37
Male,175.3481218,67.0154148,150/108,204.8635966,21.79578288,105.196317,0.931722904,0.459329693,62.67245056,Moderate,Former,None,High-fat,None,None,None,53.21838818,Fair,Insomnia,4.496154774,1.752758609,7.482936135,Postgraduate,High,56
Male,174.4852983,82.46703466,123/98,164.1096983,27.08711167,111.4194755,1.306459366,0.79122846,48.33256796,Moderate,Never,None,Balanced,Diabetes,Occasional,None,65.05746992,Good,Excessive,9.310610491,3.721028537,5.390134579,High School,Low,28
Female,164.9676846,79.55142935,147/100,261.3592403,29.2314413,118.004633,0.57541988,0.2,54.02935947,Moderate,Current,Frequent,Balanced,None,None,Hypertension,59.50415663,Poor,Insomnia,3.874124332,9.080319856,8.81809789,Postgraduate,High,75
Male,174.5544864,73.41711696,167/100,211.2054776,24.09546407,143.7634229,0.679172261,0.321702393,62.73200217,Moderate,Former,Occasional,Balanced,Heart Disease,Regular,Diabetes,55.31419411,Fair,Excessive,6.833542773,2.504613689,2.865780924,None,Low,70
Female,158.2952315,56.02003335,151/96,223.0201858,22.35669996,101.741781,1.013628931,0.484254209,48.96497203,Low,Former,None,Vegetarian,None,Occasional,None,50.29102714,Fair,Normal,2.5992522,7.612452024,9.144133171,Postgraduate,High,43
Male,174.4862,85.22421834,141/87,240.8547256,27.99244654,120.2519305,1.396884095,0.901903492,50.3207974,Moderate,Current,None,High-fat,Diabetes,Regular,Diabetes,65.99300252,Good,Insomnia,1.730942956,7.429872548,8.478275558,Postgraduate,Medium,35
Male,172.1661644,88.81565519,132/91,210.8709727,29.96359482,116.5618119,1.301315916,0.65784177,40.24283716,High,Current,Occasional,Balanced,None,Occasional,Diabetes,67.75832335,Good,Normal,6.797115281,8.069879483,8.780219305,Undergraduate,Low,35
Female,159.5225382,58.40666044,149/97,217.0242567,22.95188043,155.0458388,1.04396842,0.481710379,58.02912262,Moderate,Former,None,Low-carb,Hypertension,Occasional,None,66.99881033,Excellent,Normal,1.822852904,6.805948446,8.137516812,Undergraduate,High,63
Female,160.7639163,54.9002802,128/79,208.5068391,21.2420979,114.8175354,1.27195635,0.832565676,32.36020849,Moderate,Current,Frequent,Balanced,None,None,None,83.10543957,Excellent,Normal,8.005445181,2.573237988,1.569110404,High School,Medium,23
Female,159.3458383,62.6461936,154/108,257.8244989,24.67250456,134.0549937,0.569353879,0.346827122,45.03513099,Moderate,Former,Occasional,Vegetarian,None,None,None,46.97200857,Poor,Excessive,6.540036262,8.305422539,9.723470763,Postgraduate,Medium,72
Male,167.3523575,69.50038707,126/60,178.0305984,24.81552993,103.426874,1.540192334,0.824141029,28.79349488,High,Former,None,Balanced,Heart Disease,Regular,Diabetes,75.9374243,Excellent,Insomnia,3.727148111,2.213308126,8.819248982,Undergraduate,Medium,18
Female,151.0655165,75.24626812,130/73,233.3619298,32.97268291,122.216911,1.406872889,0.623193415,28.07844693,Moderate,Never,Occasional,Low-carb,Hypertension,None,None,76.23118398,Poor,Excessive,6.073010999,5.969713619,9.060367081,High School,Medium,30
Male,178.452927,64.67982322,167/95,246.7963072,20.31054012,136.2388958,0.630794507,0.2,63.49487524,High,Never,Frequent,Low-carb,Hypertension,Regular,Heart Disease,44.33230749,Poor,Excessive,4.164407062,6.139218529,4.043076194,Postgraduate,High,75
Male,167.6505067,68.67068741,150/100,243.3061193,24.43214819,143.4694686,0.658013959,0.523581703,48.06050761,High,Never,Occasional,Balanced,Diabetes,Occasional,Diabetes,49.45992766,Good,Normal,7.119108374,1.112494543,10.55760918,High School,Medium,64
Male,176.6057436,82.7841976,138/96,254.8502836,26.54225372,111.65792,1.414259977,0.770637201,38.82357867,Low,Never,Occasional,Low-carb,None,None,Diabetes,73.88671619,Good,Normal,1.819638246,3.816133054,5.085279636,Postgraduate,High,36
Male,187.4308959,88.08702168,144/87,270.2873849,25.07434309,92.58442215,0.656751561,0.564937889,35.72351001,Low,Current,None,Low-carb,Heart Disease,Occasional,Diabetes,48.72984446,Poor,Excessive,6.895225318,6.11988427,4.321513464,Undergraduate,High,67
Male,179.2957565,81.32921155,150/91,207.7766651,25.29918553,146.7294399,1.013274115,0.651112566,36.39835801,Low,Former,None,Low-carb,None,None,None,74.37225679,Good,Normal,9.061001199,1.388400457,3.645652488,Undergraduate,Medium,45
Male,187.2579991,90.99889098,134/75,247.9503303,25.95107437,129.8891301,1.350892997,0.907510046,28.63934459,High,Never,Frequent,Low-carb,Hypertension,Regular,None,84.41587791,Poor,Normal,3.429691003,1.09706747,1.282023743,High School,Low,36
Male,174.8842649,64.68840117,118/101,221.6428762,21.15070976,133.3687793,1.127577466,0.517316406,36.44479254,Moderate,Former,None,High-fat,None,None,None,58.93113956,Fair,Insomnia,9.453105625,5.857652439,9.440592028,None,Medium,48
Male,165.5308558,100.3755862,137/85,238.6345401,36.63280498,111.7350356,1.323451485,0.617542935,47.10469081,Low,Never,None,Balanced,Diabetes,Regular,Diabetes,75.14382101,Fair,Normal,4.088746607,2.653955254,6.485255212,High School,Low,29
Male,171.9486528,57.16290559,168/98,217.3802517,19.3337786,125.31998,0.815916141,0.440757942,54.93868719,Low,Current,Frequent,Low-carb,Hypertension,None,None,60.1890201,Excellent,Normal,3.949400976,8.30216883,3.023545724,High School,Medium,55
Male,178.666855,82.96343103,148/71,188.9295903,25.98954755,130.9056215,1.118827484,0.409688804,34.90746889,High,Former,Occasional,Balanced,Hypertension,Regular,Diabetes,50.13955574,Fair,Normal,4.725987872,8.10972431,3.144768632,Postgraduate,Medium,43
Female,165.6060812,67.27277413,164/89,234.9082379,24.52939159,131.364229,0.811912707,0.438984629,48.40092722,Low,Former,None,Balanced,None,None,None,58.73576398,Poor,Excessive,8.619818468,0.121405225,0.337481633,None,Medium,59
Female,167.6578874,63.67926894,144/83,204.5263192,22.65427092,118.1558308,1.636165979,0.713315126,21.98748479,Low,Never,Occasional,Balanced,None,None,None,68.35417169,Good,Normal,1.043641119,5.393421485,2.280407987,Undergraduate,Medium,19
Female,162.141479,78.30257779,126/100,263.9217465,29.78432755,107.5432831,0.775740754,0.326194692,42.45362008,Low,Never,None,Balanced,None,None,None,74.7596999,Good,Excessive,9.925189639,1.870488468,2.556385897,High School,Low,62
Female,165.4135934,58.26045743,169/109,253.0142074,21.29273738,155.724366,0.352837485,0.2,65.1638185,Moderate,Former,Occasional,Low-carb,Diabetes,Occasional,Diabetes,54.59546705,Excellent,Excessive,1.79307112,5.799307907,10.45982257,High School,High,89
Female,160.9311087,69.56577996,125/102,271.6930632,26.86059645,133.8332659,1.397873112,0.608716031,61.21133544,Low,Former,None,Vegetarian,Diabetes,Occasional,Heart Disease,76.13142498,Fair,Normal,4.203614471,1.507689736,4.09001553,None,Medium,28
Female,160.9273897,47.53131015,156/111,257.2204143,18.35354037,122.7015809,0.287926693,0.2,58.0078025,Low,Current,Occasional,Balanced,None,Occasional,None,44.43946225,Good,Insomnia,1.566086942,3.666804561,6.908807491,High School,Low,77
Male,175.3900013,80.92708652,146/98,240.2128752,26.30778251,156.3439374,0.711909664,0.2,74.87620995,Low,Current,None,Balanced,None,None,None,73.37623227,Fair,Insomnia,1.93742771,3.014997759,6.087181915,High School,Low,78
Male,177.5687736,77.66047384,156/107,214.9103013,24.63013802,116.3942816,1.040476586,0.425265292,42.80895888,High,Former,Frequent,Balanced,Heart Disease,Regular,None,57.90484976,Fair,Insomnia,1.426372548,9.871959744,8.364322648,High School,Low,57
Male,182.1712805,85.38485387,144/115,220.7450854,25.72888807,116.5556501,0.844422852,0.396131806,52.19941147,Low,Former,None,Balanced,None,None,None,68.219089,Good,Normal,8.478575775,6.749963046,11.23718115,High School,Low,67
Female,160.0115084,64.71902004,137/99,245.5934821,25.27723082,127.9111045,0.991285599,0.526754561,43.72109719,Low,Former,None,Balanced,None,None,None,56.51976844,Good,Insomnia,2.940570025,9.471132177,5.915061354,None,High,40
Male,179.6717521,68.51419279,178/98,254.559704,21.22369225,123.1717245,0.404288826,0.289221183,52.0926738,Moderate,Current,None,Balanced,None,None,None,56.51603821,Fair,Normal,6.125161669,3.688729767,2.74058362,Postgraduate,Low,88
Male,170.1715723,77.63846686,116/80,207.9094401,26.81037743,103.8144658,1.443732916,0.844808404,16.44270258,Moderate,Never,None,Balanced,Hypertension,Regular,Hypertension,73.48590166,Fair,Insomnia,5.161722059,9.540568051,2.574061157,High School,High,20
Female,162.9960413,64.93038654,147/97,265.9012735,24.43958768,133.3556221,0.597576203,0.544325235,74.52666155,High,Never,Occasional,Low-carb,None,None,None,57.04428464,Poor,Normal,4.729105357,2.637164029,10.19683864,High School,Medium,76
Female,173.7036377,58.46337153,157/104,240.0843117,19.37608497,153.5772127,0.426758349,0.2,49.87632642,High,Former,Frequent,Balanced,Heart Disease,Regular,Diabetes,84.41870139,Fair,Insomnia,5.334385178,0.51049712,10.84435299,Undergraduate,Medium,72
Male,195.2827729,85.30286545,142/98,236.4114582,22.36844291,141.6441996,0.589831702,0.211870146,69.11101642,Low,Former,Occasional,High-fat,Hypertension,Occasional,Diabetes,75.83977942,Fair,Excessive,9.021906757,4.776309521,6.250389564,Undergraduate,High,72
Male,169.2440127,73.1864799,136/93,237.4826856,25.55078407,126.8359649,0.928185096,0.2,54.04905551,Low,Former,Occasional,Vegetarian,Diabetes,Regular,Hypertension,38.66540238,Excellent,Normal,8.112139725,2.734187791,8.216363147,None,High,69
Male,178.9581949,94.21826338,131/90,211.4503337,29.4192715,113.9437744,1.403585034,0.926563085,33.88077795,Moderate,Never,Occasional,Balanced,Hypertension,None,Heart Disease,81.26279641,Good,Normal,9.2610078,4.715676645,1.502910314,Postgraduate,Medium,24
Female,156.1062465,75.17021522,129/86,250.9770269,30.84645288,119.2855531,1.078636516,0.53334721,34.00965003,Moderate,Never,None,Balanced,None,None,None,77.27846857,Good,Normal,8.056395847,7.3485915,3.009155189,High School,High,38
Male,170.7282279,84.95788628,133/98,226.6616218,29.14694449,121.6078394,1.231825109,0.723635281,58.3171318,Low,Never,Occasional,Balanced,Diabetes,Regular,None,77.44924917,Fair,Normal,2.13744976,7.001642208,6.334265037,High School,Low,37
Female,166.1359751,53.80239092,131/97,240.9842513,19.49279906,140.3178179,1.351139074,0.834454973,26.46170721,Moderate,Never,Frequent,Balanced,None,None,None,71.67933586,Fair,Insomnia,9.497781754,9.717257819,9.264406411,High School,Low,23
Female,151.2285241,78.08931219,153/81,235.8989824,34.14476829,125.2416652,1.478377701,0.747186192,24.79812363,Moderate,Former,None,Balanced,Diabetes,Regular,None,88.21349602,Fair,Normal,2.195547911,1.976591394,6.92312922,High School,Medium,29
Male,174.0621301,64.34532264,122/106,253.7284135,21.23774465,120.2428792,1.263228467,0.64892938,31.29330519,Moderate,Current,Frequent,Low-carb,None,None,None,79.74879267,Fair,Normal,9.484217439,6.9475964,3.527671408,None,High,38
Female,161.3421178,66.96593591,129/85,259.4633788,25.72518083,150.3268022,0.904969218,0.2,40.06470838,High,Former,Frequent,Vegetarian,Hypertension,Occasional,Hypertension,66.85493652,Fair,Insomnia,1.434063403,4.663153672,11.0732431,Postgraduate,Low,55
Female,175.6508036,56.25952651,147/115,221.7068977,18.23458109,120.7547445,0.621724904,0.290977767,63.60726845,High,Current,Frequent,Balanced,Hypertension,Occasional,Heart Disease,62.83139967,Good,Normal,3.15294387,6.585146521,1.310653061,Postgraduate,Low,74
Male,177.9242879,88.94616158,128/89,261.4377697,28.09679213,118.951124,0.497659277,0.328835615,56.10547216,Low,Former,Frequent,Balanced,None,None,None,43.09227235,Excellent,Normal,9.360322823,0.115640887,4.379266406,Undergraduate,Low,62
Male,186.3428419,70.78533226,161/93,218.4281487,20.38533467,116.7656482,1.203984906,0.553182289,31.74365866,Moderate,Current,Frequent,Balanced,Hypertension,Regular,Heart Disease,73.7092425,Excellent,Normal,8.649589268,8.193003241,3.665205502,Undergraduate,Medium,42
Female,163.4555926,52.00314402,113/92,225.6791465,19.4639075,101.0824831,1.574646336,0.619203979,64.64289511,Moderate,Current,None,Low-carb,None,None,None,85.91571387,Good,Insomnia,1.888663047,2.756035982,4.476740504,None,High,24
Male,173.5020347,64.19975827,164/100,215.0067377,21.32672891,160.584707,0.150981337,0.261361772,57.95868956,Moderate,Current,Occasional,Vegetarian,Diabetes,Occasional,Hypertension,57.39797461,Poor,Insomnia,8.933490081,0.228869012,4.434611714,Postgraduate,Low,82
Female,165.7721898,57.78188547,138/79,208.7574292,21.02656646,113.9759968,1.182124723,0.600683118,16.9869682,Moderate,Never,Frequent,Balanced,Diabetes,Regular,None,76.46000537,Fair,Insomnia,6.384285034,1.044142141,10.25447501,None,Low,26
Female,157.3312024,55.57791921,173/99,274.8379115,22.45290608,117.7201284,0.822171096,0.231315586,57.65608692,High,Former,Occasional,Vegetarian,None,None,None,57.23083746,Poor,Insomnia,9.476419371,6.289532347,1.820730746,Undergraduate,Low,63
Female,163.4131217,44.73678945,146/105,243.9832425,16.7529372,128.0307648,0.943833897,0.339670966,57.08918147,Moderate,Never,None,Balanced,None,None,None,57.69078827,Poor,Normal,4.717018361,4.564878542,9.337847566,High School,Medium,63
Male,179.9148495,82.67760829,166/101,242.6351878,25.54194028,125.6226223,0.437161456,0.485863455,46.96280836,Moderate,Former,None,Low-carb,Heart Disease,Occasional,Hypertension,65.97781584,Fair,Insomnia,2.781941566,5.699783588,8.884360776,None,Medium,80
Female,153.0934526,64.15363613,163/106,233.2373412,27.37209518,111.8227831,0.92126603,0.221303675,59.25961165,Moderate,Current,None,High-fat,Diabetes,Occasional,Hypertension,72.50358167,Good,Normal,4.884708463,7.731223562,11.31110263,High School,High,65
Male,176.5028807,92.3010477,151/93,265.8798447,29.62804767,102.1617356,0.890985302,0.552139515,35.76267161,High,Current,Frequent,Balanced,Hypertension,Regular,None,52.37170738,Good,Normal,9.873189953,9.583785631,9.861214798,High School,Low,39
Female,151.7460479,69.27643677,164/94,246.5425517,30.08505179,117.3786375,0.279673953,0.33088569,67.56196169,Moderate,Current,Occasional,High-fat,Heart Disease,Regular,Heart Disease,74.45915051,Fair,Normal,4.13720664,6.541513608,1.570800096,Postgraduate,Medium,78
Male,179.3491398,72.45750907,161/110,234.9458257,22.52603755,128.6661373,0.624575366,0.261453437,55.21859148,Low,Never,None,Low-carb,Hypertension,Occasional,None,59.1473332,Fair,Normal,1.577363026,8.862313784,10.45009532,Postgraduate,Medium,65
Female,159.9315202,75.29716535,152/98,260.0528259,29.43814882,147.0811414,0.143043441,0.208876337,87.06722577,High,Never,Occasional,Balanced,Diabetes,Occasional,Heart Disease,49.78474769,Good,Normal,4.670088872,8.6629496,9.093569577,None,Low,85
Male,174.9169574,87.52345757,156/98,216.5084025,28.60623074,139.2965021,0.240515971,0.312080653,62.50146661,High,Never,None,Balanced,Heart Disease,Regular,None,61.0210284,Good,Normal,3.140251664,4.547000671,3.880716665,None,Low,82
Female,167.9806894,68.76608277,169/82,246.72828,24.37000213,138.3676927,0.393634302,0.2,58.36540682,Moderate,Former,Frequent,Vegetarian,None,None,None,60.47466943,Fair,Normal,2.314018217,9.353035501,6.566391005,None,High,82
Female,175.4023322,58.60468511,136/99,243.9686012,19.04853628,139.8148024,0.528698975,0.339051305,75.51615507,Low,Former,None,Low-carb,Heart Disease,Regular,None,58.46225558,Fair,Insomnia,9.397863966,0.454586918,9.300507706,None,High,75
Male,169.1275397,78.03099716,150/90,195.3683597,27.27963119,120.8127888,1.276357649,0.705084673,25.39195294,Low,Former,Occasional,High-fat,Diabetes,Occasional,Heart Disease,74.50449694,Good,Excessive,2.01666221,9.315762948,8.274576066,High School,Low,35
Female,165.3128176,58.44417609,133/92,203.9552292,21.38593214,104.5070015,1.108871489,0.45485555,57.57517326,Low,Never,None,Vegetarian,Heart Disease,Occasional,Diabetes,73.38989176,Good,Normal,3.575033065,4.629216474,1.744444911,Undergraduate,Medium,45
Female,164.7620088,58.87079586,136/95,216.4863501,21.68631443,95.86551155,1.109733779,0.651516789,42.37945148,Low,Former,Occasional,Balanced,None,Occasional,None,51.38341437,Fair,Normal,7.254517882,1.439900159,11.19173096,High School,Medium,46
Female,158.4881101,74.5279832,144/102,304.6315783,29.67057725,138.1355089,0.315019121,0.2,72.98676729,High,Former,None,Low-carb,None,None,None,53.94812082,Fair,Insomnia,6.188355199,8.967145831,0.31774037,High School,High,82
Male,173.5895567,99.1512174,173/99,256.0973871,32.90416413,140.7550126,0.414955276,0.340978958,33.97694492,Low,Never,None,Balanced,Diabetes,Regular,Diabetes,67.79720988,Good,Normal,2.084351367,5.622813075,8.51909988,Postgraduate,Medium,71
Male,177.6668919,86.71954,153/104,270.6118404,27.47286523,116.5734064,0.437178866,0.20037426,39.90190452,High,Former,Occasional,High-fat,Diabetes,Regular,Hypertension,56.90862697,Fair,Normal,5.243351718,1.303150162,0.646004392,Undergraduate,Low,63
Female,155.029437,71.5231261,137/90,247.9645559,29.75898733,123.913291,1.141895589,0.50129758,47.4880537,Moderate,Never,Occasional,Vegetarian,Diabetes,Occasional,None,60.70199174,Poor,Insomnia,4.372285603,2.143152001,11.4023906,Undergraduate,Low,43
Female,160.1898223,44.21637039,154/95,235.8380795,17.23110982,113.3587814,0.755327399,0.430668278,46.34238601,Low,Former,Occasional,Low-carb,None,None,None,55.36431308,Good,Normal,9.317030351,2.026005812,4.960130771,Undergraduate,High,57
Female,158.1733986,54.92363144,149/91,207.1692181,21.95292289,125.3369821,1.401889205,0.637623541,35.65239071,High,Former,None,Balanced,None,None,None,79.35875938,Fair,Excessive,6.199177078,4.084967492,2.912403838,None,Medium,36
Female,156.0090913,73.22427497,140/95,261.1595118,30.08536366,111.3024755,1.00890561,0.544079553,51.11394658,Low,Current,None,Balanced,None,Occasional,None,54.80716356,Poor,Insomnia,8.403058821,8.534935718,4.799481886,Postgraduate,High,47
Male,174.1262891,76.96419269,144/104,258.4688771,25.38399823,141.8629852,0.832654325,0.406486564,63.73442915,Low,Never,Occasional,High-fat,None,None,None,38.08386216,Fair,Insomnia,1.626141378,7.59939149,3.151914756,Undergraduate,Low,64
Female,156.7277558,64.66085375,150/105,247.4114741,26.32386197,134.3418836,0.508216679,0.309986773,57.7673437,High,Former,None,Low-carb,None,None,None,53.6061022,Poor,Insomnia,9.991989832,3.856748769,4.174230671,Postgraduate,Medium,82
Male,174.1147038,75.4229519,139/113,234.0523388,24.87898332,132.0552108,0.591516961,0.302600327,41.15476868,High,Current,Occasional,Vegetarian,None,None,None,57.80748511,Poor,Insomnia,9.31695225,2.020097542,10.15323768,High School,High,62
Male,162.6626913,86.12185032,153/111,232.8013401,32.5489846,143.2296346,0.57169423,0.2,43.03329252,Low,Former,Occasional,Balanced,Heart Disease,None,Hypertension,54.27089431,Good,Normal,6.128623423,5.615218346,9.315332289,Postgraduate,Low,75
Male,171.1116052,73.89637077,162/103,242.8120686,25.23853712,119.8101588,0.400757779,0.339447679,51.18281067,High,Current,Frequent,High-fat,None,None,None,60.1450505,Poor,Excessive,6.346646124,7.297522521,11.44677951,Postgraduate,Medium,71
Female,161.9370754,52.73123079,156/111,283.6668456,20.10829856,136.4435671,0.393399604,0.30063496,73.38229585,Moderate,Former,Frequent,Low-carb,Hypertension,Occasional,Heart Disease,37.95047143,Fair,Normal,2.227258943,3.796471772,5.296526007,None,Medium,87
Female,166.4824545,76.88917148,136/95,225.2106901,27.74139148,111.107537,1.479520129,0.790348368,31.12852267,Moderate,Never,Frequent,High-fat,Diabetes,Regular,Hypertension,77.3761934,Excellent,Normal,6.7295493,8.985506977,3.35872922,Undergraduate,High,18
Male,176.4441825,87.74647079,146/105,242.027961,28.18480084,143.205223,1.034822624,0.535453055,45.93121839,Moderate,Former,Occasional,Low-carb,None,None,None,61.4552179,Fair,Normal,7.867002236,3.185682637,4.482314941,High School,High,47
Female,167.2886313,87.29344501,129/96,198.0891051,31.19239898,126.9521239,1.34981145,0.789277955,42.64213704,Low,Never,None,High-fat,Diabetes,Regular,Heart Disease,70.01798643,Poor,Excessive,6.811373582,2.706082963,4.609027917,High School,Low,18
Female,162.0322895,56.65217462,132/91,204.2049245,21.57811226,117.3144306,1.703199328,0.777100432,23.43446746,Low,Never,None,Balanced,None,None,None,72.62125947,Poor,Insomnia,6.610437176,6.064694081,4.758026697,Postgraduate,High,22
Male,186.4848402,63.53834155,160/107,216.8347823,18.2704317,104.2563698,0.399563738,0.302686865,76.56904175,Low,Former,None,High-fat,None,None,None,47.50276402,Excellent,Normal,8.987679274,8.552695197,6.719914911,Postgraduate,High,74
Female,161.6059555,76.64750722,151/84,271.9771719,29.34832448,149.7270845,1.102033975,0.451781612,33.82189368,High,Never,None,Low-carb,Heart Disease,Occasional,Hypertension,39.57233599,Poor,Insomnia,3.580542306,6.777371468,2.952883815,High School,High,49
Female,152.0964824,73.76672303,147/89,236.795788,31.8876233,134.6275552,0.941817873,0.430007413,46.86833521,Low,Former,None,Balanced,None,None,None,61.99448842,Fair,Insomnia,2.221414257,3.994357902,0.471878513,High School,Medium,56
Male,186.2598797,77.30010375,135/87,208.7190983,22.28134693,115.0008444,1.380152666,0.88366903,38.28907489,Moderate,Former,Occasional,Low-carb,None,None,None,79.25903031,Fair,Normal,2.027013476,6.472008173,5.660051206,High School,Low,30
Female,168.4643752,75.32412971,124/84,207.1472442,26.54104214,131.4043102,1.319509881,0.555490083,41.85764557,High,Former,None,High-fat,Diabetes,Occasional,None,80.74179087,Fair,Normal,6.621894408,3.225897425,6.074835967,High School,Medium,28
Male,168.4859344,91.28480079,151/112,251.3450287,32.15667755,125.4188348,1.230466442,0.446839355,48.29774288,Moderate,Current,Occasional,Balanced,Heart Disease,Regular,Diabetes,61.11832834,Good,Normal,5.065750669,8.290431824,1.732438686,Undergraduate,Medium,39
Male,176.3293913,106.7416747,165/111,233.8917642,34.33085314,145.1290875,0.304550373,0.2,61.52705539,Moderate,Never,Frequent,High-fat,Diabetes,Regular,Diabetes,54.05900202,Fair,Excessive,5.490075579,3.829230215,6.262762124,Undergraduate,High,86
Male,168.9318205,86.42904342,160/106,250.463372,30.28564181,137.1731336,0.460382605,0.287345865,51.74428649,Moderate,Former,None,Balanced,Heart Disease,Regular,Hypertension,64.8342318,Fair,Excessive,4.577816222,5.51100606,6.402284551,Postgraduate,Medium,74
Male,172.5854839,95.86108177,149/103,275.5444316,32.18353884,130.9769207,0.268036723,0.382483373,79.63872516,Low,Former,Occasional,Vegetarian,None,None,None,56.23277123,Good,Normal,3.650814594,5.276486053,6.696651665,Postgraduate,High,84
Female,168.2040675,67.44412759,140/93,243.4530569,23.83807346,112.6764905,0.941713953,0.536955343,28.98395322,High,Current,None,Balanced,None,None,None,62.19600825,Fair,Normal,5.897817472,1.188733719,4.171505306,None,Medium,45
Female,159.4579498,58.29839264,155/119,224.7104683,22.92789736,137.6590191,0.615826637,0.2,54.91125517,Low,Former,None,High-fat,Heart Disease,Regular,Diabetes,43.12478984,Good,Normal,9.689276075,7.988211273,1.289143964,None,High,71
Male,172.210804,73.01237442,118/93,221.7401657,24.61929904,142.1917531,0.74115385,0.407804795,49.21024983,High,Current,Frequent,Balanced,Diabetes,Regular,Diabetes,62.66413045,Good,Insomnia,5.360546701,7.240334895,8.471402926,None,Low,57
Female,160.9717007,80.83709772,147/106,270.4881497,31.19691485,147.8635824,0.839954771,0.419297301,41.91741694,Moderate,Never,None,High-fat,Diabetes,Regular,Hypertension,60.44784899,Fair,Normal,6.791797527,3.047397562,5.295698294,High School,Medium,57
Female,165.0575584,59.45882993,113/94,225.6242887,21.82456145,125.3077497,1.305787686,0.735423528,37.24517647,Low,Never,Frequent,Balanced,Diabetes,Regular,None,79.32520635,Fair,Insomnia,4.150277807,4.833759127,9.993162614,Undergraduate,Medium,36
Male,180.9631722,85.00669416,121/98,252.0421715,25.95808951,149.4830687,1.028851639,0.447474205,47.68086781,Moderate,Former,Frequent,Low-carb,Hypertension,Regular,Heart Disease,57.57627845,Good,Normal,9.402851006,0.831889579,1.305725246,Postgraduate,High,52
Female,157.8214248,53.33093941,155/91,236.4047282,21.41151088,135.8964258,0.18048097,0.2,63.07065724,High,Former,Occasional,High-fat,None,None,None,76.26439782,Good,Excessive,6.537704688,1.537677499,5.849332092,Undergraduate,Medium,82
Male,158.6413507,92.30396742,151/90,249.8008721,36.67647345,106.34718,0.934201551,0.577253085,66.03934592,Low,Current,Occasional,High-fat,None,None,None,52.77730445,Excellent,Excessive,7.909447928,5.848051477,5.241906207,Postgraduate,High,56
Male,166.534876,88.78796113,147/89,180.2516755,32.01427617,132.0463109,1.118948191,0.358991949,35.51410458,Moderate,Former,Occasional,Low-carb,Heart Disease,Occasional,Heart Disease,48.43007883,Good,Insomnia,7.099751467,5.661500846,11.94979462,High School,Medium,45
Female,166.9255501,64.12694733,135/92,243.9800649,23.01414972,151.0370145,0.809045165,0.470945727,52.45921683,Moderate,Former,Occasional,Balanced,None,None,None,81.77210554,Good,Insomnia,9.338155026,5.916433147,3.937020028,High School,Low,54
Male,175.5953223,66.37363868,165/96,209.573971,21.5263175,119.9581126,0.42576719,0.204506772,64.91893011,Low,Never,None,High-fat,None,None,None,43.69174296,Fair,Insomnia,9.674273263,6.912636638,7.584772773,Undergraduate,High,74
Female,156.6345886,64.56296327,148/86,248.7354429,26.31528715,133.4791275,1.063175341,0.679771149,43.10216831,Moderate,Former,None,Balanced,None,Regular,None,69.85655288,Poor,Insomnia,3.68375378,1.327449289,3.602950902,Postgraduate,Medium,45
Male,164.1026348,67.18825314,154/93,194.1637782,24.94952271,103.0798923,1.465106398,0.808921417,47.21254736,Moderate,Never,None,Balanced,None,None,Diabetes,68.42599621,Good,Normal,3.325891013,8.766710993,7.710048874,High School,Medium,23
Female,161.6282348,69.29808391,129/91,225.5584671,26.52691628,117.5495124,0.857510201,0.497771417,48.36850013,Moderate,Current,Occasional,High-fat,Hypertension,Regular,Heart Disease,65.53388234,Fair,Excessive,9.531667163,4.219228497,0.428671314,None,Low,59
Male,181.2324489,87.46379454,121/93,202.3885824,26.62909441,118.2657387,1.455073664,0.748589143,43.21508538,Low,Current,Occasional,Balanced,None,None,Diabetes,68.56708475,Fair,Normal,5.462675897,1.078366698,1.1861099,Postgraduate,Medium,31
Male,173.5749444,84.71582122,126/85,268.2499426,28.11839033,153.8672404,1.237205875,0.707964415,37.05095023,Low,Former,None,Balanced,None,None,None,73.93315544,Good,Normal,7.794191321,5.034930856,2.465908974,Undergraduate,High,42
Male,185.6914248,68.49576638,158/92,206.7351034,19.86460951,137.2552077,0.476549848,0.214059693,53.40938739,High,Former,Frequent,Balanced,Hypertension,Regular,None,59.77498412,Poor,Excessive,2.514566221,2.465048956,3.226362469,Postgraduate,High,69
Female,156.3490147,74.24719675,159/111,272.3292438,30.37314503,142.3479513,0.593897456,0.254323388,51.65214615,Low,Former,None,High-fat,Hypertension,Regular,None,61.94907171,Poor,Insomnia,8.659675039,0.739542923,9.720778557,None,Medium,75
Female,164.3617069,55.39937809,136/92,210.3299861,20.50706952,127.3694989,0.671117109,0.247930644,46.13994777,Moderate,Current,Frequent,Balanced,Hypertension,Regular,Hypertension,44.71416224,Poor,Insomnia,8.472789474,6.737025047,3.881145446,Undergraduate,Medium,60
Female,164.3693362,62.8678252,152/112,207.0834219,23.26948838,128.3484931,0.975812669,0.390222238,53.62865056,High,Current,None,Balanced,None,None,None,71.40113774,Good,Insomnia,6.121517964,7.489444548,0.541869745,None,Medium,59
Male,171.2203267,72.53101362,128/98,221.7253917,24.74076386,138.9721788,0.456445987,0.2,58.02141908,High,Former,Frequent,High-fat,Heart Disease,Regular,Diabetes,56.8208446,Good,Normal,2.599279327,9.039376856,4.195278174,None,Low,86
Female,164.1629926,58.11491793,151/97,238.1062278,21.56438653,102.2769314,1.350413374,0.223181032,55.15640123,Moderate,Current,Occasional,High-fat,Heart Disease,Regular,Hypertension,56.92474526,Fair,Normal,4.493759771,8.640683294,9.327263459,High School,Low,53
Female,158.7998045,54.17330452,138/97,219.5363015,21.48252872,139.9929863,1.095612461,0.631648949,35.59367931,Moderate,Former,Occasional,High-fat,Diabetes,Regular,Hypertension,64.41771742,Good,Normal,5.294448576,2.593276999,4.517267738,Postgraduate,High,47
Male,175.6786286,77.14019845,140/95,220.9367808,24.99440984,105.444075,0.897031012,0.488003115,46.85886854,High,Former,Occasional,High-fat,None,None,None,69.04906494,Excellent,Normal,2.785319121,8.865056364,11.20733668,None,Low,45
Female,163.6197828,78.14047623,145/92,226.4920075,29.18800623,149.5549589,1.00768589,0.554766721,64.66981516,High,Current,Occasional,Low-carb,None,Regular,None,64.75016613,Good,Normal,2.135627029,5.935758363,2.19214225,Postgraduate,High,55
Male,175.1238165,73.57684755,164/104,264.40325,23.99113253,129.7910505,0.225791081,0.2,64.40853585,High,Never,None,High-fat,None,Occasional,None,55.0627513,Good,Normal,8.167605991,2.682990541,11.30184789,Undergraduate,High,87
Male,183.761677,88.21807825,156/112,221.7767161,26.12448282,131.5826555,0.490990065,0.328863606,52.71332055,Low,Former,None,Balanced,Diabetes,Regular,Hypertension,56.40485813,Good,Normal,4.84607312,8.22665247,0.35536761,Postgraduate,Low,71
Female,157.7972681,76.50572001,127/76,229.1507469,30.72521615,145.222993,0.806222443,0.567631036,48.26970257,Moderate,Never,Frequent,Vegetarian,Hypertension,Occasional,Diabetes,81.32768462,Fair,Insomnia,9.411655656,2.68929026,7.288977604,Undergraduate,Low,54
Male,175.948482,108.1345221,146/115,270.6717993,34.92957623,145.9568901,0.174240441,0.358926606,71.28868315,Moderate,Never,Occasional,High-fat,None,Regular,None,52.36214399,Poor,Insomnia,4.392893614,4.172351754,8.772246224,High School,High,82
Female,159.9471867,56.59575382,137/85,201.000421,22.12231834,104.8867256,1.735864468,0.807378732,4.057763709,Moderate,Current,None,Balanced,None,None,None,70.76851686,Good,Normal,3.945604796,4.052078615,11.30237629,None,Medium,19
Male,159.9163822,101.6831427,133/75,230.7664676,39.76152639,116.1839871,1.379167722,0.630797951,32.82973888,High,Never,None,Low-carb,None,None,None,62.82923353,Good,Normal,8.193398572,3.009331981,2.16056152,High School,Low,19
Male,175.5711558,79.23345777,177/113,231.3541421,25.70409235,129.3110115,0.401586275,0.23421449,59.70238225,Moderate,Former,Occasional,Low-carb,Heart Disease,Occasional,Diabetes,66.8507576,Good,Normal,5.877756186,8.017472543,10.63500694,None,High,84
Male,171.5535557,75.67788493,151/120,241.3532053,25.71399398,140.1045527,0.643122446,0.308429823,43.74747917,High,Former,None,Low-carb,Hypertension,Regular,Heart Disease,52.85034632,Fair,Normal,8.98430988,2.48283005,1.127811461,High School,Medium,80
Male,170.8636289,70.5468122,155/103,262.8609777,24.16451829,129.7933401,0.374289698,0.2,71.69288745,High,Never,None,Vegetarian,None,None,None,48.90036021,Excellent,Excessive,2.394958856,3.044188048,9.485402051,Postgraduate,High,86
Male,162.8878118,87.88871825,152/105,243.2288832,33.12500503,127.0151593,0.716483703,0.345553301,51.16445346,Low,Never,None,Balanced,Heart Disease,Regular,None,65.30748976,Fair,Normal,3.116134383,1.608417349,9.144257549,None,Medium,58
Female,165.436719,66.05559489,147/92,200.6794001,24.13491598,133.7560502,0.804850866,0.580608687,52.36318962,High,Former,None,Low-carb,Hypertension,Regular,None,78.84655689,Fair,Normal,7.037849039,9.801798481,6.387264925,Undergraduate,Medium,55
Male,164.578135,86.80394128,121/82,176.8595373,32.04757491,80.62871799,1.562063794,0.939239029,15.48907213,High,Never,Frequent,High-fat,None,None,None,71.26626318,Good,Normal,5.989737509,1.294808446,8.111559554,Postgraduate,Medium,22
Male,169.7713928,84.43779444,138/112,229.4732808,29.29596832,121.877483,1.04702672,0.665289213,37.12035581,Low,Never,Frequent,Balanced,Hypertension,Regular,Heart Disease,73.83331035,Fair,Normal,2.574444202,4.924230856,11.42333395,Postgraduate,Low,47
Male,175.9390703,79.81909895,138/86,274.7150937,25.78589651,137.3692561,1.208723834,0.466690571,54.41483358,Low,Former,Occasional,High-fat,None,None,None,74.66274588,Excellent,Normal,1.6714817,6.29443667,7.685679004,High School,High,45
Male,175.2272128,96.07317556,177/99,241.8238509,31.28953002,145.858682,0.451439758,0.2,56.36043013,Low,Never,None,Balanced,None,None,None,52.42648566,Poor,Excessive,3.275655397,7.69981633,11.24235916,Postgraduate,High,84
Female,161.6116718,66.0971879,141/97,215.934926,25.30681774,125.0852395,0.932273651,0.296324892,44.62930588,Moderate,Former,None,Low-carb,Diabetes,Occasional,Hypertension,67.4826241,Good,Insomnia,9.615212815,7.289519792,5.020794716,Undergraduate,High,59
Female,169.9590247,64.53882394,136/94,199.5330204,22.34254218,87.13335098,1.25918939,0.659611122,33.00073889,Moderate,Never,None,High-fat,None,None,None,66.15940942,Fair,Normal,3.307215243,4.517087176,2.012506622,High School,Medium,30
Female,160.8671614,67.17398985,190/112,245.4213906,25.95770828,146.863203,0.066530122,0.286237941,52.29709503,Moderate,Current,None,Vegetarian,None,None,None,56.59733037,Excellent,Normal,1.013000193,5.543940286,5.544980013,Postgraduate,High,81
Male,172.0581235,71.36816102,117/102,260.7376376,24.10760917,129.6076668,1.07312299,0.404132893,42.42462887,Moderate,Never,Frequent,Balanced,None,None,None,62.77447591,Good,Normal,5.186120129,8.566211668,2.313424735,Undergraduate,Low,44
Male,177.32617,85.8966079,134/106,236.9062101,27.31683286,131.3478563,0.62776487,0.293203348,54.31660811,Moderate,Former,None,Vegetarian,Hypertension,Regular,Diabetes,46.33413971,Fair,Insomnia,7.398606005,0.213460994,11.97946996,Postgraduate,Low,75
Female,171.5065735,62.70190246,139/94,245.0241486,21.31666093,95.21624231,0.763765802,0.327698934,44.43991221,High,Never,None,Vegetarian,Diabetes,Occasional,Heart Disease,52.86372425,Excellent,Insomnia,5.662014994,7.569344304,6.220699099,High School,Medium,49
Female,155.6706466,88.23728664,159/88,193.41467,36.4115097,145.7747453,1.191590279,0.524397853,42.98412114,Moderate,Former,Occasional,Vegetarian,Hypertension,Regular,Diabetes,65.33445274,Good,Normal,2.30902717,5.595029884,3.785571337,Undergraduate,Medium,45
Male,178.4454555,98.39635081,169/93,264.053177,30.90067796,153.6454227,-0.033009365,0.2,65.2849914,Low,Current,None,Vegetarian,Hypertension,Occasional,None,53.77762383,Fair,Insomnia,6.501860349,4.82261919,7.373317721,Postgraduate,High,89
Female,159.2916993,61.85269767,183/94,255.0160966,24.37655646,127.7729142,0.269393676,0.325176761,54.19449387,Moderate,Former,Frequent,Low-carb,Hypertension,None,Diabetes,54.74920826,Good,Insomnia,5.037535438,7.774726033,4.6131668,High School,Low,66
Male,174.6930395,70.54513398,157/104,264.7397627,23.11616897,133.5039917,0.408903121,0.2,66.4058077,Low,Never,Occasional,Vegetarian,Hypertension,Regular,None,55.8667534,Good,Normal,3.801532257,2.587921007,4.66266356,Postgraduate,Low,82
Male,171.4569928,89.0982024,139/95,241.0480525,30.30808784,143.911852,0.607333685,0.209246487,49.08670128,Low,Never,Occasional,Low-carb,Diabetes,Regular,Diabetes,53.28221633,Good,Normal,6.012886559,0.409943141,7.853812688,Undergraduate,High,69
Female,169.6185892,68.63468766,171/104,242.8155075,23.85595288,111.007571,1.243638032,0.764913566,49.37867027,Low,Current,Occasional,Balanced,Diabetes,Regular,Diabetes,60.99199839,Poor,Excessive,5.733901129,5.613807982,6.651815561,High School,High,35
Male,168.2119496,83.97026326,125/114,242.5211172,29.67644167,104.6188072,0.515122177,0.2,78.53193334,Low,Current,None,Vegetarian,Hypertension,Regular,Heart Disease,58.47443614,Poor,Excessive,7.149529136,3.391310906,10.49639098,Undergraduate,Medium,86
Female,163.3370679,68.58308086,155/100,224.7885274,25.7067681,128.5120493,0.791253896,0.330103536,67.50929062,Low,Former,None,High-fat,Diabetes,Regular,None,63.49577331,Excellent,Normal,2.536355274,2.509114675,9.781065082,High School,High,68
Female,164.8909103,71.96888142,141/93,264.1509537,26.46984034,93.19716904,1.179942588,0.649730636,44.93618823,High,Current,Occasional,Balanced,Hypertension,Regular,Diabetes,52.73898494,Good,Normal,2.482895619,9.712833845,10.06001623,None,High,42
Male,186.4982041,80.38435916,116/106,220.9119095,23.1111867,128.6348792,1.513748079,0.679538869,26.18717778,High,Never,None,Balanced,Diabetes,Regular,None,74.68326084,Poor,Insomnia,3.936917431,1.777214738,11.12107557,Undergraduate,High,22
Male,171.6852176,74.87098313,140/94,216.1651418,25.40081957,161.7037303,0.299622361,0.288736234,63.37115159,High,Current,None,Balanced,Hypertension,Regular,Heart Disease,42.24284279,Fair,Normal,6.818138814,1.264184448,8.125940756,High School,High,77
Female,163.270866,58.38321958,157/97,245.1711396,21.90133804,130.1979109,0.789319341,0.413103794,53.55422853,Moderate,Former,Frequent,Balanced,Diabetes,None,None,68.71360302,Good,Insomnia,7.598194217,9.74064391,0.538183782,High School,Low,56
Female,151.600244,70.82987087,163/100,242.9455187,30.81886562,140.6991967,0.497966179,0.2,84.65000423,Moderate,Current,Occasional,Balanced,Heart Disease,None,Diabetes,46.84780502,Fair,Insomnia,1.649276535,0.960529327,3.388620255,High School,High,88
Female,158.7927089,54.90994341,142/96,196.2775613,21.77659033,144.9602642,0.849801536,0.442528816,59.02621213,Moderate,Current,Occasional,Vegetarian,None,None,None,55.87151155,Poor,Insomnia,5.109299077,1.301413305,5.918584257,High School,High,56
Female,163.8565643,61.58499038,172/91,244.6694749,22.93755848,133.1408412,0.256914276,0.2,57.08240615,High,Current,None,Balanced,None,Occasional,None,45.92131396,Good,Excessive,9.328215677,4.401066867,1.539981912,None,Low,80
Male,178.4994384,72.11696911,130/83,232.6733205,22.6341275,123.40522,1.327705062,0.665106457,40.1594789,Low,Former,Frequent,Balanced,None,None,None,80.08957116,Good,Insomnia,7.753871591,5.610048536,1.392812452,Postgraduate,Medium,32
Female,153.2045163,80.85666615,135/99,249.6066123,34.44868866,136.5519951,1.224027089,0.435893708,49.52050799,Low,Former,None,Balanced,None,None,None,60.32218704,Fair,Normal,7.234421175,4.929486222,3.702565166,None,Medium,43
Male,176.0976288,105.5200025,131/98,237.4570932,34.02732245,101.3871345,1.205165318,0.403756691,51.21279097,Low,Former,None,Low-carb,Hypertension,Regular,Hypertension,67.18475398,Fair,Normal,9.617621387,2.220962079,1.458743624,Postgraduate,High,47
Female,166.6655246,44.95432288,182/106,233.7679227,16.18377804,136.1105143,0.31565836,0.2,55.87635357,Moderate,Never,None,Balanced,Hypertension,None,Heart Disease,49.97104821,Fair,Normal,2.876029891,8.780592243,5.700906826,None,Medium,86
Male,166.9066838,78.26814186,171/91,239.3375631,28.09555184,142.1604423,0.796282458,0.220784699,29.90814739,High,Current,Occasional,Balanced,Diabetes,Regular,Diabetes,69.78663716,Good,Normal,5.018915369,2.09493524,10.84116783,Postgraduate,High,70
Female,159.7370945,83.74636856,146/105,266.1021829,32.82119751,141.1651294,0.422685054,0.2,78.35269205,Low,Current,None,Vegetarian,None,None,None,57.86209042,Poor,Excessive,2.041433455,5.264511161,0.925869918,None,Low,77
Female,163.6456436,59.45867991,150/99,236.2915004,22.2027294,111.3573765,1.31646196,0.804580815,35.84578102,Moderate,Former,Occasional,Balanced,None,None,None,61.58086312,Excellent,Insomnia,7.045266563,1.693939224,7.155818809,Undergraduate,Medium,28
Male,161.1623446,81.52802721,134/98,267.5258108,31.38916621,107.6141323,0.980747977,0.5869126,47.03954113,Moderate,Former,None,Balanced,Diabetes,Occasional,Hypertension,89.92277291,Fair,Normal,8.956943279,4.606626151,1.524638679,High School,Medium,36
Female,151.4032832,75.76381032,163/103,228.3391693,33.05150364,127.5648393,0.702389552,0.30483813,68.68185466,Moderate,Never,Occasional,Balanced,Diabetes,Regular,Hypertension,72.4461137,Poor,Insomnia,4.573488126,8.096402163,2.588299229,None,Medium,69
Female,155.5613491,78.99256577,136/104,216.9630379,32.64245536,108.5059212,0.704002076,0.368923534,29.59635502,Moderate,Current,None,Balanced,None,None,None,45.63360036,Poor,Insomnia,2.748175061,1.206442186,6.249117304,Undergraduate,Low,57
Female,164.6788941,77.25470899,159/100,232.2579055,28.4871549,124.186658,0.929187898,0.480718704,59.17650441,Moderate,Former,Occasional,High-fat,Heart Disease,None,None,74.82639549,Good,Normal,4.674071918,9.978485196,9.30161639,Postgraduate,Medium,53
Male,170.7049282,80.95267313,143/103,256.6370495,27.78043717,139.3163329,0.447595009,0.2,51.94181339,Moderate,Former,Frequent,Low-carb,Heart Disease,Occasional,None,61.62041343,Poor,Insomnia,2.617501707,0.918953653,6.198009673,None,Medium,84
Male,169.8149668,84.68298993,149/88,235.3804605,29.36596347,140.6530431,0.635900334,0.303703456,54.1927972,High,Never,Occasional,Low-carb,Heart Disease,Occasional,Diabetes,70.26708998,Poor,Normal,5.316359409,4.586265606,1.752676967,High School,High,60
Male,171.5172853,76.39361514,163/110,255.3985165,25.96816573,137.1764729,0.804748462,0.396951798,41.86905736,Moderate,Former,None,Balanced,None,None,None,57.71067746,Poor,Insomnia,6.634523281,8.097331012,4.281226925,Undergraduate,Medium,68
Male,182.6134473,87.51004103,154/93,258.128053,26.24172485,107.393779,0.375270094,0.25455455,46.74797877,Moderate,Never,Frequent,High-fat,None,None,Diabetes,53.89063168,Fair,Normal,7.333884237,8.232617444,3.967837771,Undergraduate,Low,68
Male,178.1830217,88.38472801,107/81,209.3052754,27.83842049,83.46396996,1.525305378,0.533041997,39.96021548,Moderate,Current,Frequent,Balanced,Hypertension,Occasional,None,59.77603274,Poor,Insomnia,3.053187393,1.303240078,5.643502672,Postgraduate,Low,31
Female,155.8653662,75.22975047,141/82,228.6730451,30.9663753,134.3881963,1.878161761,0.684999337,32.04103226,Moderate,Current,Occasional,Balanced,Diabetes,None,Hypertension,70.77406044,Fair,Normal,9.716944435,9.40598519,11.43398396,High School,High,20
Male,183.5713539,82.04782836,159/103,221.639957,24.34766225,151.4542377,0.571215665,0.2,78.18547584,Low,Never,None,Balanced,Diabetes,Occasional,Hypertension,55.39208682,Fair,Normal,9.278414519,7.871598403,7.521369626,Postgraduate,Low,75
Female,164.0577922,76.38001163,163/89,194.6512984,28.37827513,111.9600999,1.533694345,0.826247557,31.40655238,Low,Former,Frequent,Balanced,Heart Disease,Regular,None,70.11379287,Poor,Insomnia,9.678179859,5.385558275,2.821722119,Postgraduate,Low,29
Male,168.6080065,88.31347184,142/89,218.8836336,31.0649437,100.2652148,1.319748889,0.653853028,29.10363538,Moderate,Never,Frequent,Balanced,Hypertension,Regular,Diabetes,53.5312818,Good,Insomnia,5.008974435,1.218977649,0.489623546,Undergraduate,Medium,35
Male,171.4408106,51.67265895,143/86,196.8921924,17.58054713,111.9059552,1.753645641,0.883494598,12.49285539,Moderate,Current,Frequent,Vegetarian,None,None,None,64.80160294,Good,Normal,2.445410613,3.970759547,4.376455587,High School,Low,25
Male,174.0180806,52.55093661,161/92,225.4294154,17.3536851,120.2808431,1.007317725,0.485207676,48.39171252,High,Former,Frequent,High-fat,None,None,None,62.99110081,Fair,Excessive,2.37262855,6.567959003,5.504893167,High School,Medium,54
Female,160.8295117,78.55842759,107/91,171.0457902,30.37115411,121.4211197,1.659903897,0.627601997,40.00046143,High,Never,None,Low-carb,Hypertension,None,Diabetes,91.43835901,Good,Insomnia,8.796238578,2.83893141,1.224853844,High School,Low,20
Female,174.0929251,61.5204053,152/80,255.0271782,20.29817271,116.0166202,0.962159101,0.545803593,42.62088278,Moderate,Former,None,Low-carb,None,None,None,57.31578275,Good,Insomnia,9.792472153,8.313532872,1.920126484,Undergraduate,Medium,51
Male,169.9153118,81.44232993,122/78,240.9766995,28.20883538,111.1937598,1.511804644,0.625660627,49.02179736,Moderate,Current,None,Low-carb,Hypertension,Regular,Heart Disease,60.91610445,Excellent,Normal,5.288982236,3.097635284,3.717474164,None,High,32
Female,169.0084384,72.15141059,131/96,202.747615,25.25969185,122.7285816,0.869748037,0.592632596,49.57099401,Moderate,Current,Occasional,Balanced,Hypertension,Regular,Hypertension,78.54918371,Fair,Excessive,5.637475903,9.963574617,1.915944522,Undergraduate,Low,46
Female,164.3628598,51.83755791,122/83,205.1757421,19.18832896,123.5705788,1.480338984,0.755441668,34.9107391,Moderate,Never,None,High-fat,Hypertension,Regular,Diabetes,75.67861765,Good,Normal,7.969688103,2.756902711,5.771153635,Postgraduate,High,24
Male,167.9823862,84.00294318,155/100,212.1604468,29.76918946,116.4453606,0.751804307,0.375361652,56.897627,High,Current,Occasional,Vegetarian,None,Occasional,None,54.72132891,Good,Normal,1.300896769,3.166283261,2.098242397,High School,Low,62
Male,185.7326508,74.22795222,159/104,258.5968129,21.51745807,143.2174892,0.248378269,0.339594239,54.37544994,High,Former,Occasional,Balanced,None,None,None,50.55167841,Good,Normal,6.462386475,9.663853854,10.81348372,None,Medium,78
Female,170.7584115,75.2022065,140/82,226.089519,25.79089249,115.3609273,1.647822165,0.848700089,37.07516145,Moderate,Never,Frequent,High-fat,Diabetes,Regular,Hypertension,72.90965816,Good,Normal,4.560515178,0.716200657,11.31140283,None,Low,26
Male,167.1060763,86.75634628,172/102,252.4553736,31.06824845,133.1438192,0.438283083,0.491343921,53.60043245,Low,Former,Occasional,Vegetarian,Diabetes,Regular,Hypertension,37.16843648,Fair,Normal,2.546337339,1.383395018,2.612747539,High School,High,78
Female,161.5294828,79.01928253,137/95,231.4828336,30.28513242,103.5499078,1.720480295,0.861429277,32.50821767,Low,Never,Occasional,Low-carb,Diabetes,Regular,Diabetes,73.62926323,Fair,Normal,3.400061072,1.888537957,11.47874549,Undergraduate,Medium,18
Male,177.6234888,97.53878302,131/92,235.528377,30.91551892,127.4410251,1.029672844,0.601487257,38.12519206,Moderate,Former,Occasional,Balanced,None,None,None,89.3882242,Poor,Insomnia,4.905268781,6.748314094,2.481434293,Postgraduate,Medium,31
Male,177.2650845,74.68178158,139/101,194.9873113,23.76666614,131.9348575,1.393751783,0.483437494,32.1553049,High,Current,Frequent,High-fat,None,None,Diabetes,68.03708685,Good,Normal,3.821709977,5.238729394,9.381027722,Undergraduate,High,31
Male,187.9777528,82.8907047,153/106,235.4926774,23.45810495,120.7403149,0.301294424,0.254472098,56.30458827,Moderate,Former,Frequent,Balanced,None,None,None,55.06534307,Poor,Excessive,2.845461626,1.519673894,4.241661716,High School,High,73
Female,168.3696512,70.15684054,151/101,256.1230615,24.74813055,111.645194,0.317295595,0.280930551,52.71813545,Moderate,Current,Occasional,High-fat,None,Occasional,None,54.14263,Fair,Normal,8.333650437,8.320281107,10.60010411,Undergraduate,Medium,72
Male,181.953038,93.9154097,139/99,209.7959761,28.36731525,135.1918244,1.210178592,0.534245175,31.87566597,Low,Never,Occasional,High-fat,None,None,None,78.47637682,Good,Insomnia,3.341375745,9.866608679,8.78868325,Undergraduate,Low,37
Male,166.5623254,83.99056172,123/80,187.828339,30.27449689,125.006216,1.284970101,0.550263109,40.84062964,Moderate,Former,Occasional,Balanced,Heart Disease,Regular,Hypertension,85.56659652,Good,Normal,9.113155605,9.856652269,9.693439724,Postgraduate,Low,35
Male,173.8560054,81.87571218,160/89,270.151098,27.08792243,133.6413595,0.756492624,0.388690191,67.59951901,High,Never,Occasional,Balanced,None,None,None,48.23841475,Good,Normal,1.871660421,1.486143627,10.78713105,High School,High,61
Female,171.7645409,66.32083856,147/79,235.2229617,22.47931034,79.41172712,0.985716511,0.606307685,41.893569,Moderate,Former,Occasional,Balanced,None,Occasional,None,49.12107894,Excellent,Excessive,7.23761652,1.517046421,11.62961318,High School,High,44
Female,167.2560711,60.98835564,123/89,212.9563398,21.80133772,124.6360837,1.586640884,0.911047792,9.874081626,Moderate,Never,None,Balanced,None,None,None,77.53344633,Good,Normal,9.146542767,6.391574958,11.03666867,Postgraduate,Low,19
Male,171.9606198,94.56836658,151/105,234.8981848,31.98069401,121.0466058,1.37739904,0.970930315,33.15403109,Low,Former,Occasional,High-fat,Hypertension,Regular,Heart Disease,70.50935158,Good,Excessive,9.648532414,8.136305145,10.5772461,Undergraduate,Low,22
Male,182.0063574,87.89829353,167/114,263.9135503,26.53428123,153.517331,0.137284089,0.2,65.99231947,Low,Former,Occasional,Balanced,None,None,None,34.15016278,Good,Normal,2.635598899,7.873660908,8.404552663,High School,Low,87
Female,161.4209487,59.73872076,149/90,263.861514,22.92641385,142.5552012,0.520179173,0.247818935,42.11253939,Moderate,Current,None,High-fat,Heart Disease,None,None,69.05878247,Fair,Excessive,2.984262781,3.307919697,1.183775695,High School,Low,72
Female,157.9410213,62.65120422,139/91,217.5818033,25.11536758,114.329692,1.515240673,0.964593893,24.10868853,Moderate,Never,Occasional,Balanced,Heart Disease,None,Heart Disease,72.01751488,Poor,Excessive,9.842955241,0.538199971,7.699165273,Postgraduate,Low,28
Male,175.5333977,75.42783843,163/112,275.6808797,24.48004116,152.6977185,0.22492006,0.325915222,53.51205476,Moderate,Former,Occasional,Low-carb,Hypertension,Regular,None,44.24502078,Good,Normal,5.84414796,0.614160824,9.14956857,None,Low,86
Female,171.2166868,61.6172829,146/100,251.0728629,21.01891849,134.5286496,1.082097844,0.367978673,33.6873407,Low,Former,Frequent,Vegetarian,None,None,None,57.0582172,Fair,Normal,3.675617958,5.333933192,5.332628254,Undergraduate,Medium,49
Female,170.9201059,60.22727926,166/114,253.2073126,20.61612023,132.9617395,0.564193649,0.2,52.18117133,Moderate,Current,Occasional,Vegetarian,Diabetes,Regular,Heart Disease,58.91219485,Fair,Insomnia,7.257794858,5.504637485,6.798395587,None,High,72
Male,174.7189824,96.04381495,169/115,243.6374551,31.46220955,185.7361443,0.172043875,0.2,69.55792097,Moderate,Former,Frequent,High-fat,None,None,None,52.62447875,Fair,Normal,7.5725972,8.892427119,4.032876141,None,Medium,87
Female,158.9342236,68.80261969,144/88,188.5433522,27.23768072,104.7440995,1.290192318,0.641474399,29.84606371,Moderate,Former,Occasional,Balanced,Heart Disease,Occasional,Hypertension,70.87753309,Poor,Insomnia,2.452838755,0.683824759,11.55621596,Undergraduate,High,32
Male,167.2396,86.26899112,113/91,211.9843106,30.84441082,127.4835288,1.232508878,0.399303099,66.53605232,Low,Never,Frequent,Balanced,None,None,None,68.21848637,Fair,Insomnia,5.329969052,7.733012088,10.91072446,None,Medium,46
Female,154.9720142,67.1421311,140/98,253.9995694,27.95687123,115.65409,0.605782016,0.364054485,58.5984978,Moderate,Former,Frequent,Balanced,Diabetes,Regular,Diabetes,48.19456012,Fair,Insomnia,5.873310357,7.813369431,0.731539737,None,Medium,63
Female,180.1179189,59.82074202,141/101,223.0606143,18.43902508,134.3470638,0.930463763,0.399809815,61.14589588,Low,Never,Occasional,Vegetarian,None,Occasional,None,58.44568946,Fair,Excessive,6.150955035,6.416529304,6.947885236,Undergraduate,Low,66
Female,161.0139628,52.95221417,163/101,276.4967054,20.42476399,124.2360115,0.70365225,0.213528333,45.02990026,Moderate,Former,Occasional,Balanced,Heart Disease,Regular,Diabetes,59.90901023,Fair,Normal,3.225398957,0.85779503,10.55080377,High School,High,82
Male,178.8670577,74.82145036,141/87,241.3341353,23.38650893,108.5533065,1.393837805,0.549955972,29.41906511,Moderate,Never,None,Balanced,Heart Disease,Occasional,Diabetes,62.24587651,Poor,Excessive,7.182474448,6.585057573,9.613028835,None,Medium,30
Female,178.9578359,61.61272286,148/95,210.7797776,19.23840059,148.4927842,1.416732417,0.581870129,47.56705274,Low,Former,None,High-fat,Hypertension,Occasional,None,90.42353968,Poor,Excessive,3.718010443,2.085727609,4.008472357,High School,High,43
Female,168.7763693,51.24840851,168/105,222.6312385,17.99107454,158.144544,0.550252022,0.272519248,55.70888518,High,Never,None,Balanced,None,None,None,57.41962066,Excellent,Insomnia,7.040989211,8.142209208,4.786392968,None,Medium,75
Female,154.7473059,71.68985767,118/100,212.5992025,29.93722384,141.3268308,1.368741055,0.726820616,33.17655562,Moderate,Former,None,Low-carb,None,None,None,70.21410573,Fair,Insomnia,2.493675027,3.847722107,9.164232117,High School,High,22
Male,182.5943692,97.23521616,126/99,209.4858309,29.16411638,117.4465414,1.168084662,0.605536886,42.15442095,Low,Current,None,Low-carb,None,None,None,61.08887853,Good,Insomnia,6.7477708,9.833537811,8.029272716,Undergraduate,High,43
Female,170.1905734,72.39241887,138/108,235.1650635,24.9932127,112.1017358,1.332490078,0.462872065,36.62410798,Low,Current,Frequent,Vegetarian,Heart Disease,Occasional,Diabetes,72.00888454,Poor,Excessive,1.130765797,3.875339757,1.360630726,Undergraduate,High,56
Male,184.8298682,70.25371813,129/84,193.2320853,20.56482443,116.4695295,1.878157359,0.811358829,34.20436872,Moderate,Current,Frequent,Vegetarian,Heart Disease,Regular,Diabetes,66.43396374,Good,Normal,2.356432284,6.714309608,0.299190416,High School,Low,23
Female,165.3006066,61.9868181,155/107,255.1317078,22.68560936,139.4714939,0.33784907,0.267782572,62.37625798,Low,Former,Occasional,Vegetarian,None,None,Diabetes,50.47349876,Good,Normal,8.855163686,0.745229607,2.276185391,High School,Medium,76
Male,177.3525194,69.90466445,120/94,196.4007225,22.22447091,110.8807127,1.757593338,0.708106724,45.01063654,Low,Former,Occasional,High-fat,None,None,None,73.54405529,Fair,Normal,9.101577393,0.74952069,11.06772459,None,Medium,32
Female,153.7148066,70.02005451,141/101,233.4554011,29.63405201,124.8338091,0.415526423,0.474095479,51.56587957,Low,Former,Occasional,High-fat,Heart Disease,Regular,Heart Disease,54.81610388,Fair,Normal,5.850971878,1.518624109,8.097041071,Postgraduate,Low,68
Female,160.9153914,57.29943698,139/74,242.9803473,22.1286634,154.3822386,1.659207746,0.647285263,28.40615348,Moderate,Former,None,Balanced,Hypertension,Occasional,Heart Disease,62.03130913,Poor,Insomnia,7.45185899,6.510002248,2.127971245,Undergraduate,High,30
Female,161.6369128,66.96009273,142/91,201.6744426,25.62919423,159.4910389,0.839214889,0.32762024,50.67483158,Moderate,Former,Frequent,Vegetarian,Diabetes,Regular,Diabetes,43.53600912,Poor,Excessive,4.573754727,4.768790556,2.951479133,Undergraduate,High,62
Male,173.8932522,101.7617367,138/89,254.615253,33.65263309,130.8887036,1.370268908,0.828865218,33.08026155,Low,Former,Occasional,Balanced,None,Regular,None,78.53559258,Good,Normal,2.659200546,2.320540864,4.235609839,High School,High,28
Female,158.9035553,60.03878743,148/103,269.5547988,23.77741751,131.771341,0.363118188,0.2,57.38281389,High,Current,Occasional,High-fat,None,None,None,68.65254395,Good,Normal,4.223793012,4.813903303,7.204253294,High School,High,71
Male,161.9940152,61.59590295,174/108,241.2041554,23.47220482,121.416178,0.264368473,0.2,71.19028277,Moderate,Former,Occasional,Balanced,None,None,None,52.17751134,Fair,Normal,4.033712377,9.315654521,11.68770638,High School,Medium,85
Male,158.8206647,72.6958881,151/104,227.9063824,28.82012288,128.9208698,0.736034335,0.450311407,39.5402989,Low,Never,Occasional,High-fat,Hypertension,Regular,Diabetes,62.19729702,Fair,Excessive,3.427852,1.301936823,5.101047527,None,High,54
Female,170.3090045,78.34092477,146/100,217.7786675,27.00930897,118.3695307,0.978776137,0.237879991,58.73467229,Low,Never,Occasional,Balanced,Hypertension,Occasional,Heart Disease,54.53192664,Good,Normal,2.679266488,1.466880775,7.575509598,High School,Medium,67
Female,163.4613276,62.1485864,137/96,217.9543186,23.25954481,113.8855627,1.609705298,0.404625425,26.14034513,Moderate,Former,None,Low-carb,Heart Disease,Regular,None,57.67939065,Excellent,Normal,9.607654803,8.190592874,6.752803668,None,High,38
Male,172.8444216,79.64955202,128/89,215.6461098,26.66076473,101.2106514,1.592698834,0.873999569,16.44031963,High,Former,Occasional,High-fat,Diabetes,Regular,Hypertension,94.41121605,Good,Normal,3.512430353,8.008024033,11.30332212,High School,Low,25
Female,158.332114,45.00068095,147/107,210.3279951,17.95068661,122.9278747,0.61285382,0.568978031,45.49754793,Moderate,Current,None,High-fat,None,None,None,71.57582165,Good,Normal,4.585606139,8.70266827,11.24466113,High School,Medium,54
Male,171.823991,108.3134315,149/90,237.1043941,36.6872121,84.05067142,1.464758776,0.691189667,37.26842177,Low,Current,Frequent,Low-carb,None,Occasional,None,74.85849683,Excellent,Insomnia,6.072931544,2.464678171,8.050747948,Undergraduate,High,36
Female,163.1972747,75.28797758,151/82,217.3121106,28.26830881,91.77643225,1.681432017,0.842671795,24.34884579,Low,Current,None,Vegetarian,Heart Disease,Regular,Heart Disease,67.43995063,Poor,Insomnia,2.160839851,8.23100375,2.051160595,None,Low,23
Female,162.4958427,70.97075692,135/82,183.3421568,26.8778749,144.3424444,1.239525088,0.715528977,22.18402682,Moderate,Former,None,Low-carb,Diabetes,Regular,None,73.72037844,Fair,Normal,2.430692127,8.911208959,5.537663471,Undergraduate,High,42
Male,173.5322781,75.1522443,116/85,181.5051939,24.95637015,118.927407,1.576037088,0.841688898,30.86012545,High,Never,Frequent,Balanced,Diabetes,Regular,Hypertension,70.41715303,Good,Insomnia,5.950830532,2.726256395,1.255385117,High School,Medium,22
Female,158.1449503,62.2773588,126/86,254.1706731,24.90115706,126.6828707,1.244828266,0.691902294,45.37836541,Moderate,Current,Frequent,Balanced,None,None,None,57.35904454,Excellent,Excessive,8.13188649,6.727089801,9.9628468,High School,High,44
Female,156.7712498,70.75598427,141/90,204.7394814,28.78924897,139.7220773,1.611307384,0.858648442,18.04819804,Low,Never,Frequent,Balanced,Diabetes,Regular,Diabetes,71.16315504,Fair,Insomnia,4.426255846,7.859662977,8.434381027,Undergraduate,Low,19
Male,184.7295285,62.82754549,126/90,211.9813921,18.41100304,95.93238387,1.765461059,0.644450808,25.8624056,Low,Never,Occasional,Low-carb,None,None,Diabetes,72.42793985,Excellent,Normal,5.120740756,6.097346432,0.055610231,High School,Low,25
Female,160.3890608,64.7773781,145/85,208.482089,25.18105241,126.888083,1.476906816,0.704091608,31.53711416,Low,Never,Occasional,Low-carb,Hypertension,Regular,None,67.0739736,Fair,Normal,2.244221363,2.656551426,10.29591695,Undergraduate,Medium,27
Female,159.0923181,69.51373021,140/88,288.5746543,27.46453019,130.7777145,0.928450895,0.425787213,47.98778987,Moderate,Former,Occasional,Balanced,Heart Disease,Regular,None,43.21927441,Fair,Excessive,4.920411626,9.247692713,0.263565314,Undergraduate,Low,52
Male,172.7513361,76.45202256,124/101,209.3444677,25.61805474,124.8797661,1.508829939,0.782059432,46.9828664,Moderate,Former,Frequent,Balanced,None,None,None,75.02746489,Good,Normal,3.834662916,7.715458416,10.08393118,None,Low,26
Male,182.193212,100.3844776,134/87,226.3193736,30.24141992,97.60744396,1.348437033,0.601178625,34.06681787,Moderate,Former,Occasional,Low-carb,Heart Disease,Regular,Heart Disease,81.9885475,Good,Normal,1.400234581,2.314449684,4.083095995,None,Low,24
Female,149.720675,52.78750088,155/107,237.4039642,23.54873317,177.7047184,0.580080983,0.331944222,74.85285756,Low,Former,Occasional,High-fat,None,None,None,44.29524646,Fair,Normal,3.671316268,4.678835112,9.154050813,Postgraduate,Low,73
Female,164.2494093,68.97644974,163/104,224.5336656,25.56779083,144.0653771,0.215225866,0.2,55.15020581,Moderate,Never,Frequent,Vegetarian,Hypertension,Regular,Diabetes,59.05002584,Good,Normal,5.310670127,1.307469016,10.50948754,Undergraduate,Medium,85
Male,180.1229674,83.87781383,146/117,221.9588551,25.85287916,133.5725724,0.906673769,0.425782789,30.62153937,Low,Never,Occasional,Balanced,Hypertension,Occasional,Hypertension,67.87561109,Good,Normal,9.954888227,8.231353875,4.638389582,Undergraduate,High,63
Male,184.1510155,64.4154081,136/100,240.591325,18.99509748,115.3351806,1.264104969,0.903624851,35.17578651,Moderate,Never,Frequent,Low-carb,Hypertension,Regular,Heart Disease,66.13579606,Fair,Insomnia,7.169340002,8.718638138,2.674678583,Undergraduate,Low,28
Female,168.1981725,79.93571692,181/108,263.6822633,28.2551963,120.7314768,0.507250552,0.2,58.83814512,Moderate,Current,Occasional,Low-carb,Diabetes,Regular,Heart Disease,53.97822126,Excellent,Normal,2.20405441,3.149719324,5.563436612,High School,High,78
Male,174.6023876,82.3643557,132/88,216.8215005,27.01711363,101.31821,1.740591207,0.78389126,32.64932533,Moderate,Former,Occasional,Balanced,Diabetes,Regular,Diabetes,99.84670124,Good,Insomnia,1.470136514,8.861633027,4.984763611,Postgraduate,High,20
Female,165.6677907,51.6206367,136/96,208.9159762,18.80819834,144.9307529,1.212686682,0.489192732,52.43026314,Moderate,Never,Occasional,Balanced,Hypertension,Occasional,None,62.50270912,Good,Normal,4.460406621,1.023217221,5.801864798,None,Low,30
Female,159.9682633,67.49249882,138/94,253.9612522,26.37471938,145.0881172,0.904706312,0.48836573,45.5397662,Low,Current,Occasional,Low-carb,Heart Disease,Regular,None,75.98332108,Fair,Insomnia,1.77058394,2.224009072,4.749773502,Postgraduate,High,54
Female,160.4776571,71.31811215,121/86,259.0113867,27.6930435,137.8756801,0.326048538,0.2,66.02547923,Low,Current,None,Balanced,Diabetes,Regular,Heart Disease,67.58879697,Poor,Insomnia,4.928911476,5.958017879,11.62388751,High School,Medium,63
Male,180.290333,103.466313,162/90,267.9292624,31.8312792,128.8553594,0.553910525,0.310321153,66.95831029,Moderate,Former,None,Vegetarian,None,None,None,47.30505465,Fair,Normal,3.564827018,5.149052945,3.953388831,None,Low,76
Female,171.7066838,61.01738232,172/97,272.2954857,20.69565476,129.8565478,0.807348909,0.244047489,55.64434954,Low,Never,None,Balanced,None,None,None,61.33941993,Fair,Normal,4.294746893,1.055300628,7.106776021,Undergraduate,High,67
Male,183.2289378,94.17369773,137/87,237.0179041,28.05055737,127.7532577,1.274304052,0.801671431,33.64440928,Moderate,Never,Occasional,High-fat,Diabetes,Regular,Diabetes,72.13233915,Good,Insomnia,8.11570041,4.789958788,7.793798241,Undergraduate,Low,29
Male,194.0022225,75.98288453,138/103,240.6921526,20.18842161,120.6227004,0.965011309,0.514555721,47.72747223,Moderate,Never,Frequent,High-fat,None,None,None,58.39651124,Excellent,Normal,7.980913106,7.322852439,3.134769846,Postgraduate,Low,46
Female,160.2850638,68.3666908,148/108,249.7579333,26.61083183,131.7928431,0.458444776,0.2,66.71562903,Low,Former,Occasional,Balanced,Diabetes,Regular,Diabetes,66.24644368,Fair,Normal,7.993413777,1.004654899,10.33830305,None,High,85
Female,155.111465,73.40737838,151/97,240.0324626,30.51068197,115.6097064,0.638384858,0.456822995,37.52384721,Low,Former,Frequent,Vegetarian,Hypertension,Regular,Hypertension,69.37017306,Excellent,Insomnia,9.051623819,6.369465151,0.090483263,Undergraduate,High,54
Male,177.9820977,72.12178008,134/91,195.5080467,22.76741874,139.1286185,1.204152562,0.421137432,36.23603107,High,Former,None,Balanced,None,None,None,80.81606335,Good,Excessive,3.67737626,7.053696122,4.088332689,Postgraduate,High,41
Female,161.5927933,63.3311899,134/91,229.7972925,24.2534582,110.9489138,1.305759288,0.408439614,56.56593653,High,Never,Frequent,Vegetarian,None,None,None,61.3191349,Good,Insomnia,6.143630974,2.216645217,7.778540292,Undergraduate,Medium,48
Female,164.1574098,70.01332724,150/97,269.2996869,25.98123167,122.4536095,0.934146737,0.36259395,47.97570393,High,Never,None,Balanced,Diabetes,Occasional,Heart Disease,54.09444301,Poor,Excessive,4.587110607,9.899337655,8.820435799,High School,Low,61
Male,170.0466348,79.56230506,137/88,195.7806928,27.51511128,99.81559793,1.327752903,0.700385357,33.58688937,Moderate,Never,Occasional,Low-carb,Hypertension,Regular,Hypertension,70.00028974,Poor,Insomnia,7.422756641,5.978028634,11.09155316,Undergraduate,Low,28
Male,173.0863883,86.79207424,170/102,234.2523311,28.97038296,122.7972881,0.377345849,0.311724355,50.09959491,High,Current,Frequent,Balanced,Heart Disease,Regular,Diabetes,55.32660821,Fair,Excessive,4.687706975,1.130456891,10.41334842,High School,High,78
Female,163.2004062,76.4520925,128/90,239.2651936,28.70429638,125.3100812,1.341927539,0.654585204,54.40557901,Moderate,Current,Frequent,Low-carb,Heart Disease,Regular,None,46.4772339,Fair,Excessive,9.495413819,3.802059384,8.708448738,High School,Low,44
Male,187.2173277,80.88128916,160/115,268.0237409,23.07575827,153.3381001,0.247363547,0.25932095,61.77830257,Low,Former,Occasional,Low-carb,None,None,None,54.29134008,Fair,Insomnia,6.062926469,9.262682486,4.183890822,None,High,76
Female,175.2931242,69.96890153,159/102,246.3893171,22.77064293,141.7199861,0.25886921,0.2,56.30361862,Low,Former,None,High-fat,None,None,Diabetes,52.44245871,Fair,Insomnia,1.278093096,2.393539352,9.747771926,None,High,83
Male,167.2411774,87.4602276,121/87,253.0808902,31.26973283,132.345176,1.141243168,0.532595012,48.88684545,Low,Current,Occasional,Vegetarian,Heart Disease,Occasional,None,47.60422929,Poor,Insomnia,1.177684731,9.342267484,5.676340793,High School,Medium,42
Male,167.3338634,93.48333889,151/91,230.188744,33.38616531,108.0604646,1.126284111,0.437851091,52.32365886,Low,Former,Occasional,High-fat,Hypertension,Occasional,Diabetes,61.94272378,Excellent,Normal,4.752138226,8.122892449,5.271170326,Postgraduate,Low,42
Male,186.1298169,63.27642691,146/82,195.798488,18.26459502,117.3787128,1.410064048,0.609204595,36.57544823,Low,Never,Frequent,High-fat,None,Occasional,None,77.89887717,Excellent,Normal,3.199029853,5.33135812,3.351219986,High School,Medium,37
Female,171.5536375,68.26824879,152/97,209.0443386,23.19630982,138.9558907,0.485332384,0.2,70.68479979,Low,Former,None,Vegetarian,None,None,Hypertension,63.44748135,Good,Insomnia,3.187354384,0.752636348,0.513062226,Postgraduate,Low,76
Male,187.0714571,90.97879204,133/91,242.857072,25.99711219,113.8058979,1.407166034,0.522311942,50.40978439,Low,Current,None,Balanced,Hypertension,Occasional,Hypertension,69.29210083,Good,Insomnia,7.207356953,9.269279235,9.877324472,High School,Medium,34
Female,154.1346514,74.74984434,126/89,240.0136037,31.46369502,94.79091664,1.073905843,0.893688189,34.42239579,Moderate,Never,None,Low-carb,Hypertension,Occasional,Diabetes,50.40219513,Excellent,Normal,8.570366569,4.404106437,7.683514169,None,Low,35
Male,177.2226814,89.0703,151/124,246.2397515,28.35922175,137.5815116,0.345083404,0.232147913,62.34116485,Moderate,Never,Occasional,High-fat,Hypertension,Regular,Hypertension,64.15186236,Fair,Normal,6.396172687,1.153279322,9.779209002,High School,Low,71
Male,169.6836048,71.11941242,163/115,254.401731,24.70065082,151.395597,0.38111915,0.339785091,54.30531608,High,Former,None,High-fat,None,None,None,59.30159271,Poor,Excessive,1.037459709,3.378276292,0.546583969,Postgraduate,High,77
Female,174.3914854,78.93016462,173/90,239.2912562,25.95329212,162.0351132,0.984636713,0.36943317,36.33452708,Low,Current,Occasional,Low-carb,Diabetes,Regular,Diabetes,56.62725924,Poor,Insomnia,2.246740185,3.735965189,11.02387933,Postgraduate,Low,66
Male,176.6742031,71.19400552,132/80,213.1425693,22.8085221,129.1492912,1.078906244,0.331039107,37.89554132,Low,Former,Frequent,Low-carb,Hypertension,Regular,None,71.88594412,Fair,Excessive,2.4164772,0.679142591,3.182463463,Postgraduate,Low,39
Male,176.8056313,91.62012517,135/90,194.8740347,29.30884432,121.1272928,1.72477332,0.866640524,20.20699189,Moderate,Current,None,High-fat,Hypertension,Occasional,Heart Disease,60.15982719,Fair,Insomnia,5.832312395,9.835209263,8.428566239,Undergraduate,High,24
Female,167.0547001,61.49880063,151/64,213.8672955,22.03683642,117.8737184,1.32550944,0.857630804,32.01943284,Moderate,Former,None,Vegetarian,None,None,None,79.63296646,Excellent,Normal,4.689245191,0.638526063,8.716693453,Undergraduate,Medium,25
Male,183.2810209,65.53911726,166/91,287.5324877,19.51037411,143.5382608,0.31563293,0.306011709,58.61803295,Moderate,Never,None,Vegetarian,Hypertension,Regular,Diabetes,40.05175403,Fair,Normal,2.737978892,0.937563819,4.150236452,Undergraduate,Low,87
Female,178.3735763,74.65138995,138/85,208.5371862,23.46263903,108.3068918,1.622415045,0.911403936,25.15810792,Moderate,Never,Frequent,Balanced,Diabetes,Regular,Heart Disease,56.68232909,Good,Normal,6.354154308,8.857723912,9.48535304,Undergraduate,High,21
Female,174.6751182,74.79812769,135/91,218.9369152,24.51481584,95.12694306,1.412119507,0.712545638,31.84834919,Moderate,Former,None,Low-carb,None,None,None,69.37685083,Poor,Excessive,4.495804381,6.294889493,2.249446712,Postgraduate,High,31
Male,169.038479,93.90623385,142/103,236.6289626,32.86421558,157.8043056,0.474724977,0.258478003,52.1962974,Moderate,Never,Frequent,Low-carb,Heart Disease,Regular,Heart Disease,50.01846256,Fair,Insomnia,7.157349071,1.88719799,7.777518197,Undergraduate,High,72
Female,161.6131763,56.43092454,143/89,237.7138185,21.6054658,134.0248962,1.460633818,0.715528985,43.56769887,Low,Never,Occasional,Balanced,None,None,None,65.10439015,Fair,Excessive,1.040220423,9.023799125,5.198676437,Undergraduate,High,24
Male,163.1037799,93.57255099,134/73,181.4772896,35.17389136,104.35951,1.723965827,0.896022698,16.7079781,Low,Never,Frequent,High-fat,Heart Disease,None,Heart Disease,88.97877277,Fair,Insomnia,4.01457131,5.083413281,9.563870975,Undergraduate,Medium,19
Female,168.6694903,73.29115258,134/96,253.1331288,25.76193538,146.779217,0.372352117,0.215254351,49.70647894,Low,Former,None,Balanced,Diabetes,Regular,Diabetes,70.13923674,Excellent,Normal,1.494328808,6.972685099,11.51092162,Undergraduate,Low,77
Male,171.2319937,81.85294004,157/98,219.6716974,27.91672424,149.290047,0.81998356,0.438932921,59.97532829,High,Current,None,Vegetarian,Heart Disease,Regular,None,70.44760216,Good,Insomnia,6.422081206,2.79550916,4.881536564,Postgraduate,High,62
Male,176.2390395,88.19652556,138/100,214.0574497,28.39535106,157.9067016,1.812330825,0.722682782,51.90351529,Moderate,Never,Frequent,Vegetarian,Heart Disease,Occasional,None,67.75878661,Fair,Normal,2.921416719,5.261987985,10.26520116,Postgraduate,Medium,23
Male,165.5376987,66.714117,145/88,222.968726,24.34579245,140.6347965,0.922663448,0.444604991,34.2652091,Moderate,Never,None,Balanced,None,None,None,75.17887581,Fair,Normal,7.707011942,9.21664765,4.631105595,Undergraduate,Medium,56
Male,179.8902339,83.18034939,134/101,253.1492826,25.70428732,109.0887595,0.909608692,0.480078253,55.78825033,Moderate,Former,Frequent,Balanced,None,Regular,Diabetes,63.82932556,Poor,Insomnia,6.289200854,5.350500892,2.437301829,High School,Medium,59
Female,160.0378348,69.38285505,185/106,246.02363,27.0898645,150.242171,0.322486508,0.304967083,39.72762352,Moderate,Former,Occasional,Low-carb,Diabetes,None,Hypertension,72.47718512,Poor,Insomnia,1.762475188,0.395687835,0.381824854,Postgraduate,High,72
Male,168.9564238,57.43898012,142/96,236.5165636,20.12135868,153.1217929,0.595329982,0.304135129,50.57577273,Moderate,Former,Frequent,Balanced,Diabetes,Regular,Diabetes,51.09759328,Fair,Normal,3.078252942,9.985456537,10.66402471,Undergraduate,Medium,62
Male,163.5900512,65.34744163,143/87,235.6257591,24.41826558,127.7953125,1.101655052,0.597973583,45.26293641,High,Never,Frequent,Low-carb,None,None,None,68.33649413,Fair,Normal,5.180699633,9.998089734,10.2135664,Undergraduate,Medium,43
Female,167.7157748,58.41947879,151/104,214.3728471,20.76872579,134.1373486,1.030881657,0.247259722,41.14389317,Low,Never,None,Vegetarian,Heart Disease,Regular,Hypertension,52.94529603,Fair,Insomnia,7.593921252,7.911418694,5.796345088,Postgraduate,Medium,53
Female,165.8270093,57.52315217,159/109,254.234862,20.9185771,120.4586772,0.816379949,0.497011287,49.90984111,Moderate,Current,Frequent,Balanced,None,None,None,68.42741148,Poor,Insomnia,4.079220084,3.634399777,8.709887673,Postgraduate,Low,54
Male,162.3145582,84.87837182,137/103,218.1571937,32.21677708,129.0042596,0.607213632,0.534814328,60.72364495,Moderate,Current,None,High-fat,Hypertension,Occasional,Diabetes,87.44892628,Excellent,Normal,3.434741975,8.639756501,4.293500258,None,Medium,63
Female,154.1901198,78.98777325,175/97,234.3108641,33.22360688,161.3129854,0.558218703,0.2,70.94934731,Moderate,Current,Occasional,High-fat,None,Occasional,None,42.00879365,Good,Normal,1.939059217,3.194908049,7.886247514,High School,High,82
Male,170.3246322,72.89447906,131/87,225.6037825,25.12694661,129.8972757,1.369222759,0.654882767,49.60486701,Moderate,Current,None,Vegetarian,None,None,None,62.07537139,Poor,Insomnia,7.017881067,8.501918213,3.388638193,High School,Medium,38
Female,156.7445631,70.92245217,153/120,267.6135552,28.86680855,147.3914507,0.301050498,0.216677977,63.57816262,Low,Former,Frequent,Vegetarian,Hypertension,Regular,None,44.28785325,Excellent,Normal,8.492929316,7.507187304,10.56962114,Postgraduate,Low,86
Male,179.1098308,63.83090039,134/107,206.5020082,19.89720723,144.9064142,0.119917689,0.2,50.66041145,Moderate,Former,Occasional,High-fat,None,None,None,47.30674357,Poor,Insomnia,1.621532611,2.645611855,4.955044017,High School,High,88
Female,167.1025448,92.00059254,154/89,195.2917689,32.94765404,154.5748872,1.517928997,0.683315668,49.13113504,Moderate,Never,Occasional,High-fat,None,None,None,61.64436459,Good,Normal,9.749091786,5.270889348,8.409554672,Undergraduate,High,28
Female,168.319658,58.43151551,179/111,248.6313573,20.62421703,123.5955025,0.11664265,0.2,68.08751656,Moderate,Never,Occasional,Low-carb,None,Occasional,None,33.20292648,Good,Normal,5.87161605,1.77373508,8.902085117,Postgraduate,Low,87
Male,172.2900455,73.9969375,116/95,232.7419339,24.92834088,104.7068915,1.652949093,0.698033465,21.17886152,Moderate,Never,Frequent,Balanced,None,None,None,64.17570762,Fair,Excessive,8.892114255,3.084436793,6.61772459,None,Medium,21
Male,172.2345203,88.07681731,146/110,243.2231674,29.69075306,147.5299922,0.599978833,0.375924483,47.14823404,Moderate,Never,None,Low-carb,None,None,None,67.15623185,Good,Normal,4.041009179,0.817449235,6.483829685,None,High,73
Male,168.6610054,64.57500632,178/113,255.4719913,22.70048248,144.287632,0.53834973,0.24290589,48.621431,Moderate,Former,None,Low-carb,None,Occasional,None,71.80608435,Good,Insomnia,3.15516915,8.43395738,3.555172841,Postgraduate,Low,75
Male,179.5720836,81.00223722,150/92,234.7849711,25.11998468,121.9641161,0.889488027,0.2,60.89259891,Low,Current,Occasional,Vegetarian,Hypertension,Occasional,Hypertension,43.35742319,Fair,Insomnia,3.364879547,4.169833521,5.426131932,High School,Medium,64
Female,155.1289329,60.58328192,152/86,229.3951827,25.17486706,130.2388698,1.290224237,0.52100748,34.7989094,Moderate,Current,Occasional,High-fat,None,None,Diabetes,47.01501849,Good,Normal,4.035655263,5.145946126,7.183020367,High School,High,43
Female,162.5903712,57.63638523,157/100,220.6244906,21.80253991,131.1722101,0.356829358,0.264664961,56.80434279,Moderate,Never,Occasional,Vegetarian,None,Regular,None,46.10353015,Fair,Normal,3.254873568,1.17691456,10.36359608,Undergraduate,Medium,79
Male,170.1357289,59.27770028,113/100,208.0648079,20.47860148,102.1152564,1.583821753,0.604470113,27.75746648,Low,Former,None,Balanced,None,None,None,73.17104356,Good,Insomnia,4.178404753,4.49863267,2.182801163,None,Medium,23
Male,177.3338311,78.02408574,125/87,232.7296617,24.81107008,132.7043584,1.124431326,0.51552189,35.67461992,Low,Current,Occasional,Vegetarian,Heart Disease,Regular,Diabetes,71.73041582,Good,Normal,4.486401791,3.382452256,2.014803929,High School,High,39
Female,163.4830729,56.28021235,152/108,262.2766728,21.05766163,135.3422601,0.614929215,0.234689707,43.90584556,Moderate,Former,Occasional,High-fat,None,Regular,None,43.04183434,Good,Insomnia,4.528079577,0.731971439,5.775047749,Undergraduate,Medium,74
Male,176.1040075,73.68785806,138/85,234.1259332,23.76060282,107.0093544,1.54310874,0.925300526,31.91084049,Low,Never,None,Low-carb,Diabetes,Regular,None,81.46962106,Good,Normal,5.091106574,9.91770322,10.55446588,High School,Medium,18
Male,192.4225975,67.11083397,171/95,218.235459,18.12510329,113.7667609,0.91158496,0.368629988,51.10055534,High,Current,None,High-fat,None,None,None,67.71701952,Fair,Normal,4.171849277,0.662811739,8.588797364,Postgraduate,High,51
Male,182.0164134,68.72729345,121/94,252.526795,20.7447467,100.6274243,1.495324934,0.841746101,32.74211008,Low,Never,Frequent,High-fat,Hypertension,Regular,Hypertension,78.11505287,Good,Normal,3.510269163,4.408378909,9.715081328,Postgraduate,Low,25
Female,171.6614502,64.47137985,116/94,226.0138177,21.87869486,104.550046,1.508247038,0.762917398,44.27608219,High,Former,None,Low-carb,Hypertension,Regular,Diabetes,60.33705818,Excellent,Normal,5.414366077,8.650797112,9.637612282,High School,High,25
Female,158.3938879,70.2363897,126/100,207.0440891,27.99531392,141.4564901,1.54700502,0.72149677,34.18179358,Low,Former,None,Vegetarian,Heart Disease,Occasional,Diabetes,92.00161745,Excellent,Insomnia,8.667252505,6.48373294,3.125698186,None,Low,23
Male,167.9088309,74.3405847,117/97,256.2593665,26.36810365,132.2969853,1.121349454,0.726506597,59.04276194,High,Former,None,High-fat,Diabetes,Regular,Hypertension,67.40057174,Good,Insomnia,2.633024775,0.38746199,1.202519449,Undergraduate,High,36
Female,169.4309643,56.13410364,119/79,221.1845081,19.55425286,120.5027072,1.411257324,0.613260493,36.17285047,Moderate,Current,Occasional,Balanced,Hypertension,Occasional,Diabetes,78.07199354,Poor,Insomnia,7.705773376,4.476736788,9.116987348,High School,Medium,36
Female,161.9751143,63.44307398,159/100,193.1203135,24.18174446,165.5649159,0.586402429,0.280117735,69.10118849,Moderate,Former,None,Low-carb,None,None,None,68.28860889,Good,Normal,2.498728184,0.695910944,3.804812368,Undergraduate,Medium,72
Female,176.4626411,58.18274548,159/98,250.6985851,18.6848089,114.0344221,0.409309082,0.320021896,54.79068899,Low,Former,Occasional,Balanced,Hypertension,Occasional,Hypertension,48.71359217,Fair,Insomnia,9.172595444,0.158901158,0.81644773,Undergraduate,Medium,83
Male,180.4660649,80.46586813,130/102,250.235899,24.70703349,124.8702946,0.824492824,0.364605506,37.33579153,Low,Never,None,Vegetarian,Diabetes,Regular,None,49.25965494,Excellent,Insomnia,7.514482503,3.948662662,4.653061304,High School,Low,59
Female,173.005751,77.85227434,168/108,254.4238858,26.01059126,131.0748075,0.127345559,0.2,73.66539809,Moderate,Current,None,Low-carb,Hypertension,Occasional,Heart Disease,69.28159398,Good,Insomnia,7.786181137,5.040309193,1.544607674,High School,Low,88
Male,171.3783237,71.27883244,163/84,254.4636895,24.26882758,115.9784395,0.701341554,0.432624142,51.49323518,High,Former,Occasional,Balanced,None,None,Diabetes,63.82042185,Good,Normal,4.887669121,4.089009954,0.050378974,High School,Medium,57
Male,174.6179464,90.09208267,140/81,205.1833165,29.54669261,138.6642123,0.767394249,0.575561901,41.65152371,Low,Never,Frequent,Low-carb,Heart Disease,Regular,Diabetes,64.25669616,Good,Insomnia,4.837989431,8.572013049,6.071158031,High School,Low,52
Male,179.2711417,91.93036304,155/96,217.0399376,28.60475329,118.5461622,0.996523926,0.266708418,39.99621187,High,Former,Occasional,Low-carb,None,None,None,76.95635799,Fair,Normal,6.946067675,7.819657682,3.630122771,Undergraduate,Low,50
Male,178.2559997,99.98622766,157/100,267.3042386,31.46674864,138.0718163,0.01816514,0.379232604,65.73011964,Moderate,Never,None,Low-carb,None,None,None,66.0930505,Good,Insomnia,9.9376421,2.463567736,6.684668402,Postgraduate,Low,88
Female,153.1010652,65.38731503,148/73,268.1172503,27.89568818,112.6376368,1.086314546,0.713353268,59.11487805,Moderate,Current,Occasional,High-fat,None,Occasional,None,60.60452888,Fair,Normal,1.009110068,4.004102503,1.770026341,High School,Medium,44
Female,164.180918,61.99995034,139/88,217.3978371,23.00096103,137.2323343,1.317957276,0.840605687,44.12191778,Moderate,Former,Occasional,Low-carb,None,None,Diabetes,60.13290278,Fair,Insomnia,5.109268482,4.596468619,6.408048427,High School,High,34
Male,193.21127,120.8835991,161/93,248.9946726,32.38191075,134.2204549,1.040948776,0.49275907,49.64079334,Low,Current,Occasional,Balanced,Hypertension,Occasional,None,57.75607878,Good,Normal,2.039682286,1.256557485,3.074015834,None,Low,54
Male,182.2371908,77.93847831,119/79,206.7592171,23.46809827,113.990548,1.482071892,0.618926483,43.96486936,Moderate,Current,Occasional,Balanced,Diabetes,Regular,Hypertension,81.56605377,Poor,Insomnia,9.448518567,8.663696753,1.546815014,None,Medium,37
Male,185.2830396,68.95006937,165/88,238.9304118,20.08460864,136.87905,0.899332529,0.348328995,37.65273785,Moderate,Former,Occasional,Balanced,None,None,None,57.4306321,Good,Insomnia,6.83551771,2.973471611,11.36877644,High School,High,60
Male,174.1077095,68.07302071,126/90,271.0479955,22.45634224,139.6320573,0.667590979,0.409144624,34.00920912,High,Former,Occasional,Balanced,Hypertension,Occasional,Diabetes,57.05576326,Poor,Insomnia,7.466750803,2.601344048,5.037481204,High School,High,63
Male,181.3721252,79.55073529,136/95,237.2146441,24.18260681,109.5867278,1.163398107,0.552609129,15.59621409,Moderate,Never,Frequent,High-fat,Hypertension,Regular,Diabetes,70.68803353,Poor,Normal,5.037740745,2.391554255,6.450665072,High School,High,28
Male,183.167492,75.22242508,147/92,210.9476588,22.42077047,112.486277,1.317698011,0.549906215,45.53120529,Moderate,Current,Occasional,High-fat,None,None,None,82.39335198,Fair,Insomnia,3.274054817,0.551522743,9.21340571,High School,Low,34
Female,150.9182104,65.49644812,144/77,201.5313686,28.756396,94.28875845,1.902527561,0.777548068,21.81483433,Moderate,Former,None,Balanced,Diabetes,Occasional,Diabetes,71.42692312,Fair,Normal,8.25633335,6.740199878,2.636710365,Undergraduate,Medium,19
Male,176.1369719,98.7592019,134/101,225.4591478,31.8329231,119.6784338,1.17996355,0.590436764,18.16817909,Moderate,Never,Occasional,Low-carb,Heart Disease,Occasional,Heart Disease,62.90810347,Excellent,Normal,6.832464839,4.064696538,2.76601303,None,Medium,38
Female,149.1938314,74.68406566,133/89,200.5742922,33.55260296,132.0401639,0.897675455,0.252528586,50.29691006,Moderate,Former,Occasional,Low-carb,Hypertension,Occasional,Diabetes,57.88420086,Poor,Insomnia,3.450107711,5.432207407,3.201249844,None,Low,60
Female,162.851862,89.86810492,150/85,224.8900988,33.88598597,106.9358408,1.170988814,0.553841276,44.7618966,Moderate,Former,None,Balanced,Hypertension,Regular,Hypertension,58.03789182,Good,Excessive,4.281998765,9.145291927,10.26829026,Undergraduate,Medium,45
Female,157.8762476,69.53504795,164/117,264.3121874,27.89781356,126.3467584,0.40273456,0.2,57.72850544,Low,Never,None,Balanced,Diabetes,Regular,Hypertension,53.2073029,Good,Insomnia,1.339117706,6.138086058,10.39358016,None,Medium,77
Female,164.7525004,65.5737918,128/77,226.3367445,24.15829435,119.7901555,1.292986656,0.824088918,45.4623853,High,Never,Frequent,High-fat,None,None,None,50.77427231,Fair,Normal,2.615818672,6.233546377,3.231373219,Undergraduate,Medium,34
Male,174.0176314,68.37185446,164/107,224.0791229,22.57827995,124.8491057,0.681227402,0.289815543,65.71669413,High,Former,None,High-fat,Hypertension,Occasional,None,62.02713809,Good,Insomnia,5.447645828,7.434240287,2.618042934,Postgraduate,Low,62
Female,166.7356144,60.57600976,141/105,260.2273402,21.78933188,148.0612863,0.722214034,0.357099156,43.68554388,High,Former,Occasional,Balanced,Heart Disease,Regular,Hypertension,73.51645845,Good,Insomnia,4.069355557,8.106343915,1.295297144,Undergraduate,Medium,66
Male,180.938921,83.95830165,158/93,187.8708481,25.64481985,134.3946437,0.559209233,0.358776836,36.87441947,Low,Current,Occasional,Vegetarian,Diabetes,Occasional,Diabetes,67.98126455,Good,Normal,2.391541153,3.870181212,1.206926107,High School,High,73
Male,171.6002444,84.77878388,140/113,253.0595688,28.79064394,122.0478481,1.026748492,0.545150637,37.38079018,Low,Never,None,Vegetarian,Heart Disease,Regular,Hypertension,65.02158235,Fair,Normal,8.716581439,5.101345658,0.355693305,Undergraduate,Medium,50
Male,176.6642795,78.66486924,140/94,242.5327773,25.20480442,138.7988542,0.329451366,0.240175204,52.00653896,Low,Former,None,Vegetarian,Hypertension,Regular,Diabetes,79.23320613,Excellent,Insomnia,4.084726478,5.929565922,7.089906815,Postgraduate,Low,71
Female,159.0059687,73.91564357,150/98,241.8065533,29.23543153,109.0403283,1.185588233,0.609274246,47.96639048,Low,Current,None,Low-carb,Heart Disease,Occasional,Heart Disease,55.16960462,Good,Insomnia,7.176271327,2.891405123,2.324803906,Postgraduate,High,51
Female,169.1010121,68.91008385,142/100,238.442129,24.09851961,159.6547697,0.580216003,0.436806805,58.35006363,Low,Current,Frequent,Balanced,None,None,None,36.43819216,Poor,Insomnia,7.883445466,2.400807043,8.165375832,High School,Medium,65
Male,188.3987127,82.48906836,179/111,228.5088567,23.24023616,154.8600754,0.328104109,0.2,61.1559841,Moderate,Never,None,Vegetarian,Heart Disease,Regular,Hypertension,43.03281905,Good,Normal,8.136389607,8.559665745,4.863506003,High School,Medium,84
Male,169.1243698,83.34841113,128/85,225.1047895,29.13969103,106.9860264,1.300860007,0.599778655,48.72532891,Low,Current,Occasional,Balanced,Diabetes,Occasional,Diabetes,66.11867211,Fair,Normal,8.997512495,9.35954657,8.291488561,Postgraduate,Low,38
Female,155.4955904,58.02661049,145/92,207.2226958,23.99888404,88.55344836,1.410222035,0.630124896,28.71628064,Moderate,Former,None,Balanced,Heart Disease,Regular,Heart Disease,58.76245562,Poor,Insomnia,1.593501582,4.106899563,7.832477303,High School,Medium,28
Female,163.175124,52.30759684,157/91,264.8706908,19.64521856,135.6363154,-0.219787214,0.2,58.23237698,High,Current,Occasional,Vegetarian,Hypertension,Regular,Hypertension,59.46841882,Poor,Excessive,2.14286508,4.199082913,6.476294243,Undergraduate,Medium,86
Female,167.4420661,69.67897196,169/99,224.505137,24.85264328,136.0007453,0.913429855,0.278511086,59.74872599,High,Never,None,High-fat,Hypertension,Occasional,None,41.90755336,Good,Insomnia,8.1329301,9.770128913,9.13614838,High School,Low,64
Female,160.8401029,57.75014013,151/109,235.6968493,22.32360645,134.6076591,0.574811722,0.2,51.42867538,Moderate,Former,None,Balanced,None,Occasional,None,54.15140531,Fair,Normal,5.125141881,3.972122063,1.970388036,None,Medium,71
Male,170.6749647,81.66738322,142/76,242.6171181,28.03554458,128.8382543,1.332601745,0.612113337,36.50136218,High,Former,None,Vegetarian,Hypertension,Regular,Diabetes,67.66402505,Poor,Insomnia,7.64214271,3.124221768,2.940186185,High School,Medium,37
Male,179.2119139,71.63977898,153/97,204.7855998,22.30593752,127.1631958,1.40178885,0.611404707,37.24327009,Moderate,Former,None,Low-carb,None,Occasional,None,78.98384697,Good,Normal,5.296195393,4.003047417,3.772835252,None,High,32
Male,179.0535756,62.96840526,170/102,204.5553118,19.64068807,140.3615889,0.583340062,0.443167984,34.61792931,Low,Current,None,Vegetarian,None,Regular,None,81.72353778,Excellent,Normal,1.738792142,0.56214421,3.213472796,High School,Low,59
Male,164.9172355,77.34183775,145/86,257.2116833,28.43690945,131.9533179,0.923230744,0.480744658,36.0882258,High,Never,None,Low-carb,Diabetes,Regular,Diabetes,85.06006643,Good,Normal,3.650330987,4.683096418,9.889510006,High School,High,42
Male,174.9713903,72.11304897,152/106,194.2682319,23.55481907,126.8197857,0.318046416,0.2,51.12095007,High,Former,None,High-fat,None,Occasional,None,49.23165769,Fair,Normal,9.375813233,1.442012444,5.408959686,Undergraduate,Medium,87
Female,157.0002562,54.41953498,141/97,255.8694357,22.07771405,141.2562242,1.052407003,0.377633419,48.57751554,Moderate,Never,Occasional,Balanced,Diabetes,Regular,Diabetes,84.97091004,Good,Normal,5.612391227,7.979253162,3.647496001,High School,Medium,56
Male,175.3016047,82.50404436,148/74,233.4536707,26.84747551,153.5058022,1.339599036,0.720940229,51.45451613,Low,Former,Occasional,Balanced,None,None,None,75.38353483,Good,Insomnia,5.912348716,5.468455592,10.23119186,Postgraduate,Medium,27
Female,165.7517546,56.95310961,138/89,201.1923483,20.73008927,119.4229959,1.09793499,0.813666634,53.02703951,Moderate,Current,None,Balanced,None,None,None,83.28532656,Good,Normal,2.668055739,3.55486302,11.22598854,Postgraduate,High,34
Female,168.723863,51.55686537,164/88,243.292873,18.11062692,142.4102626,1.131340843,0.649955312,15.66594718,Moderate,Former,Frequent,High-fat,None,None,None,79.21225612,Fair,Excessive,2.180101672,0.134273489,6.261435971,Undergraduate,Medium,41
Male,164.1101418,78.42563552,117/98,279.6267308,29.11972071,118.4464616,1.15518351,0.371945455,38.43742217,High,Former,Occasional,Balanced,None,None,None,66.0832478,Excellent,Normal,9.808662729,2.715285757,11.59986018,None,High,48
Female,167.5107612,61.22830628,112/89,201.1899378,21.82060672,107.2843091,1.603261999,0.931145707,25.52209653,Moderate,Never,Occasional,Vegetarian,None,None,None,70.5002834,Good,Normal,2.398264563,8.819839634,8.535185243,High School,High,18
Female,145.9600863,67.90888942,164/100,232.1967788,31.87560272,123.8299174,0.637301165,0.366088895,40.49357143,Moderate,Former,None,Vegetarian,Heart Disease,Regular,Hypertension,71.74417468,Excellent,Insomnia,6.256889857,0.503945238,2.381108005,High School,Low,65
Female,170.8810479,69.92121994,122/94,271.6270009,23.94535059,104.7363821,0.514242729,0.286344447,36.52114092,Low,Never,None,High-fat,None,None,None,75.53562402,Excellent,Excessive,3.815506681,0.147663716,7.926759024,High School,Medium,65
Female,171.4753149,60.00136441,146/95,219.4677783,20.40600122,132.8164065,1.002672857,0.424585082,48.5075702,Moderate,Current,Frequent,Balanced,None,None,None,68.48838094,Poor,Insomnia,5.045115838,3.199632672,1.427052626,Undergraduate,Medium,59
Male,176.6589423,78.16643055,177/110,277.8132523,25.04661433,122.5081695,0.204442181,0.2,56.32615653,Low,Current,None,Low-carb,Hypertension,Regular,None,42.97410417,Good,Insomnia,8.399183107,1.921055572,1.292832143,Postgraduate,Low,86
Male,163.3691605,88.6386786,131/98,214.9626852,33.21108915,139.7890327,1.447320429,0.673211918,26.64730755,Low,Former,None,Vegetarian,None,None,Diabetes,69.7547527,Excellent,Normal,9.188664305,5.965263277,8.594785572,Postgraduate,Medium,29
Male,160.8568385,95.78377562,147/107,205.2616581,37.01799516,154.6388122,0.589305751,0.222298775,37.52491412,Moderate,Current,None,Balanced,Hypertension,Regular,Heart Disease,57.64817849,Good,Excessive,5.339111295,2.35758237,11.55298164,High School,High,70
Male,170.5994884,66.28535879,158/96,210.6548538,22.77519806,136.6674666,0.591143753,0.2,50.89660256,Low,Former,Occasional,Balanced,Hypertension,Regular,Diabetes,45.36126237,Fair,Normal,2.997993469,7.198298514,8.736308822,Postgraduate,Medium,76
Female,156.78899,75.86452934,150/88,212.5494561,30.86083289,119.2543033,1.060285512,0.461668295,39.04191261,Low,Current,Occasional,Balanced,Hypertension,None,Diabetes,69.91974059,Fair,Excessive,3.938182874,7.650510965,1.592397767,High School,Low,44
Male,183.5846666,69.16357149,162/114,237.8517758,20.52128733,123.6035629,0.271389652,0.274221643,73.08467409,High,Never,Occasional,Balanced,Heart Disease,Regular,Diabetes,52.99093311,Fair,Normal,4.761354518,8.287080144,7.344984176,Postgraduate,Medium,77
Female,166.3688759,57.05580997,157/103,252.0831503,20.61368858,117.4943964,0.387290726,0.27946752,65.94206725,Moderate,Never,Occasional,Vegetarian,None,None,None,58.62469932,Fair,Normal,7.514098943,6.448617474,4.809283384,Undergraduate,Low,77
Male,164.5958747,67.1423197,147/101,282.5105063,24.78326092,149.0481608,0.34605476,0.354979648,76.09737695,Moderate,Former,None,Balanced,None,Occasional,None,46.76918072,Good,Normal,1.419724,8.860091131,2.022154127,Undergraduate,Medium,84
Male,175.3085105,81.27227653,125/71,248.6523992,26.44456488,125.9256124,1.68169757,0.704850893,37.1328869,Low,Never,None,Balanced,Heart Disease,Regular,Heart Disease,76.74372653,Good,Normal,5.001651788,8.805532861,7.661361591,Postgraduate,High,20
Female,168.3501713,77.24783985,158/94,214.5427068,27.25581787,128.6219588,0.954650896,0.623642738,43.36408965,Low,Former,Occasional,Balanced,None,None,None,80.30049117,Fair,Insomnia,1.09102957,0.096426143,0.932357188,High School,High,52
Male,175.0338502,80.07111554,135/94,246.4678297,26.1355586,101.7069805,1.009404243,0.327541659,55.09339227,Moderate,Former,None,High-fat,Hypertension,Regular,None,55.72350981,Fair,Normal,8.834117131,3.922408442,6.563067549,High School,Medium,44
Male,180.811381,97.04736809,127/94,237.3311429,29.68467068,111.441827,1.305775444,0.624339751,20.12972892,Moderate,Former,Frequent,Balanced,Heart Disease,Regular,Diabetes,66.57678067,Excellent,Insomnia,8.725614689,8.095846116,8.827993131,Postgraduate,High,37
Female,159.8256217,64.31357169,116/90,219.9513837,25.17733882,101.1805158,1.519080301,0.831468517,27.01015385,Low,Never,None,Low-carb,Diabetes,Occasional,Hypertension,70.00614454,Good,Insomnia,9.904892394,7.790288844,8.915880072,High School,Medium,19
Female,167.5442039,78.26516898,159/88,221.395101,27.8810876,157.9441688,0.669423638,0.335605615,49.26361195,Moderate,Never,Frequent,High-fat,Diabetes,None,Diabetes,48.03390162,Fair,Insomnia,1.606411742,8.014453545,2.148656739,Postgraduate,High,73
Male,175.2941162,74.43697432,122/97,235.9012363,24.22445602,115.5548006,1.107380363,0.59603726,32.9502194,Moderate,Never,Occasional,Low-carb,Hypertension,Regular,Diabetes,62.84972917,Excellent,Insomnia,1.751628525,8.616572065,11.79240527,Postgraduate,High,32
Male,179.6072869,84.11702049,157/106,282.4387191,26.07570001,122.6486808,0.531994891,0.416151662,37.8317403,High,Former,Frequent,High-fat,Hypertension,Occasional,Heart Disease,60.87972654,Good,Normal,2.022640703,5.278980808,9.848572201,Undergraduate,Low,65
Male,180.6811142,77.55618547,157/100,218.9036877,23.75696296,139.8367654,0.578999901,0.352998833,61.87312477,High,Former,None,Low-carb,None,Occasional,Diabetes,42.28878247,Poor,Insomnia,6.608825569,8.573645575,2.681087881,None,Medium,79
Male,172.5029108,60.82651982,149/106,229.0722051,20.4409047,110.560048,1.355965107,0.716514297,42.53506305,High,Former,Occasional,Low-carb,Hypertension,Regular,None,84.99627538,Good,Normal,3.659048273,5.702442913,9.662768872,Undergraduate,Low,42
Female,164.5294283,43.36567712,173/98,268.6025442,16.01986878,129.2896451,0.680876113,0.358095125,74.43253325,High,Current,Frequent,Low-carb,None,Regular,Hypertension,47.50509402,Good,Insomnia,8.283404331,4.330791067,9.95253152,None,Medium,67
Male,175.6463483,68.49790209,152/106,251.8053123,22.20235386,121.4621522,0.693649244,0.434530341,44.98652417,High,Never,Occasional,Balanced,Heart Disease,Regular,Heart Disease,62.15067402,Good,Insomnia,6.149312279,1.353467627,9.536173244,None,Medium,61
Male,175.3688403,97.59602939,136/106,195.7554719,31.73418061,129.0942384,1.337380364,0.527977216,38.09951007,High,Never,None,Low-carb,Diabetes,Regular,None,67.55039847,Fair,Normal,7.729529771,5.236172875,9.794316146,None,Medium,38
Male,171.6986647,76.86557631,164/99,211.4046724,26.07342312,98.52617106,0.982144173,0.231406378,46.63761283,Moderate,Never,Occasional,High-fat,Heart Disease,Regular,Diabetes,72.18077923,Excellent,Insomnia,1.005602235,4.782536355,0.237481892,High School,Medium,67
Female,159.0565681,71.68858194,127/105,237.0272006,28.33653702,152.917259,1.242377128,0.303444641,51.54449177,Moderate,Current,Occasional,Balanced,Hypertension,Regular,None,76.11098019,Good,Insomnia,7.340511086,8.930496252,10.09657177,None,Medium,46
Male,171.993182,95.03498311,154/100,241.3720306,32.12632432,144.3782972,0.252291954,0.2,52.59409689,Low,Former,None,High-fat,Hypertension,None,None,60.62624493,Good,Insomnia,2.521670505,9.970379568,9.668310793,High School,High,81
Female,167.7323851,59.74865055,128/90,253.9948242,21.23705325,128.9880925,1.574603827,0.824999096,48.03505141,Low,Never,Frequent,Balanced,None,None,None,61.18955027,Good,Normal,6.594301534,4.373219656,6.090590906,Postgraduate,High,30
Female,154.0984536,59.39838268,155/106,281.8496694,25.01370702,124.1150905,0.625431235,0.390439356,46.17096367,Moderate,Former,Occasional,Vegetarian,Diabetes,Regular,Diabetes,60.48052828,Fair,Normal,3.026684332,2.799025422,0.530391209,None,Medium,71
Female,155.6355106,60.79952548,164/110,226.1765492,25.10052469,105.4360492,0.702843088,0.422146318,46.23834381,High,Current,Occasional,Low-carb,Diabetes,Regular,Hypertension,56.53387922,Excellent,Normal,9.672152501,9.432794828,6.694029874,High School,Medium,68
Female,168.3352388,58.59914678,103/68,255.2491168,20.67955617,101.8876553,1.69160307,0.679970849,23.81032648,Low,Former,Occasional,Vegetarian,None,Occasional,None,83.84056024,Fair,Insomnia,5.736409164,9.104258837,11.30413426,Postgraduate,Medium,19
Male,184.1954173,102.4869315,118/88,210.8722322,30.20722624,98.67958211,1.52113169,0.623242168,44.57576117,Moderate,Never,Occasional,Balanced,Hypertension,Regular,Diabetes,83.20560093,Fair,Insomnia,6.352384597,1.175396213,3.927128505,None,Medium,24
Male,173.7347338,87.1500737,124/86,231.1011761,28.87316896,94.06977955,1.254036577,0.663717051,29.76041725,Moderate,Current,Occasional,Vegetarian,Heart Disease,None,Diabetes,60.48269944,Excellent,Normal,6.968773469,6.016587226,1.542715404,Undergraduate,High,33
Female,163.0764651,71.94449383,140/106,239.8851814,27.05297205,135.9884648,0.524251302,0.398216124,56.10422945,Moderate,Former,Frequent,Low-carb,None,Occasional,None,50.24626172,Poor,Insomnia,1.296970851,4.929182657,5.377834428,Postgraduate,Low,58
Male,179.728467,83.64414449,149/92,248.5185842,25.89415859,139.6129572,0.262031641,0.429134073,64.04781537,Moderate,Never,Frequent,Low-carb,None,None,None,58.44536808,Excellent,Normal,6.834722156,8.160876743,11.72565475,None,Medium,68
Female,150.6106719,59.50292267,154/101,245.9293747,26.2317223,118.3299158,0.59828581,0.284019415,68.17938363,Moderate,Current,Frequent,High-fat,None,None,None,44.42038118,Good,Insomnia,5.788518042,4.366753042,3.188206928,High School,Low,78
Female,160.8088289,72.47231658,166/106,252.4923311,28.02543519,147.5529988,0.75704892,0.213589141,70.21138403,Moderate,Current,Occasional,Balanced,Heart Disease,Regular,Hypertension,65.64183435,Good,Excessive,5.523541896,6.790059917,11.42618473,Postgraduate,Medium,80
Male,178.2282294,55.50821076,135/96,234.87951,17.47447928,102.5244746,0.908445036,0.580255731,20.49080935,High,Former,None,Balanced,None,Regular,None,61.97187632,Fair,Normal,8.895916413,5.39018222,11.05474095,High School,Medium,52
Female,157.3045226,48.42827226,141/92,265.5084431,19.57115955,143.6184009,0.918458907,0.217373099,48.42349448,Low,Former,Occasional,Low-carb,None,None,None,51.65237836,Fair,Normal,8.488533531,9.166995821,6.410883148,None,Medium,64
Female,156.4325967,62.17669415,150/96,214.7715366,25.40815432,139.371351,0.982866716,0.599442569,41.03144306,Moderate,Former,Occasional,Low-carb,Hypertension,Occasional,Hypertension,84.59095397,Poor,Normal,9.646720037,2.077831236,11.23855621,Postgraduate,High,39
Male,179.0753925,73.23807053,137/92,256.1083959,22.83836823,103.7785926,1.483950305,0.561833012,40.52692183,Moderate,Former,Occasional,Balanced,None,None,None,60.93497297,Good,Excessive,6.922799203,8.360020315,11.77296227,Undergraduate,Low,35
Male,179.867305,77.60089236,178/111,257.3681273,23.98624471,146.7611298,0.067097275,0.377169619,69.28125721,Moderate,Former,Occasional,Balanced,None,None,Diabetes,59.87914693,Good,Normal,8.484278203,2.596938125,1.48508493,Postgraduate,High,88
Male,172.5342247,66.45985608,135/99,268.8630209,22.32589528,113.8130965,1.039516702,0.552968416,44.25176746,Moderate,Never,Frequent,Balanced,None,None,None,56.79859303,Fair,Normal,1.084781027,5.599019304,11.78654441,High School,Medium,43
Female,162.1219467,59.30665782,125/91,233.0285844,22.5641943,97.86662308,1.525911301,0.737412137,31.33352038,Moderate,Never,None,High-fat,Diabetes,None,Heart Disease,83.36694852,Good,Normal,3.766454735,8.662217548,4.598222064,Undergraduate,High,19
Male,167.1468723,81.9703352,128/105,222.6990049,29.34000629,120.1165165,1.004956265,0.544991133,33.93079009,Low,Current,None,High-fat,Diabetes,Regular,Diabetes,70.41943514,Excellent,Insomnia,3.940653972,6.57581434,1.255823842,Undergraduate,Medium,42
Male,172.0296175,75.28967139,144/95,255.5178807,25.440694,151.9484223,0.66188196,0.424592211,62.39498106,Low,Former,Occasional,Low-carb,Diabetes,Regular,Diabetes,51.61657585,Excellent,Normal,9.744160297,6.220427935,5.89113646,Postgraduate,High,64
Female,162.2746171,59.7808611,129/106,217.8917414,22.70183593,124.5934312,1.558674496,0.830947608,46.26336512,Low,Former,Frequent,Balanced,None,None,None,83.0559772,Fair,Insomnia,7.614305615,2.185438938,1.350273461,High School,Medium,29
Female,158.4157552,68.16280429,158/108,297.8545158,27.16130957,133.0997836,0.3302855,0.2,59.11257643,Low,Never,Occasional,High-fat,Heart Disease,Regular,Diabetes,61.01487572,Fair,Normal,5.983329832,8.317036764,5.023478935,None,Low,87
Male,172.7843022,89.91718746,137/82,229.7042167,30.11855606,135.2193687,1.327434388,0.759695448,40.32296047,High,Current,Frequent,Balanced,Heart Disease,Regular,Heart Disease,51.4666947,Fair,Insomnia,2.489731456,7.065214636,3.087025642,None,Medium,32
Female,160.8213142,75.65938342,128/84,249.482853,29.25334843,97.15648051,1.330772762,0.623753271,48.4697442,Low,Current,Occasional,Low-carb,Heart Disease,Occasional,Hypertension,70.82928221,Poor,Excessive,5.688679497,9.494922662,8.501334415,Undergraduate,Low,37
Male,187.9329917,84.59324283,125/73,236.4586256,23.95132915,124.4652725,1.416471296,0.61035142,36.99557548,Moderate,Former,Occasional,Vegetarian,Heart Disease,Occasional,None,77.58494928,Good,Normal,2.183970548,8.87943761,8.519176553,None,High,29
Female,164.0256126,69.3532915,136/95,238.8401354,25.7776748,124.2984916,1.581187277,0.711867279,21.17201188,High,Former,Occasional,Vegetarian,Diabetes,Regular,Diabetes,61.18993928,Fair,Normal,1.358757761,2.841512398,5.914881942,Postgraduate,Medium,23
Male,162.4686391,99.3662148,153/107,274.1777417,37.64433774,150.6864628,-0.012820641,0.2,66.56234635,Low,Current,Frequent,High-fat,None,None,None,67.15444619,Excellent,Insomnia,9.983046831,3.504055137,8.936955161,None,Medium,89
Female,163.8154926,66.57229594,161/93,246.1252784,24.80753377,154.4951842,0.852593733,0.2,51.0051374,Moderate,Former,Occasional,Balanced,None,None,Hypertension,57.74327988,Good,Insomnia,9.785692181,7.747919205,0.121567643,Postgraduate,High,63
Male,180.0451652,104.0410359,134/102,253.296668,32.09532225,153.5121473,0.982116824,0.266031156,58.89006805,Moderate,Never,None,High-fat,None,None,None,95.27507011,Fair,Normal,7.216316845,0.768861489,2.392755968,None,High,55
Female,158.5645897,56.44335932,155/87,239.1181675,22.44917769,108.7598828,1.520748785,0.836284921,42.45516071,Moderate,Current,None,Vegetarian,None,None,None,73.40927565,Excellent,Insomnia,9.105006437,9.213432718,7.284446912,Undergraduate,High,19
Female,158.8134468,65.53945263,176/104,258.9855494,25.98533183,158.1306583,0.245519786,0.2,70.6795815,High,Former,Occasional,Low-carb,Diabetes,Regular,None,56.52090998,Fair,Excessive,9.592358431,3.598948405,6.373215385,High School,Medium,87
Male,177.4771709,81.63680007,158/99,238.0835167,25.91796978,135.0320091,0.588810407,0.250961764,83.69436796,Low,Current,Frequent,Balanced,Hypertension,Occasional,Diabetes,64.39923234,Poor,Insomnia,8.565090482,9.601252491,4.996128796,Postgraduate,Medium,75
Male,183.2986444,72.20918783,170/95,249.35496,21.49185757,134.0948343,0.942659141,0.610658761,52.70704661,High,Never,Occasional,High-fat,Diabetes,Occasional,Hypertension,56.75260553,Good,Insomnia,7.744143382,9.46786663,2.078686955,Undergraduate,Medium,38
Female,164.1613364,57.03025223,158/91,221.1693899,21.16233253,132.6989963,0.553870148,0.487928888,48.31734004,Low,Former,None,Balanced,None,Occasional,None,66.88986592,Fair,Normal,3.087673591,3.426165231,1.476712127,None,Medium,58
Female,156.5874156,62.98802631,151/88,230.7852404,25.68882779,117.1612132,1.143346995,0.51347279,16.60461398,Moderate,Current,None,Low-carb,Diabetes,Regular,Heart Disease,60.97303532,Excellent,Excessive,7.644442178,9.923446903,9.251407918,None,High,42
Male,170.0425063,84.28397592,127/90,222.9617486,29.14942679,81.58246533,1.772386049,0.878586306,32.25880006,High,Never,None,Balanced,None,None,None,88.6918635,Fair,Normal,7.340135024,2.936532697,1.583012969,None,Low,18
Female,154.07741,64.73537754,135/85,224.8149144,27.2686568,110.9066091,1.197571477,0.441665653,21.2150416,Moderate,Former,None,Balanced,Heart Disease,Regular,Diabetes,61.65567209,Excellent,Insomnia,2.199770897,1.050837442,5.268004206,High School,High,50
Female,155.4058228,66.83517078,137/77,222.0166712,27.6739077,118.8491922,1.387761684,0.591280675,30.51326468,High,Current,None,High-fat,None,None,None,65.73647826,Good,Insomnia,6.607228809,7.689929763,3.769712346,Undergraduate,Medium,20
Female,161.0290766,78.17721447,136/98,209.5457247,30.14890805,133.0795751,1.188079278,0.730323626,48.27011523,High,Current,None,Balanced,Heart Disease,Regular,Heart Disease,67.99916472,Fair,Insomnia,6.892506421,8.123720137,1.444031986,Postgraduate,Low,37
Female,173.1407455,43.31973786,122/86,214.8764331,14.45064572,109.6539372,1.118135012,0.788408703,21.57290268,High,Current,Frequent,Balanced,Hypertension,Occasional,None,64.49148094,Excellent,Normal,2.132935491,3.483504379,3.314391698,Postgraduate,Medium,34
Female,156.9101457,67.72335067,158/84,241.6682457,27.50656667,150.060864,0.309605564,0.336004642,55.38320154,Moderate,Never,None,Balanced,Heart Disease,Regular,None,40.62808164,Fair,Normal,8.816558006,2.739890249,1.057400381,Postgraduate,High,72
Male,176.5360608,60.34294676,154/99,238.2799407,19.36242066,130.2301102,0.214875551,0.412929767,56.87313303,High,Former,Occasional,Vegetarian,Hypertension,Occasional,Heart Disease,57.34544896,Poor,Excessive,1.866015437,9.552848894,6.514594066,Undergraduate,Low,76
Male,178.0862517,83.01853754,176/102,218.6019859,26.17666364,140.9185658,0.755856448,0.376081637,48.90189514,Moderate,Former,None,Low-carb,Diabetes,Regular,Heart Disease,47.00928704,Poor,Excessive,2.739942853,7.320743686,7.629472872,Undergraduate,High,73
Female,164.4133524,58.91525591,134/69,261.9917929,21.79483568,92.64547377,1.62610267,0.911433684,5.357581113,Moderate,Former,Occasional,Low-carb,Hypertension,Occasional,Hypertension,75.42620092,Fair,Normal,9.891546533,7.855379163,3.85519323,High School,High,23
Female,155.8600405,65.03062646,134/94,204.7560429,26.76999981,113.2465854,1.259087583,0.614004731,37.54067387,Low,Current,None,Low-carb,Heart Disease,Regular,None,77.83706529,Good,Normal,9.809739238,5.440759928,5.129319905,High School,High,41
Female,157.4733072,66.76163439,142/95,264.8233172,26.92235603,105.1942997,-0.076554114,0.2,70.74897699,Moderate,Former,Frequent,High-fat,Heart Disease,Regular,Hypertension,39.52373875,Fair,Normal,9.363514688,8.032096643,6.005562975,High School,High,89
Male,169.0051557,65.29397526,136/91,240.005369,22.85984089,105.3081847,0.972874133,0.432934214,25.91100598,Low,Former,Occasional,Balanced,None,None,None,80.25938415,Good,Normal,5.382694105,3.976004577,7.979282306,Undergraduate,Low,48
Male,169.4914997,86.96862711,160/103,275.0381283,30.27378828,145.3088926,0.451349936,0.223067425,53.60374662,Low,Former,None,Vegetarian,Hypertension,Regular,Hypertension,39.21276365,Fair,Normal,7.028394378,1.439700767,3.310105655,None,High,81
Female,161.2500733,44.06955644,141/88,197.7173054,16.94879543,88.06341923,1.428365794,0.772939671,18.87045504,Moderate,Never,None,Low-carb,None,None,None,75.86261993,Fair,Insomnia,8.600627816,2.736714736,3.771854756,Undergraduate,Medium,22
Male,171.7629574,80.68236307,165/106,223.8945237,27.34762343,120.0352661,0.646170654,0.2,74.13789992,Low,Former,Occasional,Vegetarian,Heart Disease,Regular,Heart Disease,62.48714736,Fair,Insomnia,2.941383533,6.172525748,10.99274642,Undergraduate,Medium,83
Female,170.881779,58.70196085,137/103,217.9616801,20.10301029,145.8205757,1.127736007,0.516464108,40.70013978,High,Current,None,Balanced,Heart Disease,Regular,Diabetes,68.01490644,Excellent,Excessive,1.22853461,3.302094293,1.076278754,Undergraduate,Low,54
Male,166.3100699,86.09461882,127/95,241.6084776,31.12711823,127.5629797,0.928554374,0.450243152,57.0344777,High,Current,Occasional,Low-carb,None,Occasional,None,64.48648671,Poor,Insomnia,5.637290395,0.014004646,4.992219941,None,Medium,57
Male,176.236595,68.927903,170/100,236.6122814,22.19232886,145.1813247,0.239252795,0.2,62.36944147,High,Current,None,Balanced,None,None,None,51.7958062,Fair,Insomnia,9.055659475,4.822435149,6.769028804,Undergraduate,Low,81
Female,163.8632547,62.83154364,173/104,237.7394652,23.39993096,109.234798,0.724495419,0.450909613,50.71040057,High,Current,Frequent,Vegetarian,None,None,None,70.71493928,Good,Normal,9.640789792,5.919113063,10.24614116,Postgraduate,Low,65
Male,179.6965224,80.95444329,175/89,230.5717126,25.07040475,172.0802924,0.303091517,0.2,49.37626218,Low,Current,Occasional,Balanced,Heart Disease,Regular,Heart Disease,41.53660397,Fair,Normal,4.90911857,4.550112534,11.38515186,Undergraduate,Low,86
Male,186.2112882,69.95967516,141/86,206.3939999,20.1760328,112.8151398,1.128417318,0.7507668,31.07251238,High,Current,None,Low-carb,None,None,None,73.96347261,Good,Excessive,2.088283368,5.974240324,0.847264632,Undergraduate,Low,37
Male,185.4749762,82.75600232,164/91,246.5541309,24.05630132,140.8073835,0.650076173,0.2,59.12677447,Moderate,Never,Occasional,High-fat,None,None,None,45.94694538,Poor,Excessive,7.835042178,0.217789199,7.491709255,None,Medium,75
Female,163.471654,66.32777515,126/106,252.4464299,24.82049946,122.7926439,0.772247865,0.498118804,33.14899214,Moderate,Never,None,High-fat,None,None,Heart Disease,71.79101603,Good,Insomnia,3.326111497,4.244773749,9.974670981,Postgraduate,Low,58
Male,164.6114868,76.12747885,163/115,261.6515743,28.09449126,140.2992598,0.489701161,0.2,57.9818405,Moderate,Current,Frequent,High-fat,Diabetes,Occasional,Hypertension,60.01277814,Good,Normal,6.645728383,3.412554365,4.895992881,Undergraduate,High,77
Male,181.4567106,89.97515641,134/80,201.8352068,27.32603011,147.5262375,1.021838985,0.639173453,37.58496669,Moderate,Never,Occasional,Vegetarian,Diabetes,Regular,Diabetes,64.550722,Poor,Insomnia,6.369679031,9.833306994,9.698947293,Postgraduate,Medium,40
Female,164.943123,54.40722392,144/84,227.0428819,19.9980726,113.9178496,1.210755073,0.608820774,32.40064257,Moderate,Former,Frequent,Balanced,None,None,None,76.11666563,Poor,Insomnia,1.827021189,5.409814746,2.214234944,High School,Low,38
Female,163.7688336,71.41613683,130/97,216.0041712,26.62771146,112.2236493,1.563266951,0.696683681,34.95641702,Moderate,Never,Occasional,High-fat,None,None,None,68.18689878,Fair,Normal,1.994384616,8.530918102,2.072447789,Undergraduate,Low,28
Female,155.5255758,76.01415234,154/85,267.2340623,31.42612408,117.9693492,0.657901233,0.361108254,62.96431664,Moderate,Current,Occasional,Low-carb,Hypertension,Occasional,Heart Disease,69.24984406,Fair,Excessive,6.121076647,6.757409841,10.36295083,None,High,57
Male,169.1835659,64.27024336,157/107,277.5398781,22.45399367,137.5011405,0.088821833,0.2,65.2361809,Moderate,Former,Occasional,Low-carb,None,None,None,45.22446888,Good,Normal,5.134615235,4.944000493,10.45813514,Postgraduate,Medium,89
Female,152.0793107,46.20720601,155/100,266.1384761,19.97880179,136.4169687,0.865506952,0.584009054,53.84810748,High,Current,Occasional,Balanced,None,Occasional,None,68.63838212,Good,Normal,3.392190975,5.904141948,9.415444699,High School,High,57
Male,164.2551895,85.99512183,135/99,260.5420973,31.87393018,100.2321466,1.262382396,0.713263215,35.12001655,Low,Never,None,Balanced,Hypertension,Occasional,Heart Disease,86.3569472,Poor,Insomnia,5.047065514,3.480724754,7.656323346,Undergraduate,Medium,37
Female,162.9130161,44.79037958,132/90,217.2071097,16.87614214,100.9803906,1.602815051,0.55224872,36.16212661,Moderate,Never,None,Balanced,Hypertension,Regular,Diabetes,77.97640515,Fair,Insomnia,7.101048964,9.274249936,6.980890598,None,Low,28
Male,175.911077,77.76339991,158/95,216.6940567,25.12979034,128.3364906,0.154435131,0.332177162,77.04013803,Moderate,Current,None,Balanced,None,None,None,49.65258643,Good,Normal,5.272255624,8.474014589,5.277910293,None,Low,86
Male,176.7954116,65.32189442,158/91,235.4658333,20.89858069,148.8184311,0.356900464,0.26362337,76.05536012,Low,Never,None,Balanced,None,None,None,44.89812376,Good,Excessive,8.160056346,2.361635907,8.619504085,Undergraduate,Low,87
Male,183.8928522,77.68930609,130/104,220.4788679,22.97373171,156.968902,0.892953716,0.545363134,44.43996272,High,Never,Frequent,High-fat,Diabetes,Regular,Heart Disease,68.09187839,Excellent,Insomnia,9.62852933,3.737956245,4.004938015,Undergraduate,Medium,58
Male,170.9195095,62.13881396,153/98,228.8102655,21.27059723,148.0416707,1.245087928,0.50475371,51.94251789,High,Never,Frequent,Balanced,Diabetes,Occasional,Heart Disease,64.25813234,Excellent,Normal,1.193700836,9.53530022,0.184379047,None,Medium,55
Female,162.18337,60.55791453,129/86,245.9155992,23.02280685,110.9699974,1.13855315,0.617839485,35.26996373,Moderate,Former,None,Balanced,Diabetes,Occasional,Heart Disease,61.35207725,Fair,Normal,1.168080533,4.843068646,4.031352394,Postgraduate,Medium,44
Female,149.2600031,70.46821077,146/89,225.412866,31.63052146,140.6330678,1.326921717,0.513968086,37.7894506,High,Current,Frequent,High-fat,Hypertension,Regular,None,69.87567361,Fair,Normal,3.135449306,7.82824308,1.493787937,Undergraduate,Medium,34
Female,161.610761,61.5748373,127/91,243.3062057,23.57559827,149.5504528,1.474879151,0.607350186,34.34656242,Moderate,Former,Occasional,Vegetarian,None,None,None,90.90152383,Good,Normal,5.297825351,2.559314926,5.707617012,High School,Medium,29
Male,173.3759607,70.91880535,141/94,214.849331,23.59302619,147.3272553,1.248399109,0.555363049,46.26918117,Moderate,Never,None,High-fat,Hypertension,Regular,Hypertension,82.8924676,Fair,Normal,5.309671716,6.947225519,7.140199792,Undergraduate,Medium,42
Female,165.1683652,57.61049188,166/84,294.3379759,21.11775964,125.2518542,1.133073717,0.652162584,36.87074918,High,Never,None,Balanced,None,None,None,64.3518511,Excellent,Insomnia,5.082696097,2.076540934,9.338652672,High School,High,41
Female,165.75625,61.60554633,123/90,256.8781375,22.42229116,126.1805438,1.145116562,0.527627187,32.38891147,Low,Former,None,Balanced,Heart Disease,Occasional,Heart Disease,79.99205379,Poor,Insomnia,6.359544819,9.474586639,7.275991567,Postgraduate,Medium,42
Female,167.0024908,62.86277884,146/90,301.5655993,22.53967647,164.9502591,1.528783872,0.569481139,51.32966863,Moderate,Former,Frequent,Balanced,None,None,Diabetes,52.31467559,Fair,Normal,9.666944486,3.427169012,11.79904829,None,High,34
Male,173.9009957,92.59833751,131/100,219.2481342,30.6195675,109.0868838,1.663536504,0.862042302,27.29891199,Moderate,Former,Frequent,Balanced,Heart Disease,Regular,None,64.24749104,Fair,Normal,5.983420862,6.157716575,6.040215382,High School,Low,27
Male,175.1329928,72.13126559,159/96,212.3096002,23.51730836,130.1416583,1.080192917,0.569941617,44.82638025,Moderate,Current,None,High-fat,None,None,None,60.80529702,Good,Normal,5.030080345,7.347216704,4.842509175,None,Medium,48
Female,161.9769231,59.343737,166/108,246.6514309,22.61875006,155.0004864,0.475893582,0.471937194,47.57808514,Moderate,Former,Occasional,Balanced,None,Occasional,None,46.51174407,Good,Normal,8.891985651,9.416979234,10.64024272,High School,Medium,74
Male,172.6394197,89.92542912,169/103,255.8762751,30.17189473,133.4716839,0.170477512,0.370258331,69.3415675,Moderate,Former,Occasional,Balanced,None,None,None,57.87301893,Good,Normal,4.799630752,5.140378999,10.61215517,High School,Low,83
Male,168.0720467,80.55854475,155/121,239.3013351,28.5181031,130.6927388,0.858984331,0.35976658,55.30259289,Moderate,Former,Frequent,High-fat,Hypertension,Regular,Hypertension,74.47245641,Fair,Normal,6.434642526,7.833994264,0.004750157,Postgraduate,High,62
Male,172.9583554,84.16238112,143/76,201.1188231,28.13422263,94.08924208,1.511258994,0.875940124,13.71174416,Moderate,Never,Frequent,Low-carb,Diabetes,Regular,Diabetes,73.68215008,Good,Normal,6.056366183,4.248566009,4.768512046,High School,Medium,28
Female,162.8055314,65.27294443,136/83,201.632645,24.62605763,114.8936196,1.494259295,0.534163803,15.53678157,High,Never,Frequent,Balanced,None,None,None,49.66128463,Good,Excessive,5.847032573,3.34660756,9.320541335,None,Medium,25
Male,181.6810457,85.19315623,161/99,236.4305167,25.80984917,116.8069052,-0.090931781,0.2,64.38766191,Low,Never,Frequent,Vegetarian,Diabetes,Regular,None,57.44046989,Good,Normal,9.949420608,1.848479642,4.543040784,Undergraduate,Medium,82
Female,160.775855,100.4664337,154/93,194.4883196,38.86684877,111.9084277,0.988471329,0.487897909,49.08660552,Moderate,Former,Occasional,Balanced,Diabetes,Occasional,Diabetes,63.62293215,Fair,Normal,7.163955134,4.95940194,1.104438685,High School,High,60
Female,161.4346187,86.62804079,158/107,224.0068261,33.24031632,107.0454137,0.706672676,0.50730885,42.87342887,Moderate,Former,Occasional,High-fat,Diabetes,Regular,Diabetes,71.54949739,Poor,Excessive,5.746445449,0.346294126,2.02113565,Postgraduate,High,62
Male,171.206522,87.7100117,140/82,221.6394224,29.9232361,132.7824524,0.924307899,0.538201923,66.13281605,High,Never,None,Balanced,Heart Disease,Regular,Heart Disease,65.6165523,Good,Normal,2.147234852,4.128984,3.147383602,Undergraduate,High,55
Male,169.1157749,71.8043577,159/102,237.8160877,25.1062912,95.21342094,1.165816671,0.540371071,30.7887357,Low,Former,Frequent,Balanced,None,None,None,84.66785536,Fair,Excessive,6.46925745,4.098475923,4.675603549,None,Low,37
Male,172.7899061,105.8053548,131/80,223.9577628,35.43813927,99.55020001,1.325876878,0.702505327,29.89390621,Low,Never,None,Low-carb,Diabetes,Regular,Heart Disease,77.56901082,Good,Normal,3.771352467,4.754486985,0.191337052,None,High,33
Female,169.9327465,56.04045788,125/97,233.1658885,19.40651363,111.7380814,1.821775707,0.877974919,22.94522735,High,Never,Frequent,Low-carb,Hypertension,Regular,Diabetes,50.79651705,Excellent,Normal,1.420828899,9.588363839,3.878545378,Undergraduate,Medium,22
Female,164.2922126,56.65596937,146/92,247.5448203,20.98996516,119.7900093,1.454208148,0.499990203,28.93184508,High,Never,Occasional,Balanced,None,None,None,83.35378051,Poor,Insomnia,3.923747301,6.407723801,8.200430293,Postgraduate,Medium,31
Female,174.9695026,54.4856896,129/99,264.4971738,17.79744819,112.0523559,1.096174856,0.685515807,68.47170221,High,Former,Occasional,Vegetarian,None,Occasional,None,62.78198897,Good,Normal,3.861763916,0.676660137,6.510490192,Postgraduate,Medium,50
Female,160.3763129,46.79002754,147/105,272.1076897,18.19168183,152.3641602,0.553925509,0.235947917,57.32113606,High,Current,Occasional,Balanced,None,Occasional,None,72.77589196,Fair,Excessive,1.148932588,0.120463849,10.71384624,None,Medium,75
Female,165.2288374,69.3960156,129/104,282.3460334,25.41925639,133.8932646,1.127563594,0.425290347,40.46293163,Low,Former,Frequent,High-fat,None,None,None,62.60490385,Good,Normal,7.433456188,7.843473953,10.20759882,Postgraduate,Medium,51
Female,164.4820824,62.83738169,156/103,210.9176954,23.2263459,121.2914981,0.897342821,0.240279906,43.66720245,Moderate,Never,Occasional,Balanced,Heart Disease,Regular,Diabetes,67.14773719,Fair,Insomnia,2.719914409,6.866104857,3.092406336,None,High,64
Male,178.835222,87.58711032,162/114,277.4821463,27.38634544,125.6733657,0.300255234,0.269325383,63.92478843,High,Former,None,Balanced,Hypertension,Regular,Diabetes,64.97090104,Poor,Excessive,8.237606886,9.365866968,6.079959399,Undergraduate,High,87
Female,174.4262614,77.13504903,176/111,233.0599397,25.3529217,134.7102411,0.200170332,0.2,66.09048634,Low,Never,Frequent,High-fat,None,Occasional,None,75.45469648,Good,Excessive,1.139614669,7.213243931,11.38661012,None,High,87
Female,168.4683483,42.4600688,166/111,229.2399852,14.96042936,130.5283161,0.36521929,0.2,53.35439969,High,Current,Frequent,Low-carb,Hypertension,Occasional,Diabetes,52.85052431,Good,Insomnia,8.175817115,0.169027981,11.39012858,High School,Medium,72
Male,175.3794272,82.35088994,170/99,260.6071812,26.77386088,119.5406138,0.926562975,0.600893285,42.66748521,Low,Former,Occasional,Vegetarian,None,None,None,83.01887944,Poor,Insomnia,8.709340138,6.772368735,3.838237428,Undergraduate,Medium,45
Male,181.3191592,82.19779228,181/91,234.0969979,25.0018854,144.889365,0.580980583,0.2,53.07453289,Moderate,Never,Occasional,Balanced,None,Occasional,None,71.34146987,Fair,Excessive,2.612841888,2.371176661,5.120481182,High School,High,70
Male,171.9968761,97.04618162,137/90,236.4577623,32.80479546,146.0283301,1.321945144,0.799115835,27.99578229,Low,Former,Occasional,Balanced,Heart Disease,Regular,Diabetes,68.43842674,Fair,Normal,2.716171619,8.059999558,11.89777462,Undergraduate,High,44
Female,166.2692607,62.18549356,147/96,279.53134,22.49392041,99.23403,1.090138437,0.409346011,44.69823544,Moderate,Never,Frequent,Low-carb,None,None,None,50.8034766,Fair,Excessive,6.563807391,8.96728193,10.96258728,None,Low,60
Female,154.1736179,77.46798397,161/118,272.8083489,32.5913332,157.516536,0.083002159,0.2,79.66563545,Moderate,Never,None,Low-carb,Heart Disease,Regular,Hypertension,63.69826934,Poor,Normal,8.750369094,4.761508234,9.378328019,None,High,89
Male,172.572165,73.7126804,158/95,259.4305745,24.75145355,107.0830282,0.212090918,0.2,52.53363519,High,Former,Occasional,Balanced,Hypertension,Regular,Diabetes,51.13646311,Poor,Normal,1.321504424,9.600129108,8.403187169,None,Medium,86
Male,174.3571346,65.0548129,147/89,285.1552329,21.39932064,114.4701887,0.571514384,0.561734463,43.14467559,Low,Never,None,Balanced,None,None,None,50.87242512,Poor,Normal,4.301691109,6.73262856,1.907002855,Undergraduate,Low,49
Female,169.0594275,71.50475459,142/90,233.2956477,25.01820418,122.5254121,1.41563076,0.804985087,35.45463882,Low,Never,Frequent,Balanced,Hypertension,Occasional,Diabetes,73.68809277,Fair,Normal,6.770394638,9.088516179,4.85561089,Postgraduate,High,20
Male,175.5439359,89.17522168,138/107,258.4284217,28.938268,114.8105028,0.370560348,0.2,67.73120026,Low,Current,Occasional,Balanced,Hypertension,Regular,Heart Disease,52.16294364,Poor,Insomnia,8.057530082,3.098028293,3.547625488,None,Medium,79
Male,178.0841365,44.74413923,142/93,227.7610871,14.10865742,97.90162531,1.221772858,0.736004113,49.1628528,High,Former,Frequent,Balanced,None,None,None,79.29136997,Good,Excessive,1.706856138,2.650166619,11.62354538,High School,Medium,34
Female,171.9826741,62.76159849,147/86,240.9508711,21.2189848,128.7865608,0.940155249,0.411191919,35.37887123,High,Former,Frequent,Balanced,None,None,None,67.25376897,Fair,Excessive,1.80914059,2.422363331,2.854777776,Undergraduate,Medium,47
Male,176.2488961,81.32048697,140/103,208.3267758,26.17864475,116.1227079,1.009879248,0.708270611,39.82586091,Low,Never,None,Low-carb,Diabetes,Occasional,Heart Disease,64.74623165,Good,Insomnia,3.211154524,5.949904194,1.555885044,Undergraduate,Medium,44
Male,178.5727401,79.03223998,149/91,221.7975457,24.78414639,129.2734813,0.432233371,0.585097789,47.76174603,Moderate,Never,Occasional,Vegetarian,None,None,None,67.15518292,Good,Normal,3.458048868,3.448892063,8.152927349,Postgraduate,Medium,59
Female,159.498972,67.1789299,164/89,195.457633,26.40689296,140.6495687,0.741355444,0.298156481,55.54011312,Moderate,Former,Frequent,High-fat,None,None,None,42.32353795,Fair,Normal,6.581894791,7.893769516,6.544702994,Postgraduate,Low,60
Male,177.8743796,79.33193716,151/96,232.1893429,25.0738638,133.4999743,0.924643419,0.516786921,49.23101659,Moderate,Current,None,Vegetarian,None,None,None,72.82182629,Fair,Insomnia,9.903630085,1.407287706,4.134796476,High School,Low,59
Female,168.4330121,85.17683108,146/100,217.9207242,30.02389609,148.6003666,0.932511883,0.42204824,50.85791716,Low,Current,Frequent,High-fat,Hypertension,Regular,Heart Disease,45.78299394,Fair,Insomnia,4.580145321,3.918229952,9.699559833,Undergraduate,High,56
Female,172.3866279,63.8932578,149/109,263.0023132,21.50046653,157.2795031,0.820468749,0.251032993,54.70443157,Moderate,Former,Frequent,Balanced,None,None,None,60.77863577,Good,Excessive,6.582028536,6.451495567,7.758983014,Postgraduate,Low,71
Male,168.9564998,83.57210973,150/82,207.2028892,29.27598785,131.7888321,1.399309603,0.569029157,44.96192961,Low,Current,Occasional,Balanced,Diabetes,Regular,None,74.52931935,Poor,Excessive,1.73288591,9.131981082,4.852436161,High School,High,37
Male,173.6760865,90.24387916,165/103,267.7050419,29.9183547,147.7316313,1.456748209,0.42630633,35.54351925,Moderate,Never,None,Balanced,None,None,None,60.9773632,Excellent,Normal,1.041122527,3.509638102,9.557222131,High School,Medium,47
Female,164.5760483,71.61603108,116/86,206.3170552,26.44094596,130.6723583,1.595783197,0.691198792,23.56665088,Low,Current,Frequent,High-fat,Diabetes,Regular,Diabetes,63.55835353,Fair,Normal,2.699422035,1.169718868,11.0192572,None,High,25
Male,171.669411,49.86954699,142/75,252.6180185,16.92191811,135.5885023,0.924733543,0.532099952,40.04849742,Low,Never,Occasional,Low-carb,None,None,None,77.0184231,Excellent,Excessive,3.978076513,0.467873575,10.02514243,Postgraduate,High,38
Male,176.1541254,88.00934402,145/109,235.0030013,28.36241106,148.9060714,0.78588962,0.365534682,40.97389765,Low,Former,None,High-fat,Diabetes,Regular,Heart Disease,43.32734743,Poor,Insomnia,1.310117654,4.249056753,10.75963316,Undergraduate,Medium,50
Male,177.9167939,93.07405812,163/108,214.8506672,29.40321114,110.1228317,1.33016483,0.554521859,48.35730315,Moderate,Current,None,Balanced,None,None,None,67.00687452,Good,Insomnia,5.657279655,7.309966266,10.91366912,Postgraduate,Medium,41
Female,169.8026911,67.35519444,153/102,229.782585,23.36049045,142.1549004,0.860677299,0.251397338,67.46386212,High,Never,Frequent,Balanced,None,None,None,61.34046601,Fair,Insomnia,2.506248031,2.151125911,3.642366982,Undergraduate,Medium,69
Female,160.9734843,45.73249462,108/81,237.97382,17.64884151,127.6490759,1.329730466,0.652386274,38.94863226,Moderate,Never,Occasional,Low-carb,None,None,None,58.26426742,Excellent,Insomnia,8.458256168,5.22844008,10.90083055,None,Low,40
Female,168.4054586,90.13891973,138/90,247.5788616,31.78337559,117.5495556,1.529442776,0.840296823,40.17998602,Moderate,Former,None,High-fat,Diabetes,Occasional,Hypertension,106.4798308,Good,Insomnia,4.179649148,9.49773153,4.964764186,Undergraduate,Low,24
Male,178.290535,95.61475978,129/95,219.4298559,30.07934411,135.3173191,1.413443603,0.815602051,48.23492437,High,Current,None,High-fat,Heart Disease,Regular,Diabetes,69.26517335,Fair,Normal,2.728684847,0.666311134,7.319769173,High School,High,29
Male,187.057495,75.98667663,174/115,249.4601908,21.7163695,112.5291739,0.45141844,0.2,66.65548187,Moderate,Current,None,Balanced,None,None,None,52.38673475,Fair,Normal,5.689428926,8.376723848,2.354002787,Postgraduate,High,73
Female,169.128006,68.53237089,116/94,250.3734326,23.95877999,118.3216193,1.455163626,0.679040763,34.37065625,Moderate,Former,None,High-fat,None,Occasional,Diabetes,78.01015541,Excellent,Insomnia,6.728889062,7.60074801,8.349355834,High School,Low,34
Female,171.9448332,71.12255384,139/95,258.7549004,24.05631391,124.9914309,1.105349363,0.669759757,34.53435614,High,Current,None,Balanced,None,None,None,65.12284902,Poor,Excessive,2.0186904,2.935023779,4.14512684,High School,High,40
Male,173.6283233,94.13516023,161/91,273.2730966,31.22559506,149.2236314,1.012803902,0.548386596,61.1453006,High,Never,Occasional,Balanced,Heart Disease,Regular,Diabetes,57.9981731,Fair,Normal,3.329440581,8.931226015,1.774071572,High School,Medium,56
Male,189.5549839,90.48696669,145/92,205.7729841,25.18347255,90.00942822,1.123014489,0.479988986,36.92695724,Moderate,Current,None,Balanced,Diabetes,Regular,Heart Disease,85.01410363,Good,Normal,6.131217068,8.797045635,8.60728279,Undergraduate,High,51
Female,159.3261945,66.87816815,169/83,199.1518493,26.34571578,127.9954586,1.2605808,0.653674438,16.97106669,Low,Never,None,High-fat,Hypertension,Occasional,Heart Disease,72.78182881,Fair,Normal,2.18612336,5.722496697,1.933986893,Undergraduate,Medium,35
Male,182.8983498,78.60250285,146/82,216.8649545,23.4972372,109.6277955,1.515676685,0.633193106,23.73222413,Low,Never,Occasional,Balanced,Heart Disease,Regular,Hypertension,76.90925467,Poor,Excessive,1.513813223,0.683463021,9.31861106,Undergraduate,Low,22
Male,187.3586145,84.09190935,150/89,253.1643816,23.95559054,125.5184822,0.957291804,0.331422786,37.08801869,High,Former,None,Vegetarian,None,None,None,79.68873123,Fair,Normal,6.716053205,6.618572785,1.480572381,High School,High,57
Male,171.032484,80.69682782,152/105,245.8129569,27.58666852,136.9508461,0.626369662,0.306584699,57.25337429,Moderate,Current,Occasional,Low-carb,None,None,None,56.5902974,Good,Insomnia,6.810245942,5.9946024,2.19534484,High School,High,78
Male,179.5235657,75.36492031,170/92,228.8629147,23.38440442,132.8228881,0.459127985,0.2,48.683143,Moderate,Former,Occasional,Low-carb,Hypertension,Regular,None,68.45630185,Fair,Insomnia,5.788763015,6.284663369,10.58325895,Undergraduate,Low,66
Female,156.9884104,72.26370744,158/91,222.4948439,29.32142378,110.4125289,0.383253386,0.247972218,52.07228615,Low,Never,None,Balanced,Heart Disease,Regular,None,73.40342658,Good,Excessive,5.583391211,5.156342963,6.307738366,None,High,62
Female,161.1268273,59.08863779,162/98,223.1588536,22.75979084,148.655703,0.534895162,0.378930386,37.1389695,Low,Current,Occasional,Balanced,Heart Disease,Occasional,Diabetes,50.53926841,Good,Normal,6.268627371,6.010311115,0.65698767,None,Low,64
Female,171.472104,69.56561002,178/101,266.2724702,23.6596134,122.6249823,0.245326149,0.2,69.08947533,Low,Former,Frequent,Balanced,None,Occasional,None,66.20557195,Fair,Normal,4.054029248,4.588969024,7.04905865,None,Medium,89
Female,161.9815694,55.00656888,125/84,236.5684294,20.96444411,144.8202319,1.307748098,0.725569227,31.69608234,Low,Former,Frequent,Balanced,None,None,None,78.62435363,Fair,Excessive,4.780700738,1.44435786,6.060892233,Postgraduate,Medium,31
Female,161.6299414,72.06487413,144/79,225.2038196,27.58544547,137.9190512,1.511663097,0.667303963,36.50864871,High,Former,Occasional,Balanced,None,Occasional,None,83.18034303,Good,Insomnia,6.332843357,0.821886406,9.189180411,Undergraduate,High,35
Female,155.9985024,68.26993772,146/104,227.8290151,28.05360309,122.1529242,0.997201891,0.447246535,60.53567917,Moderate,Former,Occasional,Balanced,Diabetes,Regular,Diabetes,65.09104381,Good,Normal,4.426903341,5.153999675,1.624137793,Postgraduate,Low,53
Female,176.6110802,72.44597343,139/104,222.2275691,23.22621055,128.0931677,0.680144822,0.417372189,59.09730413,Moderate,Current,None,Balanced,None,None,None,53.52123313,Fair,Excessive,3.061670868,7.384059054,9.925177143,Postgraduate,Medium,59
Female,169.1119743,74.91222357,142/84,267.2306403,26.19412939,117.9309201,0.935683267,0.696654879,32.768858,Low,Never,None,Low-carb,Heart Disease,Occasional,Heart Disease,72.8888796,Fair,Normal,1.106781734,7.237314285,8.35889082,High School,Medium,51
Male,166.7703897,90.5638424,146/95,227.6422222,32.56244095,152.1262317,0.641367912,0.274111912,54.73247869,Moderate,Former,None,High-fat,None,None,None,60.50861316,Poor,Excessive,5.351053251,9.580952836,6.766548138,High School,High,76
Female,167.2531164,71.33944318,128/100,204.8932187,25.50241318,122.4993602,1.594378085,0.708585741,32.56116069,High,Current,None,Balanced,Diabetes,Regular,None,81.46905147,Excellent,Excessive,7.635705367,8.749380693,11.65385495,High School,Medium,27
Male,160.3665793,75.35615524,167/105,249.4331831,29.30157744,121.3192983,0.373422031,0.388233184,59.82125715,Moderate,Never,None,Vegetarian,None,None,Hypertension,52.93677621,Fair,Normal,4.242252094,5.20385453,8.811684727,Postgraduate,Medium,81
Female,154.4002206,64.42282857,127/97,228.2918251,27.02364682,136.5433584,1.512184857,0.627813374,46.75796966,Moderate,Former,Frequent,Vegetarian,Diabetes,Regular,Heart Disease,79.53653479,Fair,Normal,7.046980728,1.630606575,1.048124115,Postgraduate,Medium,36
Male,182.1362305,91.19566265,152/104,248.4708475,27.49042759,152.7803968,0.66382847,0.395884647,53.28926997,Low,Former,Frequent,Low-carb,Hypertension,None,Heart Disease,66.23526599,Good,Normal,4.765804626,9.067555693,8.925595657,Undergraduate,Low,69
Male,172.5397914,61.19041349,145/95,189.988611,20.5544022,139.9526004,1.179129189,0.53497124,47.49564588,Moderate,Never,None,Balanced,None,None,None,73.76562063,Fair,Normal,7.231015708,3.516095153,9.297342523,None,Low,42
Female,171.206489,66.39268666,125/88,244.2751845,22.6506047,107.6656397,1.431940516,0.865032308,32.60169157,High,Never,Occasional,Low-carb,Hypertension,Regular,None,87.51846967,Fair,Normal,3.920716061,5.497819127,4.143271544,High School,Low,20
Male,170.177742,92.02032172,153/98,211.8830551,31.77446402,128.0010441,1.187433246,0.875622274,34.03228288,Moderate,Former,Occasional,Low-carb,Heart Disease,Regular,Diabetes,50.16723946,Fair,Normal,5.669991527,7.120823621,0.789249943,None,Low,32
Female,152.2328468,58.72423771,156/100,219.7501149,25.33965222,129.8112434,1.668157589,0.670676888,25.19255983,Low,Never,None,Balanced,None,None,None,75.82754206,Excellent,Normal,6.057913652,7.0447297,11.17524903,Undergraduate,Low,28
Male,168.6334846,99.05903492,132/80,212.0148889,34.83424998,119.9341966,1.713796936,0.530292693,33.03247171,Low,Never,Occasional,Vegetarian,Heart Disease,Occasional,Hypertension,71.33691222,Poor,Insomnia,1.663023446,7.180324452,6.038325781,Postgraduate,Medium,24
Female,172.7683897,55.90788886,115/105,196.4246266,18.73029091,150.7456447,1.232568126,0.697416587,44.6118689,Moderate,Former,None,Balanced,None,None,None,78.02040771,Poor,Excessive,1.636145397,6.452071377,5.825947707,Undergraduate,Medium,39
Female,167.8433727,68.42636564,150/106,231.653566,24.28930443,129.6294435,0.465896705,0.2,61.77611323,High,Former,Occasional,Vegetarian,Hypertension,Regular,Diabetes,62.72559837,Excellent,Insomnia,2.523913236,5.150158293,7.647350872,Undergraduate,Low,78
Male,167.7801091,69.37552911,152/107,217.4416743,24.6448037,134.9778168,1.081377342,0.558404928,58.0896885,Moderate,Former,None,Balanced,None,None,None,75.64327057,Good,Normal,2.404814709,4.749669002,9.137463974,High School,Medium,56
Male,182.3543438,78.06333814,160/97,191.3662803,23.47550225,130.9704338,1.073981171,0.540668919,39.56627564,Low,Former,Frequent,Balanced,Hypertension,Regular,Heart Disease,61.91534002,Good,Excessive,9.620846393,9.06714109,9.425995577,None,Low,41
Male,180.0405487,77.78035842,146/104,275.8422456,23.9954713,118.5397505,1.265330104,0.685647445,35.95764956,Moderate,Never,Occasional,Balanced,None,Occasional,None,82.12206611,Fair,Insomnia,8.641672958,8.187053999,10.75951602,None,High,29
Female,162.7711043,62.15845057,140/91,249.3101242,23.4609482,110.957119,0.88527285,0.492566251,49.86995917,Moderate,Current,None,High-fat,Hypertension,Regular,Diabetes,74.88783078,Poor,Insomnia,6.875961839,9.702882504,2.639846046,High School,High,51
Male,176.0318574,78.54742699,140/106,242.87389,25.34833397,91.2036169,0.650984629,0.339224807,56.15885774,Low,Current,None,Low-carb,Hypertension,Occasional,Hypertension,60.06134957,Excellent,Excessive,5.71835895,0.367659924,8.198674973,Postgraduate,High,58
Male,168.8797333,66.31793022,168/101,243.7547451,23.25283418,110.4521611,0.380510455,0.2,45.77129002,Moderate,Former,None,Balanced,None,None,Hypertension,58.75867752,Poor,Insomnia,8.44308392,9.006993839,10.06965635,Undergraduate,High,82
Male,183.7283317,69.41802875,119/78,244.0652483,20.56458803,121.8385672,1.286723795,0.660706058,58.10085713,Moderate,Former,Occasional,High-fat,Heart Disease,None,Diabetes,69.76038822,Good,Insomnia,2.717428208,4.34075498,8.37533444,Undergraduate,Medium,36
Female,168.7315657,81.43522152,144/96,235.8891901,28.60352841,105.7321928,1.181835275,0.551029049,50.85893255,Low,Former,None,Vegetarian,Diabetes,Regular,Hypertension,65.305414,Good,Excessive,6.645238018,5.103180194,6.340328321,Postgraduate,Low,40
Male,175.9185875,73.34338034,130/108,242.1368009,23.69940615,104.0382148,1.001199211,0.637048847,40.03059842,High,Never,None,Vegetarian,Hypertension,Regular,None,57.15513333,Good,Normal,6.678593695,3.988688877,0.573349634,High School,High,49
Male,165.3964877,59.4775799,151/108,238.0733095,21.74206168,129.0853737,0.592092626,0.204453356,50.60119953,Moderate,Former,Occasional,High-fat,None,None,None,71.53416631,Good,Normal,5.311515627,3.194264574,3.613777081,High School,High,70
Female,166.3453796,61.12282001,136/102,268.6675995,22.08929719,125.1166748,1.050701323,0.5562653,29.51930128,Moderate,Current,None,High-fat,None,Occasional,None,63.34303787,Good,Normal,6.732319971,1.782097984,5.700082101,Undergraduate,High,44
Male,178.3853996,81.04072555,119/92,261.7956242,25.46740587,91.43714701,1.830110302,0.932234555,26.20496649,Moderate,Current,None,Vegetarian,Heart Disease,Occasional,Heart Disease,81.4325468,Good,Insomnia,5.021904753,1.013293006,10.74430702,Undergraduate,Medium,19
Female,165.540281,68.20254647,144/103,237.0348804,24.8881843,150.6770992,0.739333642,0.529288249,43.1269086,Moderate,Never,Occasional,Low-carb,Heart Disease,Regular,None,68.14605101,Fair,Normal,9.096340832,9.778345743,1.589862694,None,High,56
Female,166.7770978,52.35138637,146/105,256.9527676,18.82154901,150.5278704,0.919486894,0.231044535,56.11421707,High,Never,Occasional,Low-carb,Hypertension,Occasional,None,70.30552743,Good,Insomnia,5.700968544,5.989913826,0.246343416,High School,Medium,75
Male,182.4025728,60.92631744,144/89,234.2505164,18.31230484,113.0983261,0.839912243,0.614173186,35.07907249,Moderate,Current,Occasional,High-fat,Diabetes,Regular,Diabetes,64.16170446,Excellent,Insomnia,7.740301805,9.23102653,0.036166279,None,High,45
Male,180.3598269,80.61741281,109/78,210.9210653,24.78273524,97.67448081,1.5609894,0.74562567,26.4486601,Low,Current,None,High-fat,Hypertension,Occasional,Heart Disease,82.23804797,Fair,Normal,8.791202945,6.220001533,7.384613119,Undergraduate,Low,22
Male,171.0491319,79.04335582,159/88,239.1586485,27.01616009,107.0170386,1.030410872,0.423003385,56.45292185,Moderate,Never,None,Low-carb,Diabetes,Regular,Hypertension,64.55105781,Good,Excessive,4.718292409,6.312178109,11.7879992,Undergraduate,Medium,58
Female,152.3785684,69.39697027,138/103,239.4851701,29.88771632,111.6552241,0.782399808,0.53397925,39.64624213,High,Never,None,Vegetarian,Heart Disease,Regular,Heart Disease,59.79040703,Good,Normal,4.834491014,4.868742945,0.108040963,None,High,52
Male,178.6839773,71.06036308,137/82,268.1284327,22.25646573,103.5955682,0.804842874,0.2,60.41089739,High,Former,None,Balanced,None,None,None,52.20207623,Fair,Excessive,1.100514388,1.126906018,10.32811031,Undergraduate,Medium,68
Male,170.832255,89.36626046,136/93,198.9766783,30.62202014,102.2143388,1.012597138,0.517747689,38.74204921,High,Current,None,High-fat,Hypertension,Regular,Heart Disease,80.70452498,Fair,Insomnia,8.083211181,1.222221076,7.010978855,None,Low,46
Female,155.964469,32.53767214,124/78,240.0357321,13.3762734,107.3507307,1.43456711,0.785795427,28.82394966,High,Never,Frequent,Vegetarian,None,Occasional,None,66.65686557,Poor,Insomnia,2.749349812,7.865470671,10.96430798,Undergraduate,High,33
Female,159.8395765,54.17405299,123/88,219.8052249,21.20423886,112.5007212,1.447329807,0.625587251,41.80428872,Moderate,Former,Occasional,Balanced,None,Regular,None,67.00475634,Excellent,Normal,2.435810447,2.581833132,0.668586237,High School,Medium,31
Female,159.8311884,55.97205601,145/95,210.5422848,21.9102939,111.4618119,1.046076785,0.455383796,32.96565404,Low,Never,Frequent,Balanced,None,None,None,71.19568895,Fair,Normal,3.001839453,8.326768619,11.6172947,Postgraduate,High,47
Male,173.1854434,82.07572567,165/118,263.7433908,27.3647799,156.8347597,0.337684283,0.2,63.30534465,Low,Never,Occasional,Balanced,Heart Disease,Occasional,Diabetes,41.49096098,Poor,Excessive,7.045497379,1.463584506,9.235400629,High School,High,88
Male,171.8956109,89.72415082,178/109,236.0755302,30.36545416,139.6531084,0.223302852,0.2,65.45837224,Moderate,Current,Occasional,Balanced,None,None,None,73.03727781,Good,Insomnia,2.362770605,0.819232298,11.65025504,Postgraduate,Medium,79
Female,168.4625545,73.49919457,155/89,227.7723634,25.89857187,142.6687342,0.446607661,0.218864111,48.27345154,Low,Never,None,Vegetarian,Heart Disease,Occasional,None,70.06715277,Fair,Insomnia,3.417444838,4.39044026,2.073470455,High School,High,64
Male,169.2163188,105.4874721,150/90,242.8377831,36.83972665,154.2174568,0.409605463,0.405817442,38.04770993,High,Former,Occasional,Low-carb,Diabetes,Regular,Heart Disease,47.6301634,Good,Normal,9.877188055,6.426207005,8.506992878,Undergraduate,Medium,70
Female,155.3777607,59.50333343,137/98,259.0719835,24.64697246,152.0372139,0.832241809,0.329130956,61.57823852,Moderate,Current,Frequent,Balanced,None,None,Diabetes,75.84153451,Fair,Normal,8.866429188,9.708470235,3.462240111,None,High,75
Female,168.7122057,46.20324386,177/116,269.1345424,16.23227759,152.6650478,0.667441243,0.2,61.09438386,High,Never,None,Low-carb,Hypertension,Regular,None,62.14871092,Fair,Insomnia,2.232824749,0.558342297,3.057576159,None,Low,74
Male,183.9899632,80.87509276,139/109,237.9380355,23.89057084,156.3276967,0.330899121,0.226440886,59.10648823,Low,Former,None,Balanced,Hypertension,Regular,None,45.6518718,Good,Normal,8.641545147,5.825375067,6.497097085,None,Medium,76
Female,170.4331803,55.94759707,159/104,244.0600469,19.2607477,127.1682035,0.403137952,0.300090808,54.16509848,High,Former,None,Vegetarian,None,None,None,57.73546933,Good,Normal,5.507230117,9.314933891,8.907890629,Undergraduate,High,70
Male,177.851311,92.40562186,146/93,227.0359803,29.21354442,136.7406105,1.692050827,0.736591678,29.10128233,Moderate,Never,None,Balanced,Hypertension,None,Heart Disease,75.97309107,Fair,Excessive,3.210869374,6.796005639,11.57315986,High School,Low,30
Female,157.7207055,79.55630939,125/87,209.7957557,31.98138047,102.3737275,1.339759827,0.356813537,29.70467656,Moderate,Never,Occasional,Low-carb,Heart Disease,Occasional,None,72.23828083,Excellent,Normal,8.292998817,7.185480698,11.7109826,High School,High,27
Male,186.2068204,106.5775433,123/94,233.2407869,30.73792427,101.1542376,1.577005758,0.806976706,20.85557199,Low,Former,None,Vegetarian,Hypertension,Regular,Heart Disease,59.51362373,Fair,Normal,4.145636099,1.730541911,5.568758903,None,Medium,23
Male,186.5465605,85.71680407,142/93,205.3192124,24.63153505,109.6778398,1.204793417,0.608244344,36.16112413,Moderate,Former,Frequent,Balanced,Hypertension,Occasional,Hypertension,73.86562667,Poor,Normal,2.050325207,5.572274999,0.556805068,None,Low,39
Male,175.1213857,71.93602366,164/95,230.6619933,23.4567618,134.3082652,0.865103977,0.451924903,48.81059815,High,Never,Frequent,Low-carb,None,None,None,67.51454665,Good,Normal,1.756533141,7.685835847,9.944205104,High School,Low,47
Female,151.1579962,54.78547471,115/84,212.8332474,23.97746011,152.7439876,1.139174642,0.552558246,38.19344546,High,Never,None,High-fat,None,None,Diabetes,53.99382031,Excellent,Normal,2.772667035,3.848990957,5.649478496,None,High,43
Female,161.6814111,76.56006963,144/92,248.674515,29.28748896,103.4081957,1.086566352,0.50604501,38.8163455,Low,Former,Occasional,Low-carb,Heart Disease,Regular,None,68.21529347,Fair,Excessive,7.795188586,5.199030209,11.98247599,None,Low,50
Male,172.5717877,63.73609559,156/105,254.8678386,21.40158111,143.4879724,0.663844932,0.3075313,56.55226883,Moderate,Former,None,High-fat,Hypertension,None,None,67.69103609,Poor,Insomnia,3.7299182,9.232795413,10.93456693,None,Medium,72
Male,172.9823259,86.4601673,137/96,210.8780511,28.89432856,139.3942631,1.51214323,0.635150096,29.00301885,Low,Former,None,Balanced,None,None,None,70.69038338,Excellent,Normal,4.79694678,5.254767283,0.438830341,High School,High,21
Female,163.480059,62.09896562,175/95,232.0229506,23.23564832,151.065901,0.356588457,0.380936763,56.94042789,Moderate,Current,Occasional,High-fat,None,None,Diabetes,72.2528001,Fair,Excessive,4.056136096,0.425812254,5.341541332,None,Low,63
Male,170.6352428,94.29152188,132/79,231.4315218,32.38434936,95.49802093,1.927309396,0.717687745,37.56701016,Low,Never,Frequent,Low-carb,None,None,None,73.10516691,Good,Normal,8.610300246,5.209526347,11.03379877,High School,Low,18
Male,177.2200497,84.34173247,137/87,220.5598048,26.85448385,110.4946599,1.306766916,0.786786208,44.02473564,Moderate,Former,None,Balanced,Hypertension,Regular,Heart Disease,60.75124774,Excellent,Normal,9.870190185,1.554462809,2.556183673,Postgraduate,Medium,35
Female,163.0818867,66.05713566,132/109,271.7813003,24.8375231,122.8319094,0.699846793,0.445843922,39.53699355,Low,Former,Occasional,Vegetarian,None,Occasional,Diabetes,59.29788899,Good,Normal,9.520688841,0.720299053,7.088103725,High School,High,61
Male,172.3096564,92.26011133,174/102,237.6333817,31.07382684,152.7313158,0.247969702,0.235274014,70.10172934,Low,Former,Occasional,Vegetarian,Hypertension,Occasional,Diabetes,60.60247531,Fair,Normal,6.341988021,6.486974593,6.704240802,Undergraduate,High,79
Female,180.1138372,63.8541537,132/95,243.1092101,19.68316786,167.1814683,0.646105741,0.355278537,56.45055483,Moderate,Former,None,High-fat,None,None,None,62.2576616,Good,Insomnia,4.626328122,9.956461374,2.546461754,None,High,66
Female,159.0169578,85.67085369,156/107,196.9108102,33.88021935,113.9507249,0.840322286,0.376243361,49.5431331,Low,Former,None,Balanced,Diabetes,Regular,Hypertension,71.54918899,Fair,Normal,1.530058865,1.880600607,4.204181242,Postgraduate,Medium,53
Male,176.4511824,100.9764544,134/83,229.396858,32.43179388,118.2867997,1.415582427,0.640775019,40.53183821,Moderate,Former,Occasional,Low-carb,Diabetes,Occasional,Heart Disease,66.33426338,Good,Excessive,7.905924361,6.878191749,0.148796734,High School,Medium,36
Male,179.6908486,86.96908033,115/85,213.8733885,26.93475058,116.537498,1.377286395,0.656072991,46.89737682,Low,Former,Frequent,High-fat,Diabetes,Regular,Diabetes,61.3607975,Excellent,Insomnia,6.19567002,0.157675046,2.432349186,High School,High,29
Male,180.7815282,97.49571338,154/74,241.3774212,29.83165961,104.5543687,1.361619414,0.624815296,25.92425912,Moderate,Former,Frequent,Vegetarian,None,None,None,76.91731326,Poor,Insomnia,7.216559353,3.078018456,0.49316165,Postgraduate,High,31
Female,155.3085682,42.6789812,118/84,240.078438,17.69388547,122.557149,1.14598667,0.753932909,25.02835302,Moderate,Never,Frequent,High-fat,None,Occasional,Diabetes,73.90475899,Poor,Excessive,7.101328737,3.969091219,1.636070007,High School,Medium,37
Male,173.0493602,88.91553173,173/105,281.8060319,29.69187573,146.1275212,0.549824502,0.273220901,75.38999775,Low,Former,None,Vegetarian,None,Occasional,None,56.8923707,Poor,Excessive,8.279896434,5.301101547,1.710707936,High School,Medium,79
Female,163.7518201,59.06309505,166/94,231.250482,22.02642067,117.1922842,1.241546073,0.633823413,40.56977763,Moderate,Former,Frequent,Low-carb,None,None,None,65.84327958,Fair,Insomnia,2.049903863,1.692418713,6.992846816,Postgraduate,Low,52
Female,163.89134,69.53253894,129/91,205.7250527,25.88666332,114.6453297,1.235007676,0.652898602,53.70429078,Low,Current,Frequent,High-fat,Diabetes,Regular,Hypertension,70.5402996,Good,Normal,2.816099029,0.721254325,1.684669733,Postgraduate,Medium,40
Female,160.1879706,56.537391,139/92,250.4659769,22.03311823,142.3574808,1.200801989,0.641284337,51.79801491,High,Current,Occasional,Balanced,None,None,None,87.64483103,Fair,Normal,4.849339316,9.572953989,2.57830043,Postgraduate,Low,45
Female,162.5918908,64.19930334,150/90,210.1006582,24.28468934,118.8177353,1.438486671,0.751612151,13.69643598,Moderate,Current,Occasional,Low-carb,Diabetes,Regular,Hypertension,69.51623203,Poor,Normal,3.596680095,1.041271376,0.132634237,None,Low,23
Female,162.4316502,50.43883894,163/112,216.468729,19.11717729,116.0829186,0.340842218,0.29174629,49.12035967,Moderate,Never,None,Vegetarian,Heart Disease,Regular,Heart Disease,43.90447395,Fair,Normal,5.661076964,1.839194146,7.008699774,None,Low,76
Male,178.4187275,86.31908168,158/95,219.9088505,27.11601941,148.0739701,0.754214194,0.32067698,62.81018157,Moderate,Former,Occasional,Vegetarian,Hypertension,Occasional,Heart Disease,43.54072778,Fair,Normal,3.503279024,1.581379843,0.872076464,High School,Low,70
Male,177.0076275,83.58086023,141/93,257.8638579,26.67613303,127.9706006,0.799292538,0.380228744,60.11130502,Low,Never,None,High-fat,Diabetes,Occasional,None,66.8232997,Good,Normal,9.49571562,9.664603373,0.041059258,None,High,60
Female,161.9818375,58.16746375,149/109,230.4621652,22.16907053,115.8515596,0.357894987,0.274620728,55.96596437,Low,Never,None,Vegetarian,Hypertension,Regular,Heart Disease,49.65040941,Poor,Insomnia,9.100081577,5.250389022,1.9947723,Undergraduate,Medium,77
Female,165.3268919,67.38747883,140/103,212.5253357,24.6542733,121.6975703,1.130071969,0.464414013,70.56965671,Moderate,Former,None,High-fat,Hypertension,Regular,Hypertension,80.42017897,Good,Normal,9.062015925,4.290462184,7.214105384,None,Low,53
Male,173.9382709,64.38147515,140/81,224.6185028,21.27995114,109.6475236,1.22928291,0.498528092,51.63132891,Moderate,Current,Frequent,Balanced,Hypertension,Regular,Heart Disease,79.74492745,Poor,Insomnia,6.138203871,7.874829117,11.8412231,Undergraduate,High,37
Female,157.9462383,68.36325934,154/97,246.5459465,27.40338336,108.3583778,0.93142767,0.378818997,40.98929979,Moderate,Former,Frequent,Low-carb,Heart Disease,Regular,Hypertension,58.11152325,Good,Normal,3.76834254,7.275223386,0.714036329,Undergraduate,Medium,63
Female,159.8195205,80.89689443,176/100,251.6020559,31.67176037,127.4603249,0.251715026,0.2,64.20990747,Moderate,Current,None,Balanced,None,None,None,54.80018169,Fair,Normal,3.363071111,4.252490425,10.97431944,Postgraduate,Medium,89
Male,179.2032452,75.02875859,128/111,221.8599635,23.36339871,119.6479285,0.658926641,0.336110373,47.83807205,Moderate,Former,Frequent,Balanced,None,None,None,60.18108295,Good,Normal,9.27095627,2.972292782,11.64314021,Postgraduate,Medium,61
Female,158.7937878,67.92329585,132/70,171.0277689,26.93715555,105.7472142,1.890631911,0.800850692,33.73031775,Moderate,Former,Occasional,Vegetarian,Diabetes,Occasional,Hypertension,43.34784545,Good,Insomnia,4.479167646,6.981486548,6.84220227,None,High,18
Male,174.9680496,81.71318981,119/85,213.8606763,26.69160337,144.0332566,1.34565117,0.782762663,38.09643644,High,Never,Occasional,Balanced,None,Occasional,Diabetes,69.67378501,Fair,Excessive,1.407509566,3.315094177,1.585491723,Undergraduate,High,32
Female,159.1451293,64.95121776,131/81,235.5018354,25.64487552,101.1066688,1.617040809,0.583877086,33.19810741,High,Former,None,High-fat,Diabetes,Occasional,None,80.61690616,Fair,Excessive,4.964270674,0.654070774,8.887717312,Postgraduate,Medium,31
Male,179.3581246,80.18956031,157/81,218.7595143,24.92732774,111.4075795,1.347638598,0.59185329,17.04645375,Moderate,Current,None,Balanced,None,Occasional,None,76.39113456,Excellent,Normal,4.392342594,6.477478744,10.92412996,Undergraduate,Low,31
Male,171.7893856,84.121421,143/96,233.0145659,28.50453413,146.4219958,0.379570376,0.323785969,48.34162862,Low,Current,Frequent,High-fat,Heart Disease,Regular,Diabetes,52.67904492,Good,Insomnia,9.426922375,7.444431116,10.66131966,Undergraduate,High,67
Female,154.6520873,71.15674145,149/109,257.3075299,29.75119949,121.7114273,0.678388822,0.209723954,41.3928226,Low,Current,Frequent,Balanced,None,None,None,63.79150898,Fair,Normal,9.861194512,7.972796345,5.615139795,Undergraduate,Low,78
Male,183.3958255,79.26649129,135/93,246.0790276,23.56734953,100.9341745,1.19188616,0.601721439,25.87815102,High,Former,None,Balanced,Heart Disease,Regular,Diabetes,72.08020384,Excellent,Excessive,3.167123328,4.619369549,7.330242338,None,Medium,41
Female,176.3381158,57.69566633,128/107,164.7206552,18.55456605,139.6217073,1.301285906,0.45054942,57.50471922,Moderate,Never,None,Balanced,Hypertension,Regular,Diabetes,62.76343654,Excellent,Excessive,7.779053368,8.343556918,2.504169076,Undergraduate,Low,61
Male,173.4047929,84.35537487,146/82,239.199588,28.05372692,143.3743147,0.955598248,0.417412627,58.61650372,Low,Former,Occasional,Low-carb,Hypertension,Regular,Hypertension,60.93215536,Good,Normal,9.695501739,6.686018535,6.238706363,Undergraduate,Low,44
Female,164.3248687,59.46908961,134/83,215.9772025,22.02341701,105.7863121,1.102424948,0.578594834,59.59600755,High,Former,Frequent,Balanced,Heart Disease,Regular,None,64.79444015,Good,Insomnia,2.724589749,5.907065335,6.417685548,High School,Medium,49
Female,161.621797,60.77427104,145/103,199.1174779,23.26590209,117.0174808,1.438530606,0.716465081,17.50077378,High,Current,None,High-fat,None,None,Diabetes,64.04132563,Fair,Insomnia,8.301822691,7.808226089,10.32307476,Postgraduate,High,41
Male,176.2736443,82.4461704,159/94,214.8328438,26.53357209,121.2444806,0.78321752,0.305064285,34.60208854,Low,Never,None,High-fat,Diabetes,Regular,Diabetes,74.27953518,Fair,Insomnia,6.321162691,3.886776573,2.156314611,Postgraduate,High,59
Female,173.8643194,66.32630411,160/99,234.3181643,21.94142694,114.4324777,0.092183479,0.2,73.73085019,Moderate,Current,Frequent,Balanced,Hypertension,None,None,53.95580647,Good,Normal,5.666847253,1.832024612,11.70688651,Postgraduate,High,87
Female,162.2603771,60.66891528,117/90,250.6315148,23.04311928,127.364295,1.035669619,0.658829104,29.6722504,Moderate,Former,Frequent,Vegetarian,None,Regular,Hypertension,69.92861885,Fair,Insomnia,1.165932816,9.703855397,5.475767118,Postgraduate,Medium,34
Male,171.8225815,97.72021596,165/108,257.8482741,33.09969092,161.7196337,0.248351567,0.2,74.30071202,Moderate,Former,Occasional,Vegetarian,Diabetes,Regular,None,36.53409782,Good,Normal,6.702269915,3.242513906,10.30817377,High School,Low,89
Male,177.7544836,70.25858428,159/116,283.4903932,22.23608197,132.7475019,0.210958191,0.2,64.79609169,Moderate,Never,Occasional,Low-carb,None,None,None,54.91757537,Good,Excessive,6.199260589,5.167264374,11.56393821,None,High,80
Female,164.7678362,71.36545113,159/92,249.7448006,26.28712793,161.9941298,0.398707847,0.286705515,56.76505759,High,Former,Occasional,Balanced,None,None,None,57.30912605,Poor,Insomnia,1.863721882,3.669193225,2.930011046,High School,Medium,74
Female,158.7752392,66.17683765,151/109,268.5253421,26.25067399,175.4632649,0.547932369,0.22838264,42.57043785,Low,Former,Occasional,High-fat,Diabetes,Regular,Diabetes,59.62134067,Poor,Insomnia,6.327483643,1.363333668,7.315775178,High School,Medium,84
Female,167.572535,61.27439385,133/82,192.0753727,21.82093444,138.3519875,1.546126693,0.97420593,36.99597385,Moderate,Former,Occasional,Low-carb,None,None,Diabetes,72.28877755,Excellent,Normal,2.195085158,9.49387123,0.060316473,None,Low,18
Male,182.0103878,72.59687045,123/92,222.204208,21.91419638,143.2960326,1.052225124,0.457657534,37.08658701,Moderate,Former,None,Vegetarian,Diabetes,None,Diabetes,67.68997019,Fair,Insomnia,4.425366253,8.565717048,11.32113588,Undergraduate,Medium,50
Female,161.3189668,56.74918997,147/104,266.8780791,21.80664246,114.0104994,0.621980475,0.237302805,66.92963418,Moderate,Former,Frequent,Vegetarian,None,None,None,55.38654745,Excellent,Insomnia,3.854260627,3.469527361,1.195468738,Postgraduate,High,82
Male,177.4991099,50.36863384,123/93,231.9442989,15.98703083,142.4064681,1.430576395,0.863868986,36.74702897,Moderate,Current,None,Balanced,None,None,None,75.17993393,Fair,Insomnia,6.195878473,5.229635621,3.535706749,Postgraduate,High,31
Female,161.4834303,50.94930186,129/79,183.4581497,19.53809896,135.1971186,1.491395683,0.816236196,19.7524983,Low,Never,Frequent,Balanced,None,None,None,93.95859893,Fair,Normal,2.48578806,6.612278302,0.361701177,Postgraduate,High,19
Female,158.1612068,55.3393819,148/93,241.6689859,22.12250815,158.8294402,0.372264176,0.216317584,45.09249629,Low,Never,Occasional,Balanced,None,None,Diabetes,50.26687882,Excellent,Normal,3.883191895,5.463011504,1.198648205,Undergraduate,Medium,74
Female,159.0218762,77.45164886,156/112,278.0423882,30.62787892,143.8279396,0.272004663,0.2,63.28644712,Low,Current,None,Balanced,Heart Disease,Occasional,Heart Disease,66.05723919,Good,Insomnia,7.171558881,4.685224367,6.275343926,None,Low,87
Male,162.8028641,58.81093026,132/87,227.6661296,22.18880775,99.99806578,1.525351644,0.856259052,25.81105518,Moderate,Never,Occasional,Low-carb,Hypertension,Regular,None,73.79586625,Good,Insomnia,6.888701633,6.810279049,2.723112384,High School,High,19
Female,165.0973385,70.43514428,125/100,296.0858492,25.84099691,130.4136972,0.436925475,0.25999899,60.0882414,Moderate,Current,Frequent,High-fat,Diabetes,Occasional,Hypertension,52.3637686,Good,Excessive,4.767867828,9.900641685,1.314182968,None,Medium,81
Female,153.4523819,60.05289771,169/100,239.2153562,25.50273159,105.8785082,0.404587002,0.2,38.40952703,Moderate,Current,None,Vegetarian,Heart Disease,Regular,Hypertension,49.46981556,Good,Normal,1.13528862,6.318067318,6.637942919,Undergraduate,Medium,73
Male,179.090015,85.74888356,108/91,229.2467947,26.73534106,99.94499561,1.339027219,0.727554337,17.71874366,Low,Former,Occasional,Balanced,Diabetes,None,Heart Disease,57.9044332,Fair,Normal,8.443387163,3.615994494,2.707405671,High School,Medium,31
Female,171.3039077,72.10983918,149/101,250.5554694,24.57310221,127.0553938,0.6817299,0.32128988,52.62906461,Low,Former,Frequent,Balanced,None,None,None,69.24881158,Fair,Normal,7.099341858,6.584545842,0.421613501,Undergraduate,Medium,60
Female,162.0437877,67.27848406,136/84,209.8515393,25.6219055,94.19438114,1.608363797,0.707946936,48.29573361,Low,Never,None,Vegetarian,None,None,None,67.112325,Poor,Insomnia,9.662106363,0.422716352,2.099742107,High School,Medium,28
Female,172.8643811,54.08800884,110/98,276.1720684,18.10047461,116.4912943,1.576590554,0.953878799,24.53931263,Moderate,Never,None,Low-carb,None,None,None,74.80374177,Fair,Normal,5.912564412,2.986991287,9.082578216,High School,High,19
Female,156.6874812,65.10595259,146/93,219.197533,26.51869199,89.88063083,1.474141901,0.72229634,15.1852836,High,Current,None,Low-carb,None,None,None,78.01116554,Poor,Excessive,6.358581268,1.760165996,9.392175291,Undergraduate,Medium,24
Male,174.4553764,74.15662631,134/82,259.5246688,24.3658321,120.7402817,0.727283606,0.252703821,49.81650125,Low,Never,Occasional,Vegetarian,None,None,None,60.2385802,Fair,Normal,7.919559805,2.822654541,0.358667526,High School,High,57
Male,176.2526224,55.88269458,131/90,205.533542,17.98896448,108.7696968,0.716006965,0.453052983,28.26509346,High,Former,None,Vegetarian,Heart Disease,Occasional,Heart Disease,64.11428496,Poor,Insomnia,2.435504652,7.984486147,0.33967307,Undergraduate,Medium,56
Female,174.2743336,75.02281802,144/92,265.8144611,24.70168116,127.9548047,0.895483239,0.238406482,52.12533928,Low,Current,Frequent,Balanced,None,None,None,54.5110902,Good,Insomnia,1.666203868,5.729574529,7.298414501,High School,Low,66
Male,177.6649907,61.92203651,125/90,261.3017742,19.6174031,107.5178481,0.850874344,0.498980294,35.13902652,Moderate,Current,None,Balanced,Diabetes,None,None,57.07334248,Good,Insomnia,5.002916042,4.066446601,0.121893522,Undergraduate,Low,52
Male,171.0794128,100.352693,150/89,185.0107971,34.28731914,130.7335471,1.41482463,0.788290301,17.88378904,Low,Former,Occasional,High-fat,None,None,None,80.34940325,Good,Normal,1.412658684,2.247154673,5.849301429,Undergraduate,Low,37
Male,167.234815,79.32508871,166/111,236.6703077,28.36332741,147.4443712,0.250220794,0.2,66.07364632,Moderate,Never,Occasional,Vegetarian,Diabetes,Occasional,Diabetes,75.84383013,Fair,Normal,6.224170466,9.653147183,4.563622917,None,Medium,83
Female,171.696051,41.40651661,126/91,244.351464,14.04585185,128.6079427,1.342396816,0.59971166,40.21018126,High,Never,None,Balanced,None,None,Diabetes,70.26477072,Fair,Insomnia,2.222115925,9.395680212,6.99812531,Undergraduate,High,38
Male,167.9345848,77.28767523,161/96,248.7741937,27.40500935,124.3084869,0.897411664,0.314101981,50.48222928,Moderate,Former,Occasional,Vegetarian,Heart Disease,Occasional,Hypertension,55.81190602,Excellent,Normal,6.475568819,7.147171293,10.81820747,High School,High,65
Female,159.3877498,49.06342618,160/89,264.26548,19.31292231,158.0671559,0.120408177,0.2,67.78419579,High,Current,None,Balanced,Hypertension,Regular,Diabetes,56.81392429,Good,Insomnia,5.454991629,3.135554632,2.281152785,None,Medium,89
Female,176.1358088,82.31650434,158/105,234.4068953,26.53332051,105.6844812,1.391038172,0.583490876,23.6016569,High,Former,Frequent,Balanced,Diabetes,None,Diabetes,88.43542082,Poor,Excessive,9.781354757,7.497338858,3.257859135,None,Low,37
Male,179.1197117,100.5637074,144/106,252.7634933,31.34400678,127.2855201,0.606206774,0.36912328,56.78484902,High,Former,None,Balanced,Hypertension,None,Diabetes,62.99481091,Good,Normal,6.376422915,9.111644939,11.23430404,Postgraduate,High,69
Female,160.2688735,63.66939125,150/83,293.8779262,24.78747725,137.2323976,1.014354518,0.664880425,49.50851317,Low,Former,Occasional,High-fat,None,None,Diabetes,83.65714077,Good,Normal,2.101997891,4.502342874,4.749340784,Postgraduate,Low,52
Male,181.6958789,79.14889015,147/104,237.6258423,23.97478246,103.7999534,0.825488451,0.334280511,53.13007905,Moderate,Never,None,Vegetarian,None,None,None,74.34460837,Excellent,Excessive,1.791363357,6.587077441,9.732291073,Undergraduate,High,55
Male,181.270762,80.2027723,154/109,207.9133247,24.40809357,104.2679933,0.826890694,0.417332798,47.18783986,High,Current,None,Balanced,None,None,None,78.41067146,Fair,Excessive,7.092217567,7.318221861,8.777828048,None,Low,56
Female,161.6766754,67.67802236,147/104,270.1944429,25.8912441,162.053076,0.632985097,0.2,49.17127213,Moderate,Current,None,Balanced,None,None,Diabetes,41.97042863,Poor,Insomnia,7.3838774,6.2125288,9.35022091,High School,Medium,77
Male,182.1778352,83.25326393,146/111,263.2019837,25.08477411,144.0914625,1.365352393,0.530577461,41.92794017,High,Never,None,Balanced,None,None,None,91.07555224,Fair,Insomnia,1.311612021,0.267864159,11.87817929,Undergraduate,Low,38
Male,176.3297965,76.04046958,125/95,243.0875092,24.45644778,112.8664903,1.750238687,0.676171065,34.25091682,Moderate,Never,None,Vegetarian,None,None,None,67.04399346,Excellent,Normal,5.23683225,2.962083978,7.490031854,Postgraduate,Low,30
Male,171.7390094,76.53833329,141/84,229.680214,25.95022296,114.9324203,0.95128012,0.635471924,26.24999905,Low,Current,None,Vegetarian,None,None,None,72.04285599,Good,Normal,1.053609577,4.648551277,0.892975637,Postgraduate,Medium,44
Male,182.7489381,92.08891056,151/97,228.0963344,27.57386285,97.87341616,1.17578262,0.939857587,27.12833552,Moderate,Never,Frequent,Balanced,Diabetes,Occasional,Hypertension,85.81701953,Good,Insomnia,2.311391848,2.63764352,2.475681705,Undergraduate,Low,25
Female,165.0545397,58.21945387,146/99,243.3458112,21.37042601,134.5589041,0.794394587,0.527726171,34.55556346,High,Current,Occasional,High-fat,None,None,None,65.99978474,Good,Insomnia,7.884828382,6.42953748,4.696648065,High School,Low,47
Female,162.1887462,75.47211163,154/95,279.9761361,28.69095921,141.9349307,0.760941005,0.2,55.35886774,High,Current,None,Balanced,Hypertension,Regular,Diabetes,65.0798355,Fair,Insomnia,8.1226749,3.546246019,2.736163269,High School,High,61
Male,178.5883609,82.97263066,156/95,239.2409295,26.01528314,105.594182,0.56006883,0.222472799,44.42625181,Moderate,Former,Occasional,Vegetarian,Hypertension,Regular,Hypertension,51.2453816,Poor,Insomnia,2.106411423,9.126879535,7.089861339,None,Low,77
Male,172.847315,79.70962758,127/83,195.147431,26.67998032,129.1774386,1.572959589,0.966940953,31.44705997,Low,Never,None,Vegetarian,Hypertension,Regular,Diabetes,88.65885389,Fair,Normal,1.330511119,2.874678765,9.284390126,Undergraduate,Medium,18
Male,170.4631186,102.610928,126/99,231.3960585,35.3128489,122.5537462,1.280482596,0.613583106,31.07335821,Moderate,Never,Occasional,Balanced,Heart Disease,Regular,Heart Disease,79.95667108,Good,Normal,7.026402227,1.928724499,3.394825984,Postgraduate,High,26
Female,164.3266051,82.43547391,167/95,255.5880394,30.52800139,131.8660893,0.37458869,0.476210152,49.41277794,High,Never,None,Balanced,None,None,Heart Disease,51.64695267,Excellent,Insomnia,2.58854857,9.737805885,6.084613948,Postgraduate,Low,70
Male,175.8358535,98.77559309,143/113,242.5572036,31.94734549,136.4919583,0.40218872,0.2,68.35838828,Low,Current,Frequent,Balanced,Diabetes,None,Heart Disease,68.47446981,Excellent,Normal,6.18822522,0.555419212,2.108014771,Undergraduate,Low,84
Male,177.8778028,78.94900914,124/87,204.2166431,24.95187414,138.9658592,1.333106325,0.898835318,44.33657373,High,Never,Occasional,High-fat,Diabetes,None,None,76.07612037,Good,Normal,7.987697066,7.724767746,1.407888609,High School,Medium,27
Male,178.0490886,82.87747498,148/107,206.1554592,26.143095,158.535447,-0.01790862,0.2,68.39163564,Moderate,Former,None,Vegetarian,None,None,None,47.04656604,Fair,Insomnia,2.059338136,1.012928136,0.6051881,Undergraduate,Low,88
Male,176.4603254,79.43970148,152/103,239.4361275,25.51193808,114.2807639,0.391749979,0.295507706,73.83028363,Moderate,Current,Frequent,Balanced,Diabetes,Regular,None,57.66553875,Fair,Excessive,8.965035935,8.043039376,0.258586059,Postgraduate,High,76
Male,166.7766604,91.84018225,129/102,250.112323,33.01886882,91.65491057,1.13271332,0.692986473,46.10117016,High,Former,Occasional,High-fat,None,None,None,77.8348276,Fair,Normal,1.11560528,5.055774055,1.6046965,Undergraduate,Low,50
Female,162.2010276,51.73600362,133/88,213.072994,19.6646253,103.5115386,1.186160351,0.61829455,28.84891269,Low,Former,Occasional,High-fat,None,Regular,None,64.07744651,Poor,Insomnia,4.448302982,7.525339449,2.725378758,Undergraduate,Medium,44
Male,175.270559,87.27664436,157/99,264.9808755,28.41057978,141.6871453,0.290885022,0.340218221,62.1216315,High,Former,None,Balanced,Heart Disease,None,Hypertension,62.82913476,Good,Normal,4.607365142,0.674258284,1.467965954,None,Low,79
Male,183.3948983,88.3675588,157/86,247.4638725,26.27352578,126.8274549,0.64149813,0.540847028,38.14451206,Moderate,Current,None,High-fat,Diabetes,Regular,None,89.20220993,Fair,Normal,9.762225502,7.558218158,1.859743425,Undergraduate,High,55
Female,165.671467,63.87465042,139/92,243.0884962,23.27196743,144.6590791,1.297000125,0.451231315,29.78958165,Moderate,Current,Occasional,Low-carb,None,None,None,59.7169935,Good,Insomnia,4.222967996,6.706730389,6.634393405,Postgraduate,High,41
Female,157.9827473,57.55701827,142/108,239.3306616,23.06104397,146.6701602,0.188625278,0.2,68.82356115,Low,Never,Occasional,Low-carb,Heart Disease,None,Heart Disease,55.75881278,Good,Normal,2.73074641,9.238837625,9.71229042,High School,High,85
Male,187.7418451,96.5803055,159/99,225.8784851,27.40099991,137.4122717,0.590358237,0.2,67.04729388,Low,Former,None,Low-carb,Hypertension,Regular,None,64.90904806,Fair,Insomnia,7.420072587,8.61747979,2.473254418,High School,Medium,74
Male,183.262893,85.54287094,146/99,205.7057846,25.47034019,160.5325183,1.646582481,0.739715531,48.99989514,High,Never,None,High-fat,Diabetes,Occasional,Diabetes,65.18271707,Poor,Insomnia,3.410382614,9.435947411,9.291733239,High School,High,28
Male,166.9926087,82.45866117,121/80,256.0533773,29.5693502,114.1497912,1.254210642,0.648567639,61.63234601,Low,Current,None,Balanced,Heart Disease,Occasional,Hypertension,66.19903334,Poor,Normal,7.360262377,6.462355834,7.486553574,High School,Low,37
Male,182.2544912,83.26048463,155/103,238.6786142,25.06585114,159.9531725,0.81176926,0.343638181,54.18166674,Moderate,Former,None,Vegetarian,None,None,None,90.7906792,Excellent,Excessive,4.021570065,6.570169955,8.852484822,High School,Low,65
Female,163.7975336,66.36110138,136/99,201.166949,24.73425702,150.5820194,0.660166621,0.270672939,54.78381294,Moderate,Current,Occasional,Vegetarian,Diabetes,Regular,Diabetes,64.22185969,Excellent,Normal,2.365758265,0.577730875,6.42172867,High School,Low,71
Female,168.756448,55.32845256,158/119,218.9999744,19.42798558,148.0820527,0.198716622,0.2,69.14094831,High,Former,None,Vegetarian,None,None,None,36.28381478,Fair,Insomnia,7.51604148,8.957380381,9.89786459,Undergraduate,Low,88
Female,170.8854294,48.71333609,172/103,246.8426072,16.6816039,156.7205436,0.457453312,0.2,50.20569017,Moderate,Former,Occasional,High-fat,None,Regular,None,67.25885578,Good,Normal,3.857168949,3.915238463,6.754409332,High School,Medium,79
Male,167.0516097,73.01728221,166/98,279.1067554,26.16521662,120.6237723,-0.09322351,0.2,63.10123413,Low,Never,Frequent,Balanced,Hypertension,Regular,None,64.63329912,Fair,Excessive,2.093559467,0.670888281,10.19819942,Undergraduate,Medium,80
Male,176.1848584,95.67415699,150/93,222.6758908,30.82176328,164.3363821,0.120902554,0.2,47.50351078,Moderate,Current,Occasional,Balanced,Hypertension,Regular,Heart Disease,47.49052464,Fair,Normal,3.361803528,1.205913052,0.100471167,None,High,82
Female,159.2130861,88.8734578,149/113,271.6987822,35.06021352,154.4159998,0.526393049,0.211174866,41.48995292,Moderate,Current,Frequent,Balanced,Diabetes,Regular,Diabetes,57.43796567,Fair,Normal,3.94981647,7.661519901,5.727239048,None,High,77
Female,167.2677088,68.40719845,147/115,254.3440996,24.44992822,143.0034594,1.180567174,0.485474911,49.8922074,Low,Former,Occasional,Balanced,None,Occasional,None,66.50991856,Fair,Insomnia,8.176724147,1.20575975,10.13837928,None,High,56
Female,160.3769523,53.40188111,159/92,234.3306755,20.76216524,119.4872123,1.145248325,0.556780975,28.66430047,Low,Current,None,Low-carb,None,Occasional,None,79.99878474,Fair,Insomnia,2.10373805,0.68031761,7.180209338,Undergraduate,Medium,38
Male,166.6965766,72.45732524,143/94,213.6579238,26.07527734,121.1466377,0.81869879,0.450271686,52.97453269,Moderate,Never,None,Low-carb,Diabetes,Occasional,Heart Disease,62.67916179,Good,Normal,1.568515477,1.740705823,2.513367706,High School,High,55
Female,155.2209442,48.54946622,133/81,249.0246425,20.15040678,127.6658899,1.311328132,0.42046816,26.27848628,Low,Never,None,Low-carb,None,None,None,75.01318819,Fair,Normal,2.092005554,5.338107286,11.3435467,High School,Medium,48
Male,185.9444769,82.32817718,171/98,243.4105167,23.81123569,112.5255733,0.571851786,0.525123864,69.32412325,Moderate,Former,Frequent,Vegetarian,None,Occasional,None,65.25822012,Good,Insomnia,9.193049793,2.726567574,4.300467259,Postgraduate,Medium,63
Male,174.6772772,87.73702037,128/109,211.6546974,28.75478031,123.0658422,0.933458851,0.468199123,52.34117434,Moderate,Former,None,Vegetarian,None,None,None,76.1295754,Excellent,Normal,8.889176297,3.3201495,7.987010946,Postgraduate,High,48
Female,161.0335498,73.06733711,129/84,202.7883434,28.17672717,129.6103232,1.071146083,0.627182734,30.19048621,Moderate,Never,Occasional,Vegetarian,Diabetes,Regular,Hypertension,65.90502346,Fair,Normal,7.213144466,8.085590698,11.88053863,High School,Medium,32
Male,175.254098,73.55036453,164/99,252.154947,23.94685397,141.1462791,1.122430395,0.590552595,28.29501733,Moderate,Current,None,Balanced,None,None,None,90.22983393,Good,Excessive,5.287191966,1.39049594,2.322666579,None,Low,49
Male,177.2501927,48.49557755,156/114,195.2011475,15.43578439,117.0377057,0.660678076,0.220936395,51.26766444,Moderate,Former,None,Balanced,None,None,None,61.36804999,Good,Normal,8.213731407,6.459345004,8.651577765,High School,High,73
Female,158.5674784,66.06720021,122/86,244.0099768,26.27590377,124.4249457,1.66965694,0.669837558,17.09582536,Low,Current,None,Balanced,None,Occasional,None,78.21499764,Excellent,Insomnia,6.664717656,9.862143925,6.137003933,Undergraduate,Low,26
Male,182.2059051,66.30199449,151/89,232.8208996,19.97108672,148.152392,1.165471327,0.602933048,41.92710278,Moderate,Current,Occasional,Low-carb,None,None,Diabetes,66.66041755,Good,Insomnia,7.803567127,1.207583805,1.868946819,Undergraduate,Low,41
Male,172.5811341,87.82246604,153/108,244.9669125,29.48621248,118.141735,0.153699403,0.2,53.32770506,Moderate,Former,Frequent,Low-carb,None,Occasional,None,63.29158911,Fair,Normal,8.459529489,4.841524146,5.741845691,Undergraduate,Low,88
Male,174.8657281,89.8047095,129/98,182.4450375,29.36903734,118.2837303,1.39132183,0.652890055,43.2445292,High,Former,Frequent,High-fat,None,Occasional,Hypertension,78.98697556,Good,Normal,1.221614312,6.135101757,8.011483947,None,High,30
Female,160.1274116,76.42520943,137/83,193.4790186,29.80610797,105.4050672,1.416148899,0.781244307,32.46533718,High,Former,Frequent,High-fat,Heart Disease,None,Diabetes,77.99988202,Good,Normal,1.057156507,4.026444574,8.688011101,Undergraduate,Medium,19
Male,182.5529387,85.72907804,149/90,217.9745846,25.72471052,127.3846493,0.832495489,0.401289243,39.26018574,Moderate,Current,Frequent,High-fat,Hypertension,None,Diabetes,76.2781943,Fair,Normal,2.001354304,8.633362518,1.378518708,Postgraduate,Low,52
Female,172.7586086,84.60567938,127/93,208.1922467,28.34784975,103.903369,1.468007303,0.802399192,33.33736306,High,Former,Frequent,Vegetarian,Hypertension,Regular,Hypertension,58.07793941,Fair,Insomnia,3.065181837,4.903490951,11.41668367,Postgraduate,High,30
Female,153.7081532,64.49929499,149/87,261.8399768,27.29990644,154.3986487,0.416058661,0.243798504,52.20693071,Low,Former,Occasional,High-fat,Hypertension,Regular,Diabetes,55.61740114,Fair,Normal,3.959048786,1.180792251,8.300894241,Postgraduate,High,74
Female,158.650926,69.44090068,144/88,252.9823094,27.58862922,120.4960799,1.101372118,0.46661399,33.81180249,Low,Former,None,Balanced,Hypertension,Regular,None,61.96962061,Good,Insomnia,1.87879142,9.719967559,10.18203603,High School,Medium,44
Female,160.0725359,70.39667878,170/106,226.4922072,27.47378656,130.0984706,0.147304835,0.2,52.6237951,Moderate,Current,Occasional,High-fat,Diabetes,Occasional,Hypertension,57.6512617,Good,Normal,8.314494252,2.656075264,0.773274057,Undergraduate,Low,79
Male,179.3138973,77.5502905,148/93,228.9109328,24.11879073,147.1273728,0.795657182,0.462872367,39.31199597,High,Current,None,Low-carb,None,None,None,83.00279143,Good,Normal,3.831364396,1.291424432,5.787874222,Undergraduate,Low,58
Female,169.5661762,65.53917798,142/89,238.7001903,22.79410457,149.0667056,1.032564943,0.451341634,42.9008531,Moderate,Current,Occasional,Vegetarian,None,None,None,62.12066026,Fair,Normal,1.623759819,3.246572344,3.442948955,Undergraduate,Low,48
Male,174.9200719,83.52639388,129/83,239.5375741,27.29885535,156.5128749,1.132595661,0.47876652,36.45698726,High,Never,Frequent,Low-carb,Heart Disease,None,Heart Disease,52.8387844,Excellent,Normal,1.763438628,0.511761946,11.57665288,Undergraduate,Medium,50
Female,150.2485956,69.6055227,156/109,254.2137723,30.83350219,127.1631738,0.371067487,0.310201541,49.21061973,Moderate,Never,Occasional,High-fat,Diabetes,Occasional,Diabetes,53.27437354,Fair,Insomnia,6.531725028,9.657520038,7.363563106,High School,Medium,77
Male,178.9573814,83.00727321,153/94,257.450419,25.91892081,128.3462114,0.432665069,0.264195332,31.00965433,Low,Former,Occasional,Balanced,Hypertension,Regular,None,86.93982498,Fair,Insomnia,8.487495906,0.416473708,8.369009679,Undergraduate,Medium,67
Male,180.5105913,82.64208544,137/78,215.4131188,25.36272368,130.0940331,1.076187373,0.709629876,30.43826394,Moderate,Never,Frequent,Balanced,Heart Disease,Occasional,Hypertension,71.61649237,Poor,Insomnia,1.732576002,5.5259197,2.067966878,Undergraduate,Medium,37
Female,164.3903032,60.9842879,146/102,218.498427,22.56657053,141.3921524,0.758227404,0.3926183,27.44476868,Moderate,Current,None,Low-carb,None,None,None,46.39688065,Fair,Normal,8.316268837,9.684648487,2.725578778,None,Medium,58
Female,160.6932268,61.61657288,139/98,237.6615121,23.86175573,115.6951563,1.140896947,0.49104579,25.04738105,High,Current,Frequent,Vegetarian,None,None,Heart Disease,68.23459812,Fair,Insomnia,8.956857295,6.910441026,8.198803668,None,Medium,53
Male,172.4615574,77.50857064,129/77,208.342767,26.05944253,88.58779824,1.190733624,0.565028172,33.60824983,Moderate,Former,Frequent,Balanced,None,None,None,74.07408231,Excellent,Normal,3.992104368,7.981665831,1.872885723,High School,Medium,44
Female,155.1704081,57.80440512,122/86,232.8900147,24.0072896,158.8063254,1.448268184,0.713670471,24.67955736,Moderate,Former,Frequent,Vegetarian,Diabetes,Regular,Diabetes,69.48699254,Poor,Insomnia,3.513777646,9.656678606,8.464537749,High School,Low,22
Male,166.7979944,71.21981697,174/101,240.6690883,25.59877627,95.68069951,0.5091037,0.29729706,56.33775655,Low,Current,None,Low-carb,None,Occasional,None,59.93376792,Good,Normal,2.486229143,3.600081134,10.84558769,Postgraduate,Medium,73
Male,174.6667502,75.09330037,135/95,223.253579,24.61391588,158.4541425,0.576268399,0.494894828,44.89485542,High,Never,Occasional,Balanced,Heart Disease,None,Diabetes,52.51174814,Good,Normal,7.359334727,3.708851306,9.369323196,Undergraduate,Medium,58
Female,164.0911925,76.57770606,146/91,208.8320969,28.44014525,169.210277,1.128762133,0.347954366,49.76309118,Low,Former,Frequent,Balanced,Diabetes,Occasional,Heart Disease,90.52464386,Excellent,Insomnia,2.682817156,7.336486889,7.712145459,Undergraduate,Medium,45
Female,159.8919225,78.26202302,148/98,265.2270169,30.61244524,137.5116209,0.532232945,0.307771172,56.76689072,High,Never,Occasional,Vegetarian,Hypertension,Regular,Diabetes,71.51376768,Poor,Excessive,1.110806069,1.210900574,6.147783802,None,Low,64
Male,181.0350615,74.48390428,162/101,237.7231588,22.72673488,141.5107398,1.095089498,0.436965804,28.90770756,Moderate,Former,None,Balanced,None,None,None,76.04177658,Excellent,Insomnia,1.590547496,9.453116611,0.89320842,Postgraduate,Low,52
Male,156.8689273,77.85949374,137/88,203.1420859,31.64009088,96.1711939,1.532268637,0.601733787,22.53607691,Moderate,Never,None,Balanced,Heart Disease,Regular,Heart Disease,71.21208556,Good,Normal,1.481406277,5.947203526,2.442990912,Undergraduate,High,30
Male,167.6171286,76.51566758,159/116,277.9569452,27.23413452,145.1722797,0.437009322,0.2,48.27752718,High,Former,Occasional,Vegetarian,Diabetes,Occasional,Diabetes,60.277116,Excellent,Insomnia,3.640882061,1.727257625,8.564352406,High School,Medium,73
Female,161.2482701,63.49922871,146/93,246.6826963,24.42183665,115.3100998,0.7053546,0.370276824,35.29623991,Moderate,Former,Frequent,Balanced,None,None,None,57.38243641,Good,Normal,6.405955092,1.560615298,5.194252777,Undergraduate,Medium,55
Male,174.2314702,56.10009336,154/104,253.201859,18.48035805,144.501359,0.63235966,0.490705228,50.03408274,Low,Never,Frequent,Balanced,None,None,None,68.10894015,Good,Insomnia,8.444898782,8.577071628,7.066798089,Undergraduate,Low,59
Female,158.8491238,40.52522824,141/81,241.8978037,16.06038019,93.56010756,1.84434936,0.768854503,20.05290427,High,Never,Frequent,Balanced,Hypertension,Occasional,Heart Disease,50.6387294,Poor,Excessive,4.11775627,2.764900698,2.189275488,Postgraduate,Low,27
Female,163.4821831,59.21374163,172/101,229.4513886,22.15550469,146.1982968,0.748297639,0.285623044,65.01143372,Low,Current,Occasional,Balanced,None,Occasional,None,55.65543144,Good,Normal,8.510204004,1.21353776,0.496899692,None,Low,67
Female,163.2277469,78.52277402,146/114,275.3518291,29.47186791,151.4872354,0.131901055,0.2,71.98570017,Low,Current,Occasional,Balanced,Diabetes,Regular,None,56.65478698,Fair,Excessive,1.733467288,8.981177611,5.573327149,Undergraduate,High,86
Male,173.9666657,65.02786227,147/86,214.3185539,21.4865851,140.9829769,1.091709915,0.566108638,51.57029611,Moderate,Former,Frequent,Balanced,None,None,None,76.8882124,Excellent,Insomnia,1.816832818,5.313242277,0.597545767,Postgraduate,High,46
Female,162.8141298,53.98160823,128/101,232.8553541,20.36393181,115.9953973,0.537464176,0.53458342,73.66261606,Low,Never,Occasional,Vegetarian,Heart Disease,Regular,Diabetes,76.36487044,Fair,Normal,6.188070749,4.80688043,4.578668334,Undergraduate,High,71
Female,169.2210709,75.09236611,143/96,275.448212,26.22327386,129.9173936,1.081345036,0.36793032,25.55944416,Moderate,Former,Frequent,Low-carb,Diabetes,Occasional,Heart Disease,73.94688569,Good,Insomnia,2.190846221,7.187054197,9.394737522,Postgraduate,High,56
Male,180.8612457,63.71928366,150/91,255.4685298,19.47959168,135.5968926,1.36332688,0.626010116,24.24134422,Moderate,Former,Occasional,Low-carb,Hypertension,Occasional,Hypertension,54.11657211,Poor,Insomnia,7.193476901,8.613696483,10.39922261,None,Low,37
Female,160.5744438,54.6141625,137/98,247.1315279,21.18129094,115.6851579,1.364496935,0.652876835,40.16191128,Low,Former,Occasional,Low-carb,None,Occasional,Diabetes,77.02456419,Fair,Insomnia,6.284704071,4.716420121,11.67105188,Undergraduate,High,40
Male,170.1951404,80.40473623,128/94,232.1600466,27.75794562,108.357167,0.600711461,0.2,42.40835063,Moderate,Former,None,Balanced,None,None,None,62.3158221,Good,Insomnia,8.011542867,0.553129829,3.842120761,Undergraduate,Low,67
Female,156.9186404,75.97127328,140/83,235.5404201,30.85320835,94.83335076,1.523473821,0.901874878,42.12358084,Moderate,Never,Frequent,Low-carb,None,Occasional,None,68.33264142,Excellent,Insomnia,5.658518296,6.727338022,8.328453164,None,High,21
Female,171.5465273,64.64804119,139/85,226.8847619,21.96805002,119.481464,1.0375085,0.646274885,27.76670225,Moderate,Former,Frequent,Vegetarian,Heart Disease,None,Diabetes,94.03796799,Poor,Normal,4.283280832,6.522021918,11.79584359,High School,High,41
Male,175.9790919,91.8004356,127/80,184.4126608,29.64303028,149.4216981,1.45021584,0.724103364,13.18321355,High,Current,Occasional,Balanced,Diabetes,Occasional,Hypertension,76.09088257,Good,Insomnia,8.003368925,3.004094536,11.71520023,Undergraduate,Low,34
Female,158.8640477,59.97246585,159/96,244.800349,23.76296664,126.9880681,0.870485027,0.387245598,50.43689991,Moderate,Current,None,High-fat,Hypertension,Occasional,None,50.22093912,Good,Insomnia,7.473359008,4.171962181,0.9434332,High School,Low,63
Female,160.7943509,85.85526972,181/101,278.6587237,33.20667434,163.614879,0.074522453,0.2,63.63514703,Low,Current,Occasional,Low-carb,Hypertension,None,Hypertension,69.64345358,Good,Normal,1.796922812,5.881835592,9.330480276,Postgraduate,Medium,89
Male,168.7337055,83.2669828,149/87,211.9353152,29.24617945,135.2423406,0.854600257,0.353952812,60.32957966,Low,Former,None,Balanced,None,None,Hypertension,47.32108079,Good,Insomnia,9.280803699,2.040204363,10.43818315,Undergraduate,Medium,62
Female,160.0071161,50.86624576,150/90,244.8456293,19.86785994,128.7904906,0.744970002,0.337145591,47.82710933,Low,Current,Frequent,Low-carb,None,None,None,60.92802659,Fair,Excessive,5.073798914,2.456753971,1.425869677,Undergraduate,Medium,54
Female,164.3841044,59.99631911,152/88,255.8311064,22.20265787,155.463797,0.519565081,0.2,81.21999105,Low,Former,None,High-fat,Heart Disease,Occasional,None,40.01072361,Fair,Normal,7.46294145,2.878853272,6.537835394,High School,Low,88
Male,186.2670846,67.32527092,153/107,219.295304,19.40465275,106.6401023,1.209675736,0.558134222,31.9785764,Moderate,Current,Occasional,Balanced,None,Occasional,None,53.82446194,Good,Insomnia,7.476188781,7.721244949,10.70608957,None,High,45
Female,154.4650771,60.91577389,171/115,245.6919178,25.53107814,144.9543774,0.524192415,0.2,77.4447936,High,Former,Occasional,Vegetarian,Diabetes,Occasional,Diabetes,46.10324793,Excellent,Normal,7.172733009,0.588415554,3.291494216,None,Medium,84
Female,169.0313758,58.05207088,142/92,227.6902875,20.31809864,121.41737,0.631567604,0.303308759,55.10869902,Moderate,Current,Occasional,Vegetarian,Diabetes,Regular,Hypertension,38.48099111,Fair,Normal,5.427800056,4.588785111,9.294717834,High School,Low,60
Female,168.661003,62.40571945,140/93,232.5908006,21.93789922,134.7228987,0.925330095,0.456031412,41.70103867,Moderate,Former,Occasional,Balanced,Heart Disease,Occasional,Hypertension,66.43548699,Good,Normal,5.849951884,1.695135595,8.158184438,None,Medium,53
Female,152.0615462,61.66776967,141/95,200.9119484,26.66978025,121.2969815,1.521376956,0.855843743,26.94294304,Moderate,Never,Occasional,Low-carb,None,None,None,55.55696669,Good,Excessive,2.013362699,9.280869172,10.96751309,Postgraduate,Low,24
Male,173.8984703,83.95449386,140/99,237.8192627,27.76210704,140.1534465,0.730262109,0.312542617,35.64934597,Moderate,Former,None,Balanced,Hypertension,Occasional,None,49.5821402,Good,Normal,9.181155254,4.779061757,2.81490401,Postgraduate,Low,61
Female,159.3077214,55.04431313,147/87,172.0133355,21.68896385,109.7965342,1.161007096,0.593731861,26.34668178,Low,Former,Occasional,Balanced,None,None,None,68.08791837,Good,Normal,7.800624857,1.933243791,1.489517399,Postgraduate,Medium,32
Female,155.8768418,67.41081586,129/97,225.7522136,27.74382825,142.8998535,1.122246854,0.632276283,35.61634552,High,Former,None,Balanced,Hypertension,Regular,Hypertension,77.86665001,Good,Normal,6.088929306,1.96779498,4.549197078,Undergraduate,Low,50
Female,162.581423,63.37596018,142/90,220.2398848,23.97633021,126.3815304,1.766926595,0.813465521,15.51144756,Low,Never,Occasional,Vegetarian,None,None,Diabetes,67.02242032,Fair,Normal,8.633875737,5.741737062,9.102134994,Undergraduate,Low,18
Female,159.8912058,52.22321105,155/91,237.3201303,20.42746223,119.7481271,0.813134857,0.689206987,54.84552011,High,Current,None,Balanced,Hypertension,Regular,None,62.76631905,Good,Insomnia,5.427880845,8.423630679,1.401031013,Undergraduate,Medium,50
Female,165.1822247,78.63424732,137/109,248.556778,28.81941176,130.8760493,0.990202939,0.59122206,49.67454579,High,Former,None,Balanced,Heart Disease,Regular,Diabetes,64.73194575,Poor,Insomnia,3.650421418,6.441263696,2.048038504,Postgraduate,Low,52
Female,167.6641752,70.55210788,123/89,170.330738,25.09744088,139.5525631,1.560619395,0.567581308,0,Low,Former,Occasional,Balanced,None,None,None,75.2252161,Fair,Insomnia,6.383822023,2.887708169,4.291958995,Undergraduate,Low,24
Female,162.7331922,56.86914275,176/104,263.6440979,21.47456593,147.6627999,0.059713179,0.243177453,56.33094621,Moderate,Current,Occasional,High-fat,Hypertension,Regular,Hypertension,44.11238826,Fair,Excessive,8.761742126,7.334177408,9.983306013,Postgraduate,Medium,89
Male,177.3725272,90.96712128,148/101,255.3197093,28.91423748,111.2919339,0.815784758,0.358260521,45.67077355,Moderate,Never,None,Vegetarian,Heart Disease,Regular,Heart Disease,70.73897899,Fair,Normal,2.057012067,5.371868642,7.145410958,Postgraduate,Medium,59
Male,176.3975516,100.2753052,151/84,193.5385194,32.22618433,121.4076503,1.600456876,0.599379149,31.94704787,Moderate,Never,None,Low-carb,Diabetes,Regular,Heart Disease,77.18405397,Good,Normal,5.832874485,1.251460069,3.013429854,Postgraduate,Low,29
Male,175.5827809,77.7851249,160/92,234.1015692,25.23089795,114.5464296,0.619071608,0.435015384,44.74605456,Moderate,Former,Occasional,Balanced,None,Occasional,None,47.70735197,Poor,Insomnia,5.885849463,0.535961582,8.163277072,Undergraduate,High,61
Female,159.9426281,56.64813926,133/85,204.1082643,22.14405712,133.4061536,1.390853737,0.757480002,60.20373914,Moderate,Current,None,Vegetarian,Diabetes,Regular,Heart Disease,51.47890329,Excellent,Insomnia,7.986431812,9.846136568,8.970707854,Postgraduate,High,33
Male,181.2826842,75.4690758,144/102,258.7078586,22.96446783,125.8145751,0.914526058,0.397401601,37.21205234,Low,Current,None,Balanced,Diabetes,Regular,Diabetes,61.15066838,Excellent,Excessive,3.559630301,1.100187512,8.178845864,Undergraduate,Low,66
Male,184.2133772,94.87577514,129/84,255.7518269,27.95844468,108.858312,1.119575179,0.652853979,52.07631805,Low,Former,None,Vegetarian,Heart Disease,Regular,Heart Disease,69.41130037,Good,Normal,9.780690636,5.130754702,5.706180905,None,Medium,33
Female,153.2905004,56.87100675,142/92,237.8606709,24.20251135,101.0866414,1.080430548,0.459509325,47.4740135,High,Current,None,Balanced,Hypertension,Regular,None,75.27706838,Excellent,Normal,7.252065149,8.666644288,1.983961529,Postgraduate,Medium,40
Male,168.1898354,68.19557211,154/104,225.5853882,24.10775038,125.1476319,0.380785423,0.239406182,56.8926055,Low,Never,Frequent,Low-carb,None,None,None,56.50593194,Good,Excessive,5.76660792,9.638436377,4.215769463,Undergraduate,Low,72
Female,163.8074649,48.79201757,152/98,196.1953779,18.18366403,122.9390342,1.186244357,0.887020782,30.64253308,High,Current,None,Vegetarian,Hypertension,Occasional,Hypertension,55.17438734,Poor,Insomnia,4.327925202,6.507854302,2.069100761,None,High,22
Male,173.9761103,78.27388131,119/81,208.2897093,25.86054277,116.5387994,1.287793803,0.477660227,20.91297737,High,Never,Occasional,Balanced,None,None,None,48.61018217,Good,Insomnia,8.55285823,1.487317618,2.01486086,High School,Medium,34
Female,162.7107026,64.29138499,147/103,199.3971078,24.2840177,134.5380229,1.174693813,0.488780149,45.238004,Moderate,Former,Frequent,Balanced,None,None,None,68.43884968,Poor,Insomnia,2.346547149,1.416305702,7.795672872,High School,Medium,42
Male,181.5126236,77.57330405,153/91,206.665577,23.54499601,125.1078172,1.07631136,0.483635898,39.734588,Low,Never,Occasional,Balanced,Hypertension,Regular,Diabetes,65.58519645,Good,Normal,3.827654061,6.298862857,2.420090978,High School,Low,50
Male,171.5903081,83.14271852,126/95,213.5390957,28.23831069,119.1188808,1.269162072,0.662323769,11.12712906,Moderate,Never,None,Balanced,None,Regular,None,61.31818363,Good,Insomnia,4.721422455,5.286181396,2.025452732,High School,Medium,42
Male,165.4187451,73.93175751,142/95,254.3937274,27.01852192,134.8841804,1.089283209,0.750723873,36.9192706,High,Current,Occasional,High-fat,None,Regular,None,52.00098642,Good,Insomnia,2.90687196,2.132286538,9.491534815,Undergraduate,Medium,48
Female,157.4255153,73.12604153,132/94,257.0571697,29.50677994,142.1381207,1.364857148,0.492012362,37.29042113,Moderate,Former,None,Low-carb,Hypertension,Occasional,Diabetes,71.85384898,Poor,Normal,3.060520798,5.788006956,11.62440962,High School,High,46
Female,154.2362777,66.05194656,127/94,176.4268712,27.76595081,113.263628,1.26997478,0.52305058,27.02995393,Moderate,Never,Frequent,Vegetarian,Heart Disease,Occasional,Heart Disease,70.41539794,Good,Insomnia,1.000427851,3.702588195,4.234759334,Undergraduate,Low,28
Male,180.081161,81.43030515,135/86,209.7837733,25.11016106,104.4745877,1.999828885,0.615895178,17.03710319,High,Former,None,Balanced,Heart Disease,Occasional,Hypertension,75.54740448,Excellent,Normal,4.749190217,6.561373779,3.362647905,Postgraduate,Low,23
Female,160.4059554,60.17070215,147/104,267.5802214,23.3853623,146.6414263,0.096074763,0.2,55.56596996,Moderate,Never,None,Vegetarian,None,None,None,44.95067132,Poor,Excessive,2.815644858,7.525515951,9.194818106,Postgraduate,High,84
Female,168.2106394,46.96841428,143/100,222.3374237,16.59965166,125.672198,1.011865505,0.523616868,52.34244217,Low,Never,None,Low-carb,None,Occasional,None,53.50890523,Good,Normal,8.748191075,2.921864039,0.618954814,Undergraduate,High,48
Female,163.1267077,62.00086753,147/105,257.6589554,23.29955487,121.0074714,0.677605359,0.362847997,45.75887974,High,Former,Occasional,Balanced,None,None,Diabetes,52.87622521,Good,Insomnia,8.960122324,5.98565322,5.091084867,None,Medium,66
Male,180.4874418,93.3111035,159/115,260.3491052,28.64437473,120.442435,0.693159388,0.349006809,46.44007881,High,Former,None,Vegetarian,Hypertension,None,Heart Disease,55.22273644,Good,Insomnia,6.424765716,1.771152146,9.031176633,High School,Medium,69
Male,180.9366494,95.20278792,157/103,207.515067,29.08014574,142.9928447,0.527403217,0.2,48.44129718,Moderate,Never,Occasional,Low-carb,None,None,None,49.90477617,Poor,Excessive,8.187351702,3.427207765,11.24652165,Postgraduate,Medium,74
Male,178.8025691,77.86983832,185/101,228.8905852,24.35688601,128.5347195,0.519483195,0.43017903,68.67837392,Moderate,Never,Occasional,Balanced,Hypertension,Occasional,Diabetes,71.75968152,Good,Insomnia,7.486755194,3.371099537,6.129024371,High School,High,71
Male,171.9987739,84.96360895,139/83,236.7805267,28.71985542,118.3983762,1.12628968,0.506700342,66.41457436,Moderate,Current,Frequent,High-fat,None,None,None,59.43332727,Good,Insomnia,7.747836135,6.943016679,9.770602613,Undergraduate,Medium,50
Female,154.9072251,56.97503527,153/101,267.0921807,23.74330952,167.6170665,0.695030138,0.268762067,63.62549437,High,Current,None,Balanced,None,None,None,47.16911864,Fair,Normal,4.337251627,5.586333095,5.171650452,Undergraduate,Low,64
Male,183.4636391,68.08626305,149/92,215.2608308,20.22830489,145.3169638,0.741040343,0.363968653,42.58521939,Moderate,Former,None,High-fat,Hypertension,Regular,Diabetes,76.84398857,Fair,Excessive,3.673668007,2.627191873,8.449269117,Undergraduate,Medium,63
Male,163.2764121,71.06491456,125/82,227.8158364,26.6568201,112.0031228,1.374833945,0.615640243,27.80162731,High,Former,None,High-fat,Hypertension,Regular,Hypertension,74.18426088,Good,Normal,5.04653277,5.326073972,6.228586312,High School,High,27
Female,159.6377782,57.69089853,139/91,212.5384499,22.63789044,140.5422334,1.564387414,0.724762583,31.71403127,Low,Current,Occasional,Balanced,None,None,None,49.66392092,Good,Normal,1.327573217,6.936131305,5.766485596,Postgraduate,High,22
Male,176.6451293,61.11239236,150/87,242.7838404,19.58510713,132.4183552,0.717443137,0.437825602,60.59045719,High,Former,None,Balanced,Heart Disease,Regular,Hypertension,57.76819476,Fair,Insomnia,3.394815153,4.417200933,10.96344998,Undergraduate,Low,53
Male,181.9392915,62.79904466,171/117,249.6415248,18.97142873,114.1931658,0.429067046,0.2,56.17073206,Moderate,Former,None,High-fat,Heart Disease,Occasional,Heart Disease,58.9403771,Good,Normal,4.087315422,3.081147806,4.534449617,None,Medium,83
Female,155.3619084,57.74461739,160/98,232.4609027,23.9233731,150.5439593,0.871906926,0.297721493,45.51039252,High,Never,Frequent,Balanced,Diabetes,Occasional,None,66.50203271,Good,Normal,9.276952555,3.890039395,0.670434515,None,Low,58
Female,150.6545579,62.93896497,154/81,234.0225705,27.7303305,146.5738397,0.940636366,0.488148963,58.10711206,Moderate,Current,Frequent,High-fat,None,None,None,41.96421591,Good,Normal,9.36740951,7.452599105,1.203312555,Postgraduate,High,49
Male,173.5163116,84.53229374,160/92,274.5025164,28.07643993,155.679741,0.386102058,0.2,50.53341987,Moderate,Current,None,Vegetarian,None,Occasional,None,72.97334962,Fair,Normal,9.271041468,2.953303505,8.947346476,Postgraduate,Low,81
Male,186.8923245,79.57338023,149/103,279.9460531,22.78163429,112.9027431,0.755294921,0.438599351,51.63376893,Low,Former,Occasional,Vegetarian,None,None,None,57.55769442,Excellent,Normal,4.89190438,0.578831315,6.859430895,High School,High,57
Female,161.2382628,67.82581779,123/97,242.3055545,26.0890832,121.1621407,1.211285579,0.70467957,31.45862297,Moderate,Never,None,Low-carb,None,Occasional,None,79.60392864,Excellent,Normal,8.064696921,8.593588553,6.814563323,High School,Medium,29
Male,172.1674855,55.23031699,134/90,217.2984842,18.6326773,92.17101906,0.891231942,0.74301684,30.40189328,Moderate,Never,None,Low-carb,None,Occasional,Heart Disease,68.6479746,Fair,Excessive,7.151193732,1.018184928,5.014786883,Undergraduate,High,37
Male,169.8022104,74.40647957,118/79,232.8687124,25.80620115,94.62868224,1.749991035,0.671607925,18.22096362,Moderate,Never,Frequent,Low-carb,None,None,None,64.8057746,Fair,Normal,7.306866611,4.870719952,9.430498688,High School,Medium,26
Female,165.2034467,54.9562385,137/82,231.0563476,20.13625914,96.08491355,1.400315409,0.964971924,41.48759385,Low,Never,None,Balanced,Hypertension,Regular,None,57.19074737,Fair,Normal,8.910726841,3.916649363,8.894111692,None,High,24
Male,175.2684332,86.06253597,127/83,223.1105317,28.01603882,116.4157343,1.216986548,0.743058511,45.93892955,Moderate,Former,None,Balanced,Hypertension,Regular,Heart Disease,65.99357817,Excellent,Insomnia,1.128422885,4.247592313,10.99906444,Undergraduate,Medium,40
Female,148.9011307,71.17470856,139/98,230.2809539,32.10182379,130.6504519,0.68645592,0.413325104,61.18461965,High,Current,Occasional,Balanced,Diabetes,Regular,Diabetes,64.11669644,Poor,Excessive,8.190565004,3.611053133,9.058061986,Undergraduate,Medium,64
Female,163.6602979,71.14884888,141/103,244.0140941,26.56324963,174.1487974,0.514863451,0.2,62.00298329,Moderate,Current,None,Balanced,None,None,None,53.67721485,Fair,Normal,1.681680942,7.848664702,0.463866816,None,Low,71
Female,172.8193904,62.93139934,141/103,253.5158951,21.0708692,125.8665421,0.531255204,0.342164553,59.60572976,Moderate,Former,None,Balanced,Heart Disease,None,Hypertension,43.59271232,Poor,Excessive,3.909246128,5.204678853,10.4105702,Postgraduate,Low,68
Female,166.2332035,57.42893842,165/97,247.066476,20.78237801,90.65373172,0.938896578,0.56868348,59.46850068,High,Current,Frequent,Balanced,None,Occasional,None,75.25102465,Good,Excessive,8.828929245,0.646572264,9.735718139,Undergraduate,Low,54
Male,174.9717615,63.39687006,133/99,231.7548,20.70770116,110.7291862,1.105147269,0.691363993,45.41288742,Low,Current,None,Low-carb,None,Regular,None,70.11940844,Good,Normal,1.917074844,4.94015,1.794071932,Postgraduate,High,47
Female,158.7386561,65.13352999,167/105,250.3085502,25.84873043,134.9615994,0.939594814,0.264259022,49.03113627,Moderate,Former,None,Balanced,Diabetes,None,Hypertension,46.66939142,Good,Normal,6.17579399,5.812877981,7.060119737,High School,Medium,72
Male,181.6768281,70.69347153,141/108,222.9287153,21.41806494,142.2625068,0.892886588,0.453877416,47.88274151,Low,Current,None,Balanced,None,None,None,72.21984532,Fair,Excessive,8.696651926,3.402152975,10.00981136,Postgraduate,High,48
Female,153.9995594,68.02264392,103/93,218.352961,28.68233816,128.615386,1.7067442,0.812336657,34.04151326,Moderate,Never,None,Balanced,None,Occasional,None,69.03572885,Good,Normal,7.429331171,2.594755512,0.820720224,High School,High,27
Female,167.6102648,61.45300061,137/99,223.9571485,21.87468809,121.2008984,1.419693137,0.572611545,47.38337112,High,Current,Occasional,Balanced,Heart Disease,Occasional,Hypertension,75.19659926,Poor,Excessive,9.54487109,6.599327382,8.642404391,High School,Low,39
Female,157.3534111,67.90620972,135/91,235.8713423,27.42566499,120.9561705,0.943405268,0.596836693,42.81342394,Moderate,Former,Frequent,Balanced,Diabetes,Occasional,Diabetes,60.987263,Fair,Normal,7.088360337,1.296444401,2.286872952,None,Medium,44
Female,162.8296138,66.38596066,158/91,254.4084495,25.03856636,146.9342352,1.380009663,1.000082713,47.99295378,Moderate,Former,Frequent,Low-carb,None,Occasional,None,60.73722603,Good,Insomnia,7.201410698,3.712903465,7.096651987,High School,High,30
Female,165.1972863,78.6001715,128/86,244.8171824,28.8016704,141.4622366,1.542992091,0.832668236,30.71341549,High,Never,Occasional,Low-carb,Hypertension,Regular,Diabetes,91.1855757,Excellent,Normal,6.860371471,7.710589122,9.808562314,Undergraduate,Medium,22
Male,171.8736934,76.60595867,148/93,254.1216712,25.93246095,128.3851525,0.592446895,0.234150853,53.16977051,Low,Current,None,High-fat,Diabetes,Regular,Heart Disease,47.79483517,Good,Normal,4.460814086,7.891721417,1.202173174,None,High,75
Female,167.7019542,50.58831383,140/94,230.324978,17.98763047,102.4192532,1.598897267,0.790255519,45.90378981,Moderate,Never,None,Balanced,None,None,None,87.18134817,Good,Normal,2.64879106,4.763699242,8.476690242,Postgraduate,Medium,25
Female,146.407313,63.45036385,140/119,226.5981326,29.60114953,144.5884782,0.368039359,0.267990556,54.10852617,Moderate,Current,None,High-fat,Heart Disease,None,Heart Disease,65.04678398,Poor,Insomnia,7.26373532,8.614477945,5.226334508,Postgraduate,Medium,79
Male,180.420298,73.29511874,135/76,202.6140279,22.5166751,105.3454354,0.984272317,0.424467271,57.7781113,High,Never,None,Balanced,None,Occasional,None,76.96239686,Good,Insomnia,7.028142482,6.884470448,11.48832168,Postgraduate,Medium,41
Female,154.7794981,70.29164687,135/83,210.3122055,29.34113102,136.2100579,0.934631883,0.384546018,65.06024437,High,Never,Occasional,Balanced,None,None,Diabetes,68.6181552,Excellent,Normal,2.987390329,8.569530976,10.96282758,Undergraduate,High,50
Female,160.2370627,92.13266845,130/89,219.9258815,35.88291357,115.1215339,1.261298574,0.593040417,33.17545095,Low,Former,Frequent,Balanced,Heart Disease,Regular,Hypertension,72.33692697,Excellent,Normal,3.476160218,5.881429282,8.083192702,None,Medium,43
Male,187.250828,83.6246141,158/100,252.0901184,23.84990387,133.7925435,0.519566446,0.4688007,52.46773579,High,Never,Occasional,Balanced,Hypertension,Regular,Hypertension,43.65924676,Good,Insomnia,9.577741243,1.011616071,10.78592929,High School,Low,69
Male,165.2288957,86.49028991,142/87,269.6650512,31.68074257,131.9646698,1.139933187,0.45939768,27.86480872,Moderate,Current,Frequent,High-fat,Heart Disease,Regular,Heart Disease,72.0580026,Fair,Normal,3.682820149,7.846849636,6.249872966,High School,Medium,43
Male,170.6662242,98.03248772,141/98,239.0014855,33.65695816,155.3969432,0.575955648,0.262378054,79.24519834,Moderate,Current,None,High-fat,Hypertension,Occasional,Heart Disease,69.69477201,Fair,Insomnia,3.675699269,1.051170104,1.207087565,Undergraduate,Medium,81
Male,184.8600486,93.486858,133/114,225.9161521,27.356746,134.3672032,0.538343343,0.2,45.60558244,Moderate,Current,None,High-fat,Hypertension,Regular,Diabetes,49.67416867,Fair,Insomnia,7.13867639,3.561855864,6.208494563,High School,High,80
Male,176.879542,92.81777083,132/107,256.6800451,29.6671566,88.76825455,1.197836893,0.683092285,52.30906715,Moderate,Never,None,Vegetarian,None,Occasional,None,64.40023242,Fair,Normal,4.566283805,0.314369236,2.30965513,Undergraduate,Medium,38
Female,160.7063925,58.37306997,124/88,220.4563291,22.60196667,103.6227133,1.197832862,0.760802541,44.53894145,High,Never,None,Low-carb,Heart Disease,Occasional,Heart Disease,65.41468103,Good,Normal,7.136066769,4.625503768,3.217949274,None,High,28
Female,164.363451,49.57369726,173/95,248.9819437,18.35020025,171.8634954,0.554987062,0.2,66.39627443,Moderate,Never,Occasional,High-fat,None,None,None,63.55334725,Fair,Normal,8.854573417,0.042091321,2.159597551,Undergraduate,Medium,74
Female,158.5324749,65.40062723,143/97,248.9446034,26.02228532,160.0389573,0.855093292,0.515914884,48.19425251,Moderate,Current,None,High-fat,Heart Disease,Regular,Diabetes,55.85044749,Good,Insomnia,4.290596953,6.355408099,2.191191999,Undergraduate,High,47
Female,159.6148104,57.64139607,120/82,246.3577093,22.62497554,119.0231062,1.381071482,0.555481366,56.18146928,Moderate,Former,Frequent,Balanced,None,None,None,77.53313556,Fair,Normal,2.371693586,3.514541184,11.5066951,High School,Medium,26
Male,168.5547229,101.0381471,131/96,228.5727746,35.56342022,119.9442159,1.30891968,0.832713982,41.99551833,High,Never,None,High-fat,None,None,None,67.55552766,Poor,Insomnia,1.075333002,7.371625736,0.088900214,Undergraduate,Low,28
Female,155.2087261,81.94319557,158/81,240.4402999,34.01579518,100.2188379,0.89839097,0.562782526,48.30809501,Low,Never,None,Low-carb,Hypertension,Occasional,Diabetes,67.40440837,Good,Excessive,3.829042551,1.931128649,6.787351765,None,Medium,47
Male,182.2100082,63.32991621,134/96,218.1081399,19.07499611,141.9177586,0.808152287,0.587273052,21.72484591,Low,Never,Occasional,Low-carb,Heart Disease,Regular,Diabetes,60.35226316,Poor,Excessive,2.713711054,5.314553049,9.850920971,Postgraduate,Medium,52
Female,162.1282057,77.54577998,127/75,248.2943561,29.50129063,119.849379,1.623459147,0.536604853,40.27528663,Moderate,Former,None,High-fat,None,None,None,67.40353261,Fair,Normal,5.61934499,1.236651576,6.694789217,Undergraduate,Medium,25
Female,172.2285923,65.43930995,134/90,256.953578,22.06115304,104.936955,1.711495217,0.781818651,45.6837266,Low,Never,Occasional,Balanced,None,None,None,77.91225613,Good,Normal,1.992260493,1.035526659,11.53056539,High School,Low,20
Female,152.3528807,58.56379411,162/95,269.535425,25.23061662,129.3582777,0.512284648,0.2,68.84899766,High,Current,Occasional,Vegetarian,None,None,None,57.13893172,Fair,Normal,9.717534533,1.852417138,8.504395971,Postgraduate,High,84
Male,165.3226669,81.10591141,133/89,184.1570103,29.67479339,126.2434918,1.096565818,0.517929549,41.52732621,Low,Current,None,Low-carb,Heart Disease,Occasional,Heart Disease,52.92616375,Excellent,Normal,4.605254129,4.069263404,6.197766109,None,Low,35
Male,172.1675812,89.61492969,142/80,224.9132199,30.23274718,150.6665148,0.847982279,0.535514796,36.3872012,Moderate,Current,Occasional,High-fat,Diabetes,Regular,Diabetes,70.06749354,Good,Excessive,2.047924164,2.853214127,2.529447971,Undergraduate,Low,44
Male,187.5873488,58.61501636,147/96,224.4272253,16.6571923,128.3494509,0.818969989,0.423974853,58.0933449,Moderate,Former,Occasional,Balanced,None,None,None,63.90486505,Good,Normal,6.377162548,7.879582874,11.63471657,None,High,64
Female,173.0684096,68.94867836,155/103,228.1263741,23.01920603,87.74168878,1.055534519,0.453554178,51.88584919,Moderate,Current,Frequent,Low-carb,Hypertension,None,None,47.89681521,Good,Insomnia,8.146757863,4.472669802,11.28200783,Postgraduate,Low,48
Female,161.2992675,64.85861165,128/89,273.1575367,24.92888521,124.9322909,0.805930725,0.45115501,50.25261166,Moderate,Former,Occasional,Low-carb,None,None,None,45.21422926,Excellent,Insomnia,2.708778582,4.375379898,8.227083993,High School,High,54
Male,167.8804387,100.1014247,139/100,259.5298506,35.51731013,117.8338559,1.096487205,0.526496673,50.12363731,High,Former,Frequent,Balanced,Diabetes,None,None,71.18586717,Fair,Normal,5.707499455,4.13986151,1.474449488,Undergraduate,Medium,45
Male,175.4612284,83.28172069,151/92,249.5180373,27.05125127,102.269019,0.739217702,0.530475638,44.07903777,High,Never,Occasional,High-fat,Diabetes,Occasional,Diabetes,68.99976094,Fair,Insomnia,5.044067976,2.821602894,10.25161177,Postgraduate,Medium,58
Male,176.666242,67.19115746,154/83,239.1107977,21.52806424,127.4766388,1.178403592,0.552241445,49.77331428,Low,Former,Occasional,Low-carb,None,None,None,56.30351782,Fair,Normal,2.429757413,9.954747276,4.587977239,High School,Low,41
Female,169.5824369,74.56303745,149/81,204.1144413,25.92757194,93.98572576,1.081947614,0.495493014,42.06004074,Moderate,Former,None,Balanced,Diabetes,None,Diabetes,51.97548632,Fair,Insomnia,7.437784043,6.32564031,9.735189112,None,Medium,47
Male,169.1434838,68.04393905,132/100,211.0228438,23.78367185,116.3055948,1.721408828,0.736623549,45.7513857,High,Never,Frequent,Vegetarian,Diabetes,Regular,Hypertension,86.33790114,Fair,Excessive,2.095553721,3.130727809,9.368595758,High School,Medium,29
Female,157.4901289,50.41237666,143/80,200.5717424,20.32499724,112.5347425,1.438324672,0.798762668,36.22838186,Low,Never,Occasional,High-fat,None,None,None,76.07948461,Fair,Normal,2.591655961,1.982354106,2.315643702,High School,Low,28
Male,181.3642289,69.20334126,140/94,238.9996544,21.03893714,108.6702297,1.602496662,0.721584618,24.90944419,Moderate,Never,None,Balanced,None,None,None,61.90177957,Poor,Insomnia,5.511391353,4.1254966,8.988062874,High School,High,20
Female,169.5887702,67.14501924,137/92,250.7669221,23.3463838,118.6085767,1.070268766,0.519003996,40.74387037,Low,Former,None,Vegetarian,None,Regular,None,78.34260263,Poor,Insomnia,2.509837552,1.201004353,3.795105091,Undergraduate,Medium,47
Male,178.078266,79.76861588,148/81,225.6663772,25.15418322,138.8833168,0.647102391,0.467057249,56.99245596,Moderate,Current,None,Balanced,Heart Disease,Regular,Heart Disease,74.20314776,Fair,Normal,2.591164849,2.818086015,10.40712958,Postgraduate,High,66
Female,166.1210817,75.11543751,166/102,255.3335174,27.21947225,175.5082887,0.133350029,0.32193727,66.6859854,Low,Never,Occasional,Balanced,Heart Disease,Regular,Diabetes,55.29043799,Poor,Insomnia,3.591144822,9.559332619,6.683663288,Postgraduate,High,85
Male,173.9958992,83.9960715,138/91,188.7022992,27.7447585,132.4944413,1.272613236,0.671449616,65.55848053,Moderate,Never,None,High-fat,None,None,None,54.71478397,Fair,Normal,1.0750519,0.889435619,0.433800503,High School,Medium,41
Male,181.1676703,76.74576929,147/101,217.7886913,23.38261315,104.7836283,1.171864158,0.694397914,52.45800859,Low,Former,Frequent,Balanced,Diabetes,Regular,Heart Disease,73.19007361,Good,Normal,2.559452838,3.492422161,8.034652682,None,High,37
Male,180.9712819,65.56404353,167/93,234.3470383,20.01918554,99.72767465,0.681910768,0.621048946,56.50283569,Moderate,Never,None,High-fat,Heart Disease,Regular,Hypertension,68.5410054,Fair,Normal,2.322266213,3.453951745,11.93823158,Postgraduate,Medium,61
Female,165.5531862,100.5404975,144/96,204.6729088,36.68309265,133.2040298,1.270141868,0.68609247,42.34552926,Moderate,Current,Occasional,Balanced,Heart Disease,Regular,Hypertension,58.39490917,Good,Insomnia,3.588792586,0.137097079,5.967335123,Postgraduate,Low,35
Male,181.2099392,84.99438277,141/94,213.0736133,25.8836903,114.1836379,1.279513981,0.530433478,54.11105901,Moderate,Never,None,Balanced,None,None,None,57.8061519,Excellent,Insomnia,9.46437409,1.004822829,11.55670888,Postgraduate,Medium,36
Male,167.8726155,86.05031839,123/90,220.4112334,30.53463743,145.1342386,0.700784535,0.276398383,52.3896484,Low,Never,None,Low-carb,Hypertension,Occasional,Diabetes,67.86607199,Poor,Insomnia,3.827283718,6.957102417,5.614525065,High School,Medium,57
Female,171.5902606,58.43304668,152/88,237.6456725,19.84601263,78.83218263,1.389219929,0.682210619,42.48450084,Moderate,Never,None,Low-carb,Hypertension,Occasional,Diabetes,89.54022275,Good,Normal,5.150426204,5.017156523,9.757733499,High School,Medium,25
Female,162.0265516,57.37038675,158/97,210.1895097,21.85321807,108.3207601,1.383154893,0.719537631,29.0524566,Low,Current,Frequent,High-fat,Diabetes,Regular,Diabetes,87.65352896,Fair,Insomnia,2.391008452,5.307154941,9.311516588,High School,Low,34
Male,172.9062176,83.17834346,146/110,204.7074058,27.82204482,137.3143183,0.386973961,0.287668889,70.8194145,Moderate,Current,Occasional,Balanced,None,Occasional,Diabetes,67.73277194,Fair,Normal,6.625106916,4.835066703,10.1003359,Postgraduate,Medium,83
Female,146.2004048,71.38052107,153/93,254.2162872,33.39508579,86.69336288,1.557891282,0.577697476,29.71688407,High,Current,Frequent,Vegetarian,Hypertension,Regular,Diabetes,65.80205646,Poor,Excessive,7.444034135,5.993514329,2.832843687,Postgraduate,Medium,32
Male,173.4538097,63.90344466,142/95,234.6240667,21.24010128,137.5763734,0.568702961,0.451037388,57.34229588,Low,Former,Frequent,High-fat,Diabetes,None,Hypertension,55.35337254,Good,Insomnia,6.077572482,7.39161818,2.553992298,High School,High,65
Male,172.4141085,87.63507263,140/95,244.0372665,29.48033057,135.9743023,1.026702618,0.446146214,37.95627627,Low,Former,None,Balanced,Diabetes,Regular,Diabetes,61.97717603,Poor,Insomnia,2.172445491,4.134933201,8.492401019,High School,Medium,54
Male,167.5600885,98.86217033,122/85,247.3561491,35.21186095,128.4592606,1.478953773,0.741537158,40.25846441,Moderate,Never,None,Vegetarian,Diabetes,Regular,Diabetes,52.89227556,Good,Insomnia,3.536043474,3.787757899,3.387484229,Undergraduate,High,25
Female,164.4415629,56.60423534,142/106,244.6070822,20.93272347,104.753637,0.741473965,0.600553853,53.14515985,Moderate,Never,Frequent,Balanced,None,None,None,69.32288723,Excellent,Normal,7.200814821,9.747820702,10.23920421,High School,Low,59
Female,167.5581345,54.2025936,151/108,233.4254618,19.30585479,133.8270622,1.015404366,0.354636416,46.93048165,Moderate,Current,Occasional,Vegetarian,Heart Disease,Regular,Hypertension,50.17636354,Excellent,Insomnia,7.781741048,9.54905931,9.33551937,Undergraduate,Low,57
Male,179.6710991,96.02055116,140/94,240.3129373,29.74457345,84.13195856,1.17569643,0.690739631,40.4187071,Low,Current,Occasional,Vegetarian,Heart Disease,None,Diabetes,64.11322852,Fair,Insomnia,8.212897456,4.221461333,11.18523419,High School,Medium,49
Female,161.842398,72.86972829,135/91,201.1753348,27.82034689,105.9089485,1.091004908,0.620015709,34.52389521,Moderate,Current,Occasional,Low-carb,None,Occasional,Hypertension,71.33946981,Good,Insomnia,4.57922445,6.988352116,6.080646825,Undergraduate,Low,42
Female,159.9131462,41.80605666,155/93,230.6046456,16.3482349,168.2711986,0.245970267,0.247616234,57.65863805,Moderate,Former,None,Balanced,None,None,None,55.39848375,Excellent,Insomnia,1.371191236,0.687333624,6.594152013,High School,High,77
Male,172.7014784,80.10641807,163/94,245.3498751,26.85809478,115.6165911,1.047056656,0.556622097,30.85655139,Low,Former,Occasional,Low-carb,None,None,None,69.91509151,Good,Insomnia,4.886585862,1.626310959,2.337240564,High School,Low,51
Female,162.924857,64.29752593,168/100,245.2715139,24.2225335,137.6410876,0.369992826,0.346554882,42.94219187,High,Never,Frequent,Balanced,None,Occasional,Diabetes,69.43334996,Good,Excessive,8.756711899,9.019828758,7.141385835,Postgraduate,High,78
Female,155.9686793,60.73170384,161/111,233.2041738,24.96552343,152.1307765,0.387007992,0.2,53.30469401,High,Never,None,High-fat,None,None,None,46.3910237,Fair,Normal,9.460000258,1.231383854,11.41914603,Undergraduate,High,78
Male,183.743812,103.1121672,128/77,214.8014158,30.54108566,117.6018822,1.853865676,0.72251975,34.7793037,Low,Never,Occasional,High-fat,Diabetes,Regular,Diabetes,65.98838783,Fair,Insomnia,2.373842645,0.45927979,9.906408525,Undergraduate,High,24
Male,170.1465349,88.22777731,122/106,217.5304092,30.47608109,130.7834651,1.175882546,0.61129935,25.24374226,High,Former,None,High-fat,Heart Disease,Regular,Hypertension,61.31204615,Fair,Normal,8.699506669,4.488211603,0.680263168,Postgraduate,Medium,34
Female,162.3902071,65.6666271,131/91,205.1914767,24.90147304,125.5576001,1.002651828,0.396669586,54.90836993,Moderate,Never,None,High-fat,None,None,None,53.20623282,Excellent,Normal,4.564309731,8.930413433,9.293893213,Undergraduate,Medium,55
Female,170.4844412,59.15822704,157/111,248.518302,20.35380686,126.790523,0.559884773,0.36208948,42.74399665,High,Former,None,Balanced,None,None,None,55.60683825,Fair,Insomnia,1.96675434,3.626788961,7.160159225,High School,Low,58
Female,165.0871131,72.56057404,127/90,238.5799582,26.62406494,112.6834743,1.471913308,0.877858097,35.22603437,Low,Never,None,Low-carb,Heart Disease,Regular,Heart Disease,77.77515899,Fair,Insomnia,6.217373517,0.500187008,11.24373726,High School,High,18
Male,180.2836847,93.24135268,180/99,236.5723774,28.68769891,125.223999,0.557528308,0.27177854,59.33282404,High,Former,Occasional,Balanced,Heart Disease,Regular,Hypertension,51.8991872,Good,Insomnia,5.184961146,8.226146367,5.818988966,Undergraduate,High,77
Male,175.7485233,75.10213318,158/98,234.2073663,24.31469932,127.5589179,0.109210707,0.2,61.27827204,Moderate,Never,Occasional,High-fat,None,None,Hypertension,40.54253943,Poor,Insomnia,1.882267444,4.581855287,0.323800604,High School,High,81
Male,175.4865977,66.35917511,113/78,250.0889188,21.54830285,118.8265638,1.66414118,0.654152812,26.64259732,Low,Never,None,Low-carb,Diabetes,Regular,Hypertension,53.87209101,Good,Normal,6.982258841,3.742233415,6.631796164,None,High,18
Male,188.2789495,80.02185735,109/83,246.7154521,22.5738219,150.0967778,1.482574166,0.708851226,22.7464121,Moderate,Former,Occasional,Balanced,Diabetes,Regular,None,71.95368132,Fair,Insomnia,5.822276198,7.489175203,1.843996401,Postgraduate,Low,33
Female,162.8944356,65.39567993,139/103,199.8472847,24.64543915,130.3236593,0.847336206,0.532210913,43.43725735,Moderate,Never,Frequent,Low-carb,None,Occasional,Diabetes,72.37530797,Fair,Normal,5.383993012,3.247986071,5.375827548,Postgraduate,Low,52
Female,161.8871526,58.51545178,171/101,231.8065656,22.32779281,148.2564009,1.38918431,0.536259519,45.50787839,Moderate,Former,Occasional,Balanced,Diabetes,Regular,None,64.74044087,Good,Insomnia,6.689897141,6.152704384,2.743352221,Undergraduate,High,41
Female,154.0302182,47.44672354,150/106,196.9192423,19.99835927,92.3212594,1.486041675,0.726747773,47.54030186,High,Former,None,High-fat,None,None,None,59.67282552,Good,Insomnia,1.134216125,1.885597125,4.384627545,High School,Low,28
Female,156.6116439,75.38656134,134/102,223.6777093,30.73589314,124.5272531,1.510952366,0.654114693,31.35327768,Low,Current,Occasional,Balanced,Heart Disease,Regular,None,81.2157912,Good,Insomnia,6.261847144,9.893562247,10.98603605,None,Medium,31
Female,158.6865772,59.54133287,169/84,251.4772123,23.64493732,109.5776201,0.652104769,0.233500997,64.47726592,Moderate,Former,None,Low-carb,Hypertension,Regular,Hypertension,53.89005803,Good,Insomnia,9.635605097,6.483853538,11.47671609,High School,High,74
Female,151.2706409,66.05321796,156/86,218.7078493,28.86587233,127.422793,1.479352058,0.706136252,28.45297409,Moderate,Never,None,Balanced,None,None,None,78.48437603,Good,Excessive,8.366272741,5.249508423,6.260450979,None,Medium,26
Female,157.3807323,57.90173102,161/91,252.4873462,23.376981,121.9925104,0.367342828,0.231650776,54.9808821,Low,Current,Occasional,Vegetarian,None,None,None,53.95581915,Excellent,Normal,2.252008155,6.708169733,10.71244683,Postgraduate,Medium,77
Male,179.3060943,68.48447841,154/97,246.1182903,21.30110098,147.4773917,0.726067253,0.249106967,52.80378296,Moderate,Never,Frequent,Vegetarian,Hypertension,Regular,Heart Disease,58.96245267,Good,Insomnia,4.304352814,8.483863634,7.41559453,High School,High,70
Female,159.4584727,68.57098604,149/88,218.5838563,26.96777985,89.85894287,1.556809317,0.752628107,37.77676086,Moderate,Never,None,Low-carb,Heart Disease,Regular,None,78.22791607,Excellent,Normal,5.478722499,9.25808643,0.437811619,None,Low,20
Male,190.3435351,61.65656549,145/103,209.3764278,17.01778636,115.5047587,0.811034051,0.447855542,63.71649985,Low,Current,Frequent,Vegetarian,None,None,None,94.24910418,Good,Normal,8.498343674,7.465455109,5.697578454,High School,Medium,61
Male,176.7829021,73.3177145,127/88,212.9520528,23.46002121,116.6830611,1.698537189,1.062537458,33.02487839,Low,Former,None,High-fat,Hypertension,Occasional,Heart Disease,70.72610521,Fair,Normal,3.928271771,1.120082364,7.684362732,High School,Medium,18
Male,176.3435774,89.28443532,164/97,245.2832173,28.71153836,153.4527392,0.205902731,0.292876966,52.48806162,Low,Former,Occasional,Low-carb,None,None,None,49.82027831,Fair,Normal,9.219470341,2.479146835,9.099766564,High School,Low,81
Male,173.7569593,84.81330962,147/96,223.747123,28.09180174,123.9181907,1.343630761,0.563910942,47.00852339,High,Former,None,Low-carb,Heart Disease,Occasional,Heart Disease,69.47886695,Good,Normal,5.461281812,8.055726108,4.252502081,High School,Low,38
Male,189.4759843,66.85241456,166/112,298.7494366,18.62124671,118.7673709,0.605311907,0.295958683,53.64308436,Moderate,Former,None,Balanced,None,Occasional,None,51.02617629,Good,Normal,2.10627808,3.973583581,9.021428856,Undergraduate,High,75
Female,156.251241,80.69023864,152/80,212.1774755,33.05019674,127.9165236,1.296347755,0.528306982,54.5415219,Moderate,Former,None,High-fat,Diabetes,Regular,Hypertension,57.24919233,Fair,Normal,9.91152652,5.662714006,3.10773144,Undergraduate,High,38
Female,166.9812489,71.67273017,157/108,242.1300513,25.70505504,134.5541375,0.662397205,0.200169683,60.30189894,High,Former,Frequent,Vegetarian,None,None,Heart Disease,53.1672132,Fair,Normal,3.756906416,8.192541482,6.589982361,None,Medium,69
Female,160.7989677,51.76977971,134/103,246.8141491,20.02210823,122.7677748,1.058424977,0.538351968,31.63752057,Moderate,Current,None,Balanced,None,None,Heart Disease,64.94271418,Excellent,Normal,8.335993848,6.124275936,6.739373295,Undergraduate,Low,53
Male,173.2715422,82.19558178,142/88,223.9671251,27.37751288,110.2638845,1.184306238,0.432721793,45.08590196,High,Current,Occasional,High-fat,Hypertension,Regular,None,48.64121353,Good,Excessive,6.763857817,2.834322589,11.36575208,High School,Medium,53
Male,175.0986164,90.91561799,122/92,222.8274605,29.65330239,132.8882975,0.84008375,0.519196618,35.8301081,High,Former,Frequent,High-fat,Heart Disease,Occasional,Hypertension,51.67920814,Fair,Insomnia,9.07242566,6.007079814,9.917262588,None,Low,53
Female,147.6206083,73.61428063,112/98,206.9998792,33.78065697,122.9579932,1.867733392,1.002773909,45.08288632,Low,Former,None,Low-carb,Diabetes,Occasional,Diabetes,67.01375972,Fair,Insomnia,4.609280817,9.378687244,4.90531423,High School,Low,18
Female,164.7636171,55.57269537,140/93,206.5468261,20.47098907,98.7976218,0.909528507,0.433945953,35.16736745,Moderate,Current,None,Vegetarian,None,None,None,56.53319612,Poor,Excessive,3.220777612,2.254492684,10.03308314,Postgraduate,Medium,48
Male,151.5395949,99.50379034,157/82,241.2830576,43.32986946,113.2955399,1.152355512,0.876075955,35.63016647,Low,Never,Frequent,Vegetarian,Diabetes,Occasional,Heart Disease,61.80157808,Fair,Normal,5.416403696,6.049446231,0.797680369,None,Medium,39
Female,148.4360645,70.3519508,149/100,254.836578,31.92987969,144.3327429,0.669440408,0.212877071,61.31487635,High,Current,Frequent,Balanced,None,None,None,48.37807448,Good,Normal,4.632456488,3.358267269,11.08141892,High School,High,75
Female,162.1830476,60.22277447,159/98,249.0024353,22.89548489,133.7806473,0.64261098,0.443991411,73.57520314,Low,Current,Occasional,Vegetarian,Heart Disease,Regular,Heart Disease,79.85956356,Fair,Excessive,3.225012257,0.13817171,2.231370855,None,Medium,76
Female,145.0006904,64.11921237,182/104,270.4568066,30.49636234,131.9043086,0.289329913,0.2,63.48983866,High,Former,None,Low-carb,Hypertension,Regular,Heart Disease,45.09831724,Fair,Insomnia,9.480864721,4.539440402,8.747146793,Postgraduate,Medium,87
Male,176.7837176,85.91256183,148/103,232.2854127,27.48983572,131.305297,0.362197593,0.300484131,46.47736661,Low,Former,None,Balanced,Hypertension,None,Heart Disease,57.0313218,Excellent,Excessive,7.620622474,8.972126826,5.279388999,None,Low,71
Male,173.6651031,93.25451811,176/104,239.8594521,30.92037592,117.5557419,0.661182972,0.2,73.93003848,Low,Current,None,Balanced,Diabetes,Regular,Hypertension,50.99467669,Good,Insomnia,8.368686216,0.017399493,9.498997156,High School,High,83
Male,174.487681,71.24822896,133/89,257.3525332,23.40154505,119.6195577,0.905579,0.668201564,34.97529923,High,Former,Occasional,Vegetarian,Hypertension,Occasional,Heart Disease,84.55540499,Poor,Insomnia,8.355694159,2.378214356,5.20840086,Undergraduate,Low,50
Female,164.9893391,61.31913604,137/87,237.7127526,22.52600943,154.9671194,0.731801793,0.365544758,48.31553624,Low,Never,None,Low-carb,Hypertension,Regular,Heart Disease,75.67225091,Good,Excessive,1.777676831,8.210953369,1.161807287,High School,Medium,52
Female,161.3313505,58.20743052,173/109,247.6190325,22.36355748,158.9160699,0.557355129,0.252755047,43.95902787,Moderate,Current,Occasional,Low-carb,None,None,None,54.72508416,Good,Normal,4.568757164,8.428837682,1.301351111,None,Low,75
Male,198.1122151,72.84609612,161/94,262.9350165,18.56024799,153.8396607,0.220902905,0.2,61.76847466,High,Former,None,Balanced,None,None,None,66.26977491,Good,Normal,2.823929011,9.34499779,1.967386244,High School,Medium,82
Male,172.5547493,67.80270464,132/84,183.3991211,22.77158098,97.63375234,1.51896322,0.647404766,40.14579896,High,Never,None,Low-carb,None,None,None,74.96875026,Poor,Insomnia,3.480106858,0.83015937,5.185016749,Undergraduate,Low,32
Female,168.3177882,68.75124373,147/96,251.82421,24.26724795,159.462685,0.964748951,0.503443792,26.1205083,High,Former,Frequent,Low-carb,None,Regular,None,52.37692409,Fair,Normal,7.292897143,0.556288644,2.224569742,None,Medium,49
Male,169.0834326,87.34796775,146/92,217.7738772,30.5527772,125.2652378,1.018334874,0.630364308,35.43289306,Moderate,Never,None,High-fat,None,None,Diabetes,69.56412521,Poor,Normal,1.268107638,5.939656772,2.457875717,Postgraduate,Medium,34
Male,166.9657224,69.78620999,122/84,235.7185653,25.03311941,102.825307,1.40956112,0.888100447,22.63979537,Low,Never,Frequent,Balanced,Heart Disease,Occasional,Heart Disease,54.3003158,Good,Excessive,8.085979758,2.691693325,0.33931574,Undergraduate,High,25
Female,172.544525,75.06024501,115/79,201.8844921,25.21201816,121.7866979,1.621928862,0.897851611,8.661655252,Moderate,Never,None,Vegetarian,Heart Disease,Occasional,Diabetes,70.61404451,Good,Excessive,4.663580979,9.119301003,0.708284219,Undergraduate,High,22
Female,157.269716,47.52320532,163/109,256.8893692,19.21389973,141.2054547,0.905866301,0.2,60.13598022,Low,Current,None,Low-carb,Hypertension,Regular,None,64.12938491,Poor,Insomnia,8.200435539,5.665591034,4.076991794,High School,Low,74
Male,175.0031403,86.67442715,149/84,230.2937397,28.30083806,96.09973775,1.010690054,0.604262471,52.48752482,Low,Current,Occasional,Balanced,None,None,None,57.10113288,Good,Normal,1.928664482,3.523092408,11.02797859,None,High,45
Male,188.5007516,90.06806769,119/95,252.6008359,25.34805688,157.7626758,1.100255971,0.346782789,40.40015685,Low,Current,Frequent,High-fat,None,Regular,None,62.06869853,Excellent,Normal,1.408241667,7.098558832,8.449129099,Undergraduate,Medium,60
Female,166.4288494,46.37537735,137/97,222.5864113,16.74288272,113.9930272,1.172588479,0.436941125,30.60770885,High,Former,None,Balanced,None,Occasional,None,62.65741228,Excellent,Normal,1.445318974,8.318402845,11.35262726,None,Low,42
Male,188.025062,80.29017709,141/89,226.7085198,22.71072166,90.21698476,1.211844012,0.676766636,36.94271546,Moderate,Former,None,High-fat,None,None,None,79.44881997,Fair,Normal,6.388760794,5.931137762,4.707459378,High School,High,32
Male,170.4896308,80.1313745,151/89,264.9882236,27.56808835,129.8674288,1.22051216,0.618403416,32.37397962,Low,Current,Occasional,Low-carb,Diabetes,Regular,Hypertension,45.55961445,Fair,Insomnia,8.300892915,2.166860376,2.470066261,High School,Low,45
Female,166.2783299,68.47872924,136/90,228.613544,24.76762621,125.3169273,1.379592206,0.75287914,30.54454763,Moderate,Current,None,Balanced,Diabetes,Occasional,None,79.46489189,Fair,Normal,3.048983029,5.055657083,0.101190462,Postgraduate,Low,33
Male,163.018696,73.72035813,151/94,313.1029336,27.74039282,119.5035325,0.66336704,0.394334096,57.05774368,Low,Current,Occasional,Balanced,None,None,None,67.54380859,Poor,Insomnia,7.350994813,6.579891629,8.567699193,Undergraduate,High,81
Male,187.913316,59.55264672,126/91,203.4009859,16.86498483,87.62438736,1.325430298,0.854471841,45.21666365,Low,Current,Occasional,Low-carb,Heart Disease,Occasional,Diabetes,75.25371448,Good,Normal,3.968433631,8.697750188,0.754779812,High School,Medium,31
Female,164.2205763,59.36524273,156/99,257.3978195,22.01289206,106.6984358,0.980947707,0.488143511,46.5942466,High,Former,None,Balanced,Hypertension,None,Diabetes,71.5488677,Good,Normal,1.887280254,8.482196935,1.91416704,Postgraduate,Medium,49
Female,160.2301929,63.06597459,159/99,231.9249465,24.56441356,120.3780249,0.77967975,0.524767061,30.13200618,Moderate,Never,Occasional,Low-carb,None,None,Hypertension,89.96114475,Poor,Excessive,1.699088957,6.185806766,2.680942495,High School,Medium,49
Male,163.8841052,74.49781322,152/97,233.622196,27.73766229,128.3803155,0.942260568,0.521989573,34.67765458,Moderate,Never,Frequent,Low-carb,Diabetes,Occasional,None,51.98056549,Good,Normal,8.369960637,5.093378631,2.961441359,None,Medium,43
Female,158.267457,47.1253181,137/90,199.9439592,18.81356275,91.4893456,1.317162003,0.553054124,31.69732635,High,Former,Frequent,Low-carb,None,None,None,84.62663085,Good,Normal,8.787884329,9.833066662,9.704978823,Undergraduate,Low,34
Female,152.2161228,77.21723276,160/83,218.4656482,33.32674687,120.9774297,1.442177382,0.68730322,35.43792171,Moderate,Former,Occasional,Low-carb,Hypertension,Regular,Heart Disease,56.26339697,Poor,Insomnia,4.604631979,2.400981144,2.927632445,None,High,37
Male,178.8709611,83.22997278,150/104,253.3275625,26.01357685,132.8669969,0.341140099,0.281525549,66.13524289,High,Former,Occasional,Vegetarian,Hypertension,Regular,Diabetes,43.48066311,Fair,Normal,6.545870722,3.040255365,8.417763773,None,Medium,78
Male,165.481641,84.42763453,147/86,240.0950634,30.83081347,94.90902798,1.511838002,0.960664675,27.01921622,Low,Never,None,High-fat,Hypertension,None,Hypertension,69.05494562,Excellent,Insomnia,9.292443815,4.923578436,9.230773963,Undergraduate,Medium,19
Male,168.2651959,70.46391066,165/102,205.6013802,24.88732111,165.4649161,0.091228985,0.34961645,50.75935726,Moderate,Former,Frequent,High-fat,Hypertension,Regular,Hypertension,50.59585568,Excellent,Normal,8.710387569,4.916420052,9.728732268,Undergraduate,Low,79
Male,177.8690567,72.37906951,170/97,240.6731063,22.8776911,146.9403828,0.419232056,0.313632006,58.02774743,Low,Former,Frequent,High-fat,None,None,None,61.41597655,Excellent,Normal,1.173118042,2.547922228,8.874780392,None,Medium,78
Female,161.4324439,56.08628381,153/112,238.0471587,21.52162313,109.9975513,0.606539521,0.2,56.94845883,High,Never,None,Balanced,None,Occasional,None,67.27721627,Excellent,Normal,7.509291188,3.22386357,5.910739064,Undergraduate,High,73
Female,161.4513845,58.01223699,156/99,249.4570695,22.25543388,145.7876519,0.282829407,0.2,63.91887533,Moderate,Current,Frequent,High-fat,None,None,None,56.05824456,Good,Insomnia,5.976576729,2.009145269,1.14993133,High School,Medium,85
Male,174.7548184,78.05799921,171/93,242.4360516,25.55989687,125.6397139,0.263204572,0.217490054,64.67539227,Low,Former,Frequent,Low-carb,Hypertension,None,Heart Disease,54.73820912,Fair,Excessive,9.81332906,3.570028158,6.520588289,Undergraduate,High,80
Female,172.0888783,60.71270464,142/99,234.7217627,20.50094936,112.5896102,0.847265215,0.268660672,44.42712037,Moderate,Never,Occasional,Low-carb,None,None,None,61.50364138,Excellent,Insomnia,3.278135143,9.707398057,8.964686006,High School,Low,56
Female,156.3678133,60.43734731,133/105,207.1010603,24.71784863,129.4634176,1.190366818,0.713211143,40.75726676,Low,Former,Occasional,Vegetarian,None,None,None,56.0023587,Excellent,Insomnia,1.744377389,3.385445863,2.284607547,Undergraduate,High,45
Male,173.7424051,74.82147352,135/90,266.767909,24.78646532,115.5942307,1.465625329,0.557488485,30.35808167,Moderate,Current,Occasional,Vegetarian,None,None,None,61.71328867,Fair,Normal,1.705986821,7.771333097,0.379796875,Postgraduate,Medium,33
Male,177.8339866,84.22097003,164/103,289.9303006,26.63119842,142.0980054,-0.101387267,0.2,75.04943728,Low,Former,Frequent,Balanced,None,None,None,35.86004335,Fair,Normal,7.227721188,9.075400291,2.385946528,Undergraduate,Medium,86
Male,171.1782481,95.09034576,138/99,245.6656528,32.45183593,115.7693929,1.177893847,0.661610819,33.48435855,High,Current,None,High-fat,Heart Disease,Regular,Hypertension,36.13216221,Excellent,Insomnia,6.236662615,1.671670611,9.286305477,High School,Medium,37
Male,179.0334406,88.4665393,130/87,234.4066051,27.60010426,98.31601744,1.236136064,0.657573986,35.19272244,Low,Current,Frequent,Vegetarian,Hypertension,None,Hypertension,77.86494488,Good,Insomnia,6.318361077,7.252005208,2.165327014,High School,Medium,31
Female,172.4711096,77.09210982,152/82,248.5276083,25.91655171,142.7811591,1.192098135,0.723797077,51.53685193,Moderate,Former,None,Vegetarian,Heart Disease,Regular,Diabetes,83.11046115,Fair,Normal,4.270563083,9.76134354,6.572667151,Undergraduate,High,35
Male,170.8897754,76.23552755,147/103,240.5152406,26.10509344,114.6193007,0.724375839,0.39980934,46.79461679,Moderate,Former,Frequent,Low-carb,None,None,None,65.13907721,Fair,Normal,4.06163096,3.29460147,1.373843914,High School,High,56
Male,177.2964772,81.44778176,126/83,225.3274715,25.91069413,111.8879866,1.285994137,0.659845053,53.30620708,Moderate,Current,Frequent,Balanced,Hypertension,Regular,Heart Disease,76.19790996,Excellent,Insomnia,2.27062238,5.848818712,3.250614953,High School,Medium,35
Female,156.6074707,62.65376194,150/90,230.1434657,25.54595845,117.9251742,0.773492504,0.400181193,29.87925283,Moderate,Current,None,Vegetarian,None,Occasional,None,66.43753205,Poor,Insomnia,7.933244359,3.999976043,7.45084404,None,Medium,52
Male,177.2126515,98.8199375,145/113,240.3004314,31.46698459,122.4814721,0.259684218,0.2,70.87188267,Low,Former,Occasional,Balanced,None,None,None,49.53703492,Good,Insomnia,5.271804469,0.329246259,1.860398752,High School,Medium,88
Male,179.456015,81.0025396,142/100,234.8605124,25.15258329,102.5621499,0.890601515,0.53815619,50.01449617,Moderate,Never,Occasional,Low-carb,Hypertension,Occasional,Heart Disease,77.42709684,Good,Insomnia,4.577035786,0.384545765,8.855449099,Postgraduate,Low,56
Male,173.9735674,63.89392336,141/85,280.31471,21.11023259,159.016246,0.999791567,0.394326668,55.24742193,Low,Former,Frequent,Balanced,None,None,None,53.47472939,Excellent,Excessive,9.64923011,8.74658379,5.182325422,Undergraduate,High,60
Male,166.6214809,96.14515826,166/95,243.1394833,34.6310324,123.6048005,0.695512811,0.23204035,61.97632773,Moderate,Current,Occasional,Low-carb,None,Occasional,None,63.48811854,Poor,Excessive,3.577390128,2.728802296,9.595665331,None,Low,71
Female,151.838333,71.47384195,133/96,247.1803445,31.00161179,129.1680612,1.091985032,0.577736311,49.8848993,Low,Current,Frequent,Balanced,Hypertension,None,Diabetes,47.43944833,Good,Normal,5.968914241,9.644265186,1.564045368,Postgraduate,Low,46
Male,178.0543935,79.66458274,167/88,267.3978765,25.12811419,150.8016638,0.427306643,0.300588795,74.51513595,Moderate,Former,Frequent,Balanced,Hypertension,Regular,Hypertension,58.31914221,Fair,Normal,2.201602663,0.673722328,11.26059305,Undergraduate,Low,85
Male,179.6856937,96.0547961,140/93,259.5780466,29.75034822,74.52659549,1.692898779,0.509930955,39.96781911,Moderate,Never,Frequent,High-fat,Hypertension,Occasional,None,75.29150488,Excellent,Normal,6.374294556,3.187753961,2.890553727,Postgraduate,High,28
Male,175.2333978,82.31553391,171/117,248.4701969,26.80698894,153.7248615,0.249587496,0.212232253,84.45450797,Moderate,Never,Occasional,Balanced,Diabetes,None,Diabetes,62.35071979,Good,Insomnia,5.311909925,5.120948875,10.84423125,High School,Low,86
Male,178.8395465,87.70600944,168/110,231.4953709,27.42219607,137.3956431,0.53272966,0.2,50.95082247,High,Former,Occasional,Low-carb,Diabetes,Regular,Heart Disease,39.84677531,Fair,Insomnia,1.758383243,4.851838354,5.952082939,None,High,84
Female,151.5574338,54.92598109,165/86,221.3348206,23.91240936,123.533392,0.492693582,0.37607973,53.3599241,Moderate,Former,None,Low-carb,None,None,None,51.78139949,Poor,Insomnia,8.370857746,2.152955597,6.543783319,Undergraduate,Low,69
Female,164.0283013,60.91086167,144/96,233.3754729,22.63899631,147.826716,0.577102469,0.2,60.88552961,High,Current,Frequent,High-fat,Hypertension,Occasional,Hypertension,71.83871981,Excellent,Normal,3.928072364,3.612416478,1.932196587,None,Medium,72
Female,165.191963,69.28092426,153/90,195.6533365,25.38842997,108.2064151,1.474077309,0.873496546,50.97842126,High,Never,Occasional,Vegetarian,None,None,None,64.85834068,Good,Insomnia,7.508548222,1.21023795,6.929374954,None,High,21
Male,175.682077,64.03815617,144/96,261.13959,20.74836619,129.1771529,0.768599891,0.510865356,41.39308428,Low,Former,Occasional,Balanced,None,None,None,60.56572421,Poor,Excessive,1.039668847,0.995534611,5.152521361,Postgraduate,Low,57
Male,173.4555605,74.4511442,130/97,250.1581102,24.74542533,116.5761184,0.63383928,0.33705677,67.9083666,Low,Former,Occasional,Balanced,Hypertension,Occasional,Hypertension,50.03800807,Poor,Insomnia,3.380871177,6.606717928,9.271043501,High School,Medium,69
Female,157.8815054,62.91574545,134/91,191.7558471,25.24043463,109.2877603,1.246699003,0.512756799,60.87430935,Low,Former,None,High-fat,Diabetes,Occasional,Hypertension,63.37516892,Fair,Normal,4.506385745,4.410656179,4.507839679,Undergraduate,Low,39
Male,178.8203376,77.30829576,144/106,260.6283667,24.17643595,150.5106021,0.413257186,0.368033706,49.22320968,Moderate,Former,Occasional,Low-carb,Hypertension,Regular,Diabetes,58.24101691,Good,Normal,2.36444875,6.457759748,8.298180031,Postgraduate,Medium,77
Female,155.0760314,66.21537205,144/86,216.6408859,27.53401006,124.7309169,1.591423817,0.617861964,45.33263412,Low,Former,Occasional,High-fat,Hypertension,Regular,Diabetes,85.68638767,Fair,Normal,4.907167515,1.084075089,10.13691674,High School,Low,20
Female,163.7228168,70.84008369,124/94,199.7055192,26.42777799,98.02135822,1.270958513,0.888431869,35.00859169,Moderate,Current,None,Balanced,None,None,None,69.88816088,Excellent,Normal,2.835270126,0.669485794,7.895137665,Undergraduate,High,32
Male,169.4661772,70.6745901,124/83,194.7184481,24.60918509,125.0647028,1.568724003,0.895502761,38.46301098,Moderate,Current,Frequent,High-fat,Diabetes,Regular,Hypertension,76.6290867,Fair,Normal,3.905547058,6.51666074,11.47953637,High School,Medium,25
Male,175.6143971,69.83630959,159/110,199.3306969,22.64441197,152.4724694,0.104014705,0.2,64.94838412,Low,Former,None,Balanced,None,None,None,56.69816004,Good,Normal,4.799365912,3.738887081,8.041678492,High School,Medium,89
Male,166.1457612,90.94023369,138/104,234.4572119,32.94409141,104.0401334,1.395745325,0.651240401,38.30183453,Moderate,Former,None,Balanced,None,None,None,60.55130952,Good,Insomnia,5.365304723,2.629608279,3.597036465,High School,Medium,35
Male,180.8782113,103.0664047,126/84,225.4554779,31.50247079,80.30340917,1.10445158,0.687300265,55.34852918,Low,Former,None,Balanced,Hypertension,Occasional,Diabetes,73.05746442,Good,Normal,7.560912874,6.433299419,5.713513107,Undergraduate,High,37
Female,172.6243095,60.43791388,132/94,227.7788359,20.28175614,123.7544295,1.430462724,0.597192261,38.07608142,Moderate,Never,Occasional,Low-carb,None,None,Diabetes,72.86814599,Good,Normal,5.987267544,0.538648486,6.318145982,High School,Medium,22
Male,177.2421838,77.03881259,130/89,174.5524616,24.52310151,134.3949356,1.072851914,0.65903049,46.37841443,High,Former,Occasional,Vegetarian,None,None,Diabetes,70.18635271,Fair,Normal,3.747360852,5.178186904,1.447334198,Undergraduate,Medium,32
Female,157.6654317,63.55181991,167/86,198.7454698,25.56554312,99.90134173,1.24754253,0.768174239,36.11485808,Low,Never,Frequent,Balanced,Hypertension,Regular,Diabetes,58.61147077,Good,Normal,3.983994259,1.745661442,1.668876677,Postgraduate,Medium,25
Male,177.365971,83.58268509,133/98,173.7704632,26.5690311,108.3817081,1.39524875,0.589815665,22.48742557,Low,Former,None,Balanced,Hypertension,Regular,None,61.2301211,Poor,Excessive,7.177852384,7.543475693,4.942643819,High School,High,39
Female,154.2306005,79.18258446,174/92,252.3562607,33.28806677,163.9193989,1.041073304,0.461962248,51.64222188,Low,Current,Occasional,Low-carb,None,None,None,66.77747095,Fair,Insomnia,8.049759888,5.443727881,4.962806749,High School,Low,48
Male,180.6183059,105.0214801,144/84,272.2239438,32.19249269,139.7984593,1.274511539,0.462461027,42.61619431,Moderate,Former,Occasional,High-fat,Hypertension,Regular,Diabetes,74.13723088,Fair,Normal,7.804056129,8.803933176,9.137671232,High School,Low,52
Female,156.7164996,51.0101201,141/101,219.4019835,20.76954109,102.2285838,1.105239258,0.530376163,17.84675939,High,Never,None,Vegetarian,None,None,None,67.85894288,Good,Normal,5.774228911,1.401779955,10.04254248,High School,Low,41
Female,171.715153,75.5105068,145/102,260.5916476,25.60885392,129.0273682,0.544111862,0.374227557,59.35872494,Low,Never,None,Balanced,None,None,None,44.64566246,Poor,Excessive,5.489684456,3.074204215,9.983548234,None,Medium,70
Female,154.2916819,65.19908072,158/103,241.9452561,27.38775573,103.8105409,0.363014976,0.2,36.44703535,High,Former,Occasional,Balanced,None,None,None,58.10308201,Fair,Normal,8.356704323,3.309382344,2.403544906,None,Medium,80
Female,158.6284579,58.85035324,156/109,257.0105128,23.38766527,171.3062026,0.187990681,0.205434642,94.00382428,High,Current,None,Vegetarian,Hypertension,None,None,58.06263037,Poor,Insomnia,3.323161029,1.714221467,1.761023134,High School,High,89
Male,177.4493327,70.52471322,134/107,255.4798454,22.3971412,128.40121,0.333970884,0.303414347,48.23934568,Low,Former,Occasional,Balanced,Heart Disease,Regular,Diabetes,72.6461022,Fair,Normal,1.222355427,0.082607444,3.623635472,None,Medium,79
Male,170.6784702,96.13858985,164/109,275.4729215,33.00200033,143.0848427,0.161447424,0.2,45.21138191,High,Former,Occasional,Balanced,Heart Disease,Occasional,Heart Disease,48.82192502,Good,Normal,7.311675082,0.933175081,6.560307223,High School,Low,84
Male,182.7847511,62.71708279,149/115,230.0751453,18.77180032,167.0002799,0.555642588,0.379277232,64.92945092,High,Never,Occasional,High-fat,None,None,None,51.99511583,Poor,Insomnia,9.069660566,8.509122164,6.507081,High School,Low,84
Male,169.0132662,84.03006584,129/89,190.7209493,29.41664331,136.4926938,1.379109447,0.645164779,36.48570178,Low,Current,Occasional,Balanced,Diabetes,Occasional,Heart Disease,61.22203934,Good,Excessive,1.271571315,1.032746664,4.635228455,Postgraduate,Medium,33
Male,170.6496577,88.73409183,163/90,241.2911752,30.47050596,151.2014019,0.677532767,0.2,58.11240517,Low,Current,Frequent,High-fat,None,None,None,45.57995289,Fair,Normal,8.827538554,8.501642884,1.873176898,Undergraduate,Medium,70
Male,175.3924628,109.1204825,146/107,269.2980486,35.47189787,140.8505896,0.59471818,0.277165452,42.85505624,High,Former,Frequent,High-fat,Heart Disease,Occasional,None,68.80872969,Good,Normal,7.605604202,2.645456552,7.673690273,Undergraduate,Medium,73
Male,177.6253227,54.2026592,147/93,214.076171,17.17951243,89.18158744,0.824896341,0.531457752,30.73607004,Low,Current,Occasional,High-fat,Diabetes,Regular,Diabetes,70.04092489,Poor,Excessive,2.913329786,2.917776292,7.927471682,Undergraduate,High,47
Female,164.6238421,57.07959708,139/100,239.3428079,21.06179745,123.0140162,0.948544672,0.52286449,37.68002828,Moderate,Never,Occasional,High-fat,Hypertension,Occasional,Diabetes,48.6492561,Good,Insomnia,8.525700862,6.756241324,5.580587949,Undergraduate,Medium,47
Male,167.2299542,57.73342628,155/97,253.4735701,20.64425385,142.0402503,0.60406554,0.328676831,64.6166005,High,Current,Occasional,Balanced,None,None,None,42.17094274,Fair,Insomnia,3.472452715,9.195087195,7.062074958,Undergraduate,High,63
Female,164.5609281,53.7526414,120/103,200.7445641,19.84935296,129.9103174,1.479259295,0.749828113,23.66928302,Moderate,Never,Occasional,Balanced,Hypertension,Occasional,Diabetes,80.1112908,Poor,Excessive,1.189297621,4.470564149,1.406330142,High School,Low,18
Female,159.8555938,64.48392674,141/91,234.2634724,25.23456366,94.53211587,1.48612272,0.627258862,48.50757656,Moderate,Current,None,Vegetarian,Hypertension,Regular,Diabetes,55.10626009,Fair,Normal,9.521002134,1.844251381,9.291641004,High School,Low,36
Female,148.9580958,54.64079119,150/101,236.0873907,24.62570971,115.2720932,0.708673002,0.32589206,30.80152367,Low,Never,Occasional,Vegetarian,None,None,None,69.65004257,Poor,Insomnia,1.473614095,1.788633885,4.171999711,None,Low,62
Male,177.1376789,101.3302521,151/101,285.7523066,32.29365668,160.2497167,0.186250042,0.2,80.5977395,Low,Current,None,Vegetarian,Diabetes,Occasional,Diabetes,64.26642739,Fair,Normal,3.29486302,9.615726848,10.52210572,High School,Medium,88
Male,165.4619365,71.35010786,178/94,237.7362241,26.0614412,115.4936771,0.313770756,0.2,49.12018371,Moderate,Current,Frequent,High-fat,Diabetes,Regular,None,48.71051054,Poor,Normal,6.427152106,5.896935141,3.728427782,None,High,85
Female,164.0587506,71.9347454,161/113,238.758956,26.726366,137.536695,0.540268721,0.435173787,52.5554873,Low,Current,Occasional,Low-carb,Heart Disease,Occasional,Diabetes,64.1053181,Fair,Normal,2.472312418,1.186010542,8.705504861,None,Medium,70
Female,165.413267,69.97922031,167/112,246.9239204,25.57575251,132.0781451,0.779440056,0.2,53.31109129,High,Former,Occasional,Vegetarian,None,Occasional,None,56.42350623,Good,Insomnia,9.087746955,3.485359124,9.136898894,None,Medium,70
Female,159.3685171,67.36116958,146/106,260.8119706,26.52189529,120.9060513,0.622186361,0.238655635,50.80165892,Low,Former,Occasional,Low-carb,None,None,None,51.25402577,Good,Normal,9.469618623,4.84093695,1.828705551,High School,Medium,59
Female,161.1775467,59.53729559,149/113,275.8008566,22.91817449,134.986083,0.783123192,0.2,53.91275595,Low,Never,Occasional,Balanced,Diabetes,Regular,Heart Disease,62.88057854,Good,Insomnia,2.638163878,0.028696927,2.067047932,None,Medium,66
Female,158.0434543,79.49422902,154/105,226.1211136,31.82603784,118.0831089,1.123718865,0.588322848,44.20573825,Moderate,Former,Occasional,Balanced,Diabetes,Occasional,Heart Disease,73.72539111,Good,Normal,5.353188098,9.19282582,7.337446256,High School,High,59
Female,165.7269263,67.9984255,132/94,270.2747043,24.75783735,106.475268,0.892621882,0.38829884,54.36482668,Low,Former,Occasional,Balanced,Hypertension,Occasional,Hypertension,52.12331116,Fair,Insomnia,9.85011239,0.021058765,10.61231177,Undergraduate,Low,58
Female,168.2882147,70.94916195,145/96,235.4689006,25.05185351,122.8780015,0.991773165,0.48881732,45.31698751,Moderate,Current,Frequent,Vegetarian,Heart Disease,Regular,Hypertension,46.13854563,Good,Normal,9.975335071,2.61298394,5.602482459,High School,Medium,44
Male,180.5702365,81.13921261,122/91,213.9652882,24.88504641,121.8247753,1.370314393,0.794924597,32.03229323,High,Former,Frequent,Balanced,None,Occasional,None,88.14853817,Poor,Insomnia,3.776061526,9.287387293,10.076614,None,Medium,25
Female,158.6853135,65.63414758,141/100,248.3350891,26.06491907,81.97438139,1.139647504,0.673056197,42.15250066,High,Never,None,Low-carb,Diabetes,Occasional,Diabetes,67.8567957,Good,Insomnia,7.293245034,0.946537558,0.680158064,Undergraduate,High,61
Male,179.7959235,65.46809544,150/93,193.6041346,20.25209824,151.3802565,0.489185348,0.2,39.16698401,Moderate,Former,None,High-fat,Hypertension,Regular,Diabetes,45.06898673,Fair,Insomnia,8.482454343,0.342701386,4.26842784,None,Medium,77
Male,178.6130405,80.0761371,134/98,240.0194963,25.1001772,130.2671324,1.419798058,0.600649863,63.43341266,Low,Former,Frequent,Vegetarian,Heart Disease,Regular,Heart Disease,67.28353148,Good,Excessive,9.873914505,8.777928657,7.453959175,Postgraduate,High,35
Male,159.6219107,84.73710579,142/100,242.9549032,33.25742471,124.730288,0.626850268,0.42322343,49.50312256,Moderate,Never,None,High-fat,Hypertension,Regular,Hypertension,46.82901657,Good,Normal,4.401304616,1.104953696,1.536751955,Undergraduate,High,67
Female,172.2337142,42.12995151,139/88,218.2359262,14.20216731,113.7042139,1.540615694,0.755856459,25.50999446,High,Never,Occasional,Vegetarian,None,None,None,78.41653916,Fair,Normal,5.282530689,8.416265796,1.112918227,Undergraduate,Low,23
Female,163.6270727,51.16722372,169/97,247.0575359,19.11091723,94.12147648,0.619930552,0.292833862,62.70923401,Moderate,Current,Occasional,Low-carb,Heart Disease,None,Diabetes,65.12488853,Good,Normal,5.496280703,6.219212762,5.271575844,High School,Low,67
Male,174.1359556,75.19330107,142/103,244.6191926,24.79717713,91.27307507,0.735822447,0.453781397,42.70953126,Moderate,Former,None,Vegetarian,None,None,None,56.23555626,Poor,Insomnia,2.060069145,6.143648997,4.20182943,Postgraduate,Medium,52
Female,162.905985,63.93672881,129/97,229.7467209,24.09219293,110.6570409,1.110572934,0.571543766,25.27412207,Moderate,Never,None,Balanced,Hypertension,Regular,Diabetes,76.38063371,Fair,Normal,8.40002015,1.971955486,9.631962344,None,Low,42
Female,148.5938231,55.47834142,136/109,228.9348282,25.12591903,138.2820666,0.27592651,0.2,38.57749733,High,Former,Occasional,High-fat,Diabetes,Occasional,None,61.11047108,Poor,Insomnia,5.147303788,6.41573318,2.681431954,Postgraduate,Low,74
Female,158.1991775,69.19921167,120/60,205.189506,27.64984522,154.5580491,1.6233619,0.781846077,42.11039675,Low,Never,None,Balanced,Heart Disease,Occasional,Hypertension,69.89969527,Fair,Normal,3.012145613,4.380980135,5.685130636,Postgraduate,Medium,25
Female,149.2586983,85.83413378,179/102,236.5717068,38.52837826,140.5305554,0.188629917,0.2,76.85281038,Moderate,Current,Occasional,High-fat,None,Occasional,None,55.72344843,Good,Normal,1.861169035,4.986540409,3.930363453,Undergraduate,Medium,89
Male,178.688054,64.95205834,165/110,235.611794,20.34238549,169.6451004,0.575414175,0.243801723,37.1600504,Moderate,Never,Frequent,Balanced,None,None,None,56.03690702,Good,Normal,4.739297155,3.164262646,10.32150411,Undergraduate,High,84
Female,161.35745,69.53349436,152/83,239.9644922,26.7064407,109.7274392,0.392194595,0.2,66.8794042,Moderate,Former,Occasional,Balanced,Hypertension,Occasional,Hypertension,47.84605202,Good,Insomnia,3.05430745,9.637651513,4.80147535,Undergraduate,Medium,76
Male,174.6088281,94.36328951,161/93,241.2416224,30.95071434,177.2154136,0.05809999,0.2,54.88272479,Moderate,Current,Frequent,Balanced,None,None,None,61.34839605,Good,Normal,3.511004123,8.009573897,2.305923026,Postgraduate,Medium,82
Male,185.5954164,90.430342,149/94,250.043392,26.25304484,126.1766999,1.338450227,0.785519792,22.15801803,High,Former,None,Balanced,None,None,None,83.55512138,Good,Normal,3.392843515,8.090292375,11.25949554,Postgraduate,Low,34
Female,162.8776325,64.45838502,135/100,248.0680522,24.29721655,142.2944017,0.830183612,0.333577414,69.64169065,Low,Former,Frequent,Balanced,None,None,None,61.24655721,Good,Normal,2.498060385,2.755272959,0.43533744,Postgraduate,Low,62
Female,153.9606591,66.71208006,178/105,238.5315621,28.14394404,143.4142661,0.497342299,0.2,51.63943998,Moderate,Never,None,Balanced,None,None,None,52.13862337,Good,Normal,8.367374283,0.025756633,5.451497322,High School,Medium,80
Male,173.5621457,74.06031802,157/103,201.4935708,24.58530224,104.0174904,0.798595252,0.430126193,31.56882786,High,Current,Frequent,Balanced,Hypertension,Regular,Diabetes,69.09443967,Good,Normal,6.648795957,2.327275465,2.484512024,Postgraduate,High,55
Female,155.0094481,68.9714479,130/72,214.2098638,28.70469941,158.7916255,1.393371379,0.597503308,33.48649172,Low,Never,None,Balanced,Hypertension,Occasional,Hypertension,81.63520162,Good,Insomnia,5.22168914,6.72850281,5.531362411,Postgraduate,Medium,36
Male,172.9151135,87.99901264,153/98,191.5698096,29.43146574,137.9316666,1.476075909,0.71975437,35.74799918,Moderate,Never,Frequent,Balanced,Hypertension,Occasional,None,51.79805649,Fair,Normal,7.437932426,3.801231909,10.31544435,None,Low,40
Male,187.3299356,67.61623914,147/107,254.2346749,19.26800027,129.3786587,0.704115491,0.2,50.7856536,Low,Never,None,Low-carb,Heart Disease,None,None,36.53288886,Fair,Normal,6.855149195,7.368058355,9.566633588,None,Low,71
Male,176.5665946,82.58590963,133/99,243.051666,26.49042188,122.7052003,0.839585505,0.397881876,68.91424444,Low,Former,None,Vegetarian,Heart Disease,Regular,Heart Disease,65.68544327,Fair,Insomnia,2.57325872,3.408490917,8.2034199,Postgraduate,Medium,53
Male,193.3712444,76.42209453,169/111,240.3905687,20.4378474,139.674611,0.367344388,0.276794077,74.76767968,Moderate,Current,Frequent,High-fat,None,Occasional,None,53.57276655,Fair,Normal,2.915309404,0.157386865,8.598083889,Postgraduate,Low,86
Female,155.3024133,63.66654344,145/93,249.6844289,26.39701766,143.7383358,1.026708191,0.393080535,35.07264045,Moderate,Former,Frequent,Low-carb,Diabetes,Occasional,Heart Disease,70.48501717,Good,Normal,1.163739043,7.258730801,3.288818704,High School,High,57
Male,183.6041091,68.6608791,127/102,217.343974,20.36782085,124.2125301,0.842016395,0.261445008,62.93009563,Low,Former,Occasional,Balanced,None,None,Diabetes,60.17817226,Good,Excessive,5.039540542,9.817855078,0.484240808,Undergraduate,Medium,66
Male,190.7974497,97.08251197,110/94,191.9404916,26.6683333,145.7376984,1.382011492,0.662528115,35.22311234,Low,Former,Occasional,Vegetarian,None,Occasional,Diabetes,73.18373094,Fair,Normal,5.830374706,8.166504366,4.29656427,Postgraduate,Low,31
Male,171.6780227,75.65825815,142/108,243.3888249,25.67006291,155.17929,0.466359134,0.24439543,60.57214168,Moderate,Never,None,Balanced,Hypertension,Regular,Diabetes,42.5803101,Fair,Normal,7.43320385,5.839566405,10.58779212,Undergraduate,Low,81
Male,170.9133766,66.65920965,113/82,180.9260861,22.81960126,108.7422471,1.590000196,0.574794258,53.62702003,High,Current,None,High-fat,None,Occasional,Diabetes,69.29311042,Fair,Normal,2.793365198,2.766383974,7.233205066,None,Low,27
Male,170.0166242,79.07717804,105/95,214.3464067,27.35699463,132.2920179,1.111228751,0.771124741,50.8285207,Low,Former,Frequent,Vegetarian,Heart Disease,Regular,Heart Disease,70.82910855,Good,Normal,3.554688445,2.852274688,0.453891864,Undergraduate,Medium,34
Female,157.2813478,66.41638069,151/89,194.7987149,26.84854539,112.6114424,0.790016503,0.421176796,46.59636235,Moderate,Current,Frequent,Balanced,Heart Disease,Regular,Hypertension,67.25155644,Good,Insomnia,1.24370608,3.711801614,7.54306615,None,Medium,40
Male,177.5815949,78.22416262,144/112,179.7207646,24.80533055,129.3645378,0.859892882,0.622463509,47.57112783,Moderate,Former,Occasional,Balanced,Heart Disease,Regular,None,56.51596122,Good,Excessive,3.870989968,6.115400788,9.57436491,High School,Low,59
Male,179.6852565,59.31088534,148/98,260.0516246,18.37001533,126.0279621,0.408400196,0.325420726,46.31238669,High,Current,Occasional,Low-carb,None,None,Diabetes,47.82565456,Good,Insomnia,6.528905658,6.153585894,0.493156567,Postgraduate,High,66
Female,154.9866467,63.07543169,130/100,265.110989,26.25860604,84.35414778,1.030742944,0.520975574,39.445926,High,Never,Occasional,High-fat,Heart Disease,Regular,None,45.25783906,Good,Normal,7.43344835,4.433327099,0.131626009,None,Low,52
Male,180.9183221,72.24076801,166/99,301.3702766,22.07075816,130.425079,0.78275104,0.346182572,74.26449205,Low,Current,None,Balanced,Hypertension,Regular,Heart Disease,65.17234164,Good,Excessive,6.777313604,3.692391416,9.441467127,Postgraduate,High,75
Male,173.0622353,74.72703335,149/103,248.9082998,24.95014785,145.9044047,1.355088069,0.490256887,37.28849146,Moderate,Former,Occasional,High-fat,Diabetes,Regular,Heart Disease,72.58647027,Good,Normal,3.800939889,7.372267704,9.521440024,High School,Medium,42
Female,159.5934012,71.78963755,133/96,238.474975,28.18589954,92.18494473,0.980808689,0.350792066,58.46172258,High,Never,None,High-fat,Diabetes,None,Diabetes,66.02391942,Good,Normal,4.041838563,6.953825933,4.817335201,High School,Medium,46
Female,162.636825,61.33361499,160/82,273.7287486,23.18786631,101.5304469,0.843270103,0.742670924,43.9800568,High,Never,None,High-fat,Heart Disease,Regular,Heart Disease,65.84399371,Good,Normal,3.033659774,4.832818846,10.3017627,High School,Medium,42
Male,168.7300532,87.48324189,173/90,246.6875279,30.7284024,155.7775107,0.368239718,0.2,73.78564552,Low,Never,Occasional,Vegetarian,None,None,None,54.93550719,Good,Excessive,5.069196155,9.113570232,11.29065355,High School,Medium,81
Female,172.7210464,69.4068886,137/86,233.7266137,23.26548206,107.9317129,1.177903652,0.532155451,29.3015228,Low,Former,Frequent,Vegetarian,Diabetes,Regular,None,59.21419464,Excellent,Normal,6.795090998,8.834139876,2.773681902,None,High,40
Male,182.4857483,105.1955024,162/94,208.3000211,31.5892465,124.7619093,0.335330969,0.212216107,55.69827584,Low,Current,None,Low-carb,None,None,None,45.70377131,Fair,Normal,4.100460966,0.080168149,7.562934842,Postgraduate,Medium,71
Female,154.0252736,65.01728357,133/107,222.2902807,27.40594885,101.308865,0.881723987,0.387278577,57.05061052,Moderate,Current,None,Balanced,Hypertension,Regular,None,57.14839591,Poor,Normal,5.269211698,0.844442367,1.798442659,Undergraduate,Low,58
Male,178.7444839,80.93166702,136/93,228.5908611,25.33104984,136.2294643,1.233449242,0.768389939,18.2287063,Low,Never,Occasional,High-fat,Heart Disease,Occasional,None,89.81393657,Good,Insomnia,5.754484689,6.102956416,1.334844142,Postgraduate,High,19
Female,166.7632711,76.04873146,134/106,227.9774926,27.34583339,131.8231129,0.537355071,0.569447336,56.33520939,Moderate,Former,None,High-fat,Heart Disease,Regular,Heart Disease,59.77394244,Good,Insomnia,5.972812591,5.479577463,9.674890929,Postgraduate,Low,52
Male,179.5614954,72.47336923,152/108,249.2518633,22.47770797,151.8732369,0.522084516,0.39162626,61.65446797,High,Current,Occasional,Low-carb,None,None,None,49.68474469,Excellent,Insomnia,5.29864341,0.595509841,5.782334331,None,Medium,63
Male,181.6779832,81.87046255,121/84,164.942246,24.80405261,125.8860758,1.590857365,0.805355037,30.27938688,Moderate,Never,Occasional,High-fat,Diabetes,Regular,Heart Disease,86.13716337,Poor,Excessive,1.585553469,9.793350046,8.443568714,Undergraduate,Low,23
Female,163.1454357,63.81512268,140/85,236.7556412,23.97583562,122.4271109,0.801417962,0.660507315,29.24296893,Moderate,Former,None,High-fat,None,None,Heart Disease,65.26559731,Fair,Normal,3.947534286,2.083400607,1.577952591,None,Medium,39
Male,167.256244,79.18302097,150/99,232.6047698,28.30527555,135.1091143,0.457553267,0.211739761,42.0199158,Moderate,Former,None,Vegetarian,Hypertension,Regular,Diabetes,59.91712376,Fair,Normal,1.085352785,8.498917161,5.388019326,High School,Medium,75
Male,176.243793,76.17594413,149/100,235.4763349,24.52393655,94.88354345,0.868995884,0.338390282,36.23195899,High,Former,None,Balanced,Hypertension,Occasional,Heart Disease,65.86999616,Fair,Normal,6.345051039,1.023509385,9.69017661,Undergraduate,High,60
Male,173.8065969,81.14482596,148/91,269.2573699,26.86138001,97.08338412,1.192998821,0.568674012,56.44155766,Moderate,Former,None,Low-carb,None,None,None,73.74865905,Fair,Normal,9.460603719,4.779537622,8.208272777,Postgraduate,Low,36
Male,172.1634846,99.40855438,131/81,188.9183221,33.53834823,105.7417921,1.636653887,0.663884895,36.80053047,Moderate,Never,Frequent,High-fat,None,Occasional,None,61.14730612,Fair,Normal,8.931938298,4.180678336,2.033705902,None,High,23
Female,160.6036792,75.49713032,137/85,221.1913424,29.26978038,138.0481782,1.478172002,0.924193673,43.76275049,High,Never,None,Balanced,Hypertension,Regular,None,72.91239091,Excellent,Insomnia,3.474627618,0.915803161,4.963964542,Postgraduate,Medium,28
Female,166.5328444,61.77230612,139/89,239.7479435,22.27378459,115.3786442,0.960066164,0.444269562,57.07487286,High,Current,None,Balanced,Hypertension,Regular,Hypertension,62.90208671,Fair,Normal,3.834711367,5.956003736,3.2185814,High School,Medium,54
Female,161.4435045,66.44909792,176/89,243.3369652,25.49458442,119.6249195,0.296809434,0.449321756,44.52013632,High,Current,None,Low-carb,Diabetes,Occasional,Hypertension,56.55129976,Good,Insomnia,7.332697687,5.075858015,5.422610927,None,Low,73
Female,158.8441345,82.91220401,175/100,252.3090116,32.86064583,130.0494171,0.538166218,0.226381797,42.41710988,Low,Former,None,Low-carb,None,Regular,Diabetes,52.29903627,Good,Normal,8.835724738,6.44148254,6.057323039,High School,Medium,71
Male,186.5947277,85.94113409,154/81,237.4001119,24.68325008,104.6508528,1.485652273,0.663286266,22.98751481,High,Former,Occasional,Vegetarian,None,None,None,55.27270249,Fair,Normal,2.371877588,3.550677307,11.64768523,None,Medium,29
Male,178.1329708,81.97436272,134/77,215.694961,25.83386746,101.1385579,1.457357664,0.831880669,35.9873322,High,Former,Occasional,High-fat,Diabetes,None,Heart Disease,67.42512227,Poor,Insomnia,9.810960975,5.552247815,0.325976832,High School,Medium,32
Male,179.5657018,81.6917491,134/78,222.8722807,25.33561322,136.9434591,1.523076833,0.605538663,30.86933701,Low,Current,Occasional,Vegetarian,Hypertension,Occasional,Diabetes,79.96939125,Excellent,Normal,8.067639397,5.556287206,5.507292105,Postgraduate,Low,29
Male,179.0968681,66.0490946,167/98,241.4846927,20.59163759,118.4425506,0.388952518,0.30111118,62.77821374,Moderate,Never,None,Balanced,Heart Disease,Occasional,Hypertension,39.35718017,Good,Normal,5.482820008,7.271618407,10.47616676,High School,Low,74
Female,153.2292295,68.39051908,149/88,246.9593338,29.12813405,127.7123297,1.520094828,0.623274191,50.656999,Moderate,Former,Frequent,Balanced,Heart Disease,Regular,Hypertension,62.06907555,Good,Insomnia,7.388663048,8.684773355,10.25254458,High School,Medium,34
Male,182.6002756,80.65503592,159/106,256.8135038,24.18959693,140.9844535,0.61379398,0.441224489,58.78170866,High,Former,Occasional,Balanced,None,None,None,64.10026625,Good,Normal,4.630606864,8.511891287,7.854187538,Undergraduate,High,66
Female,153.720596,64.44974701,144/118,256.1901103,27.27451884,140.7221632,0.74661679,0.299722191,53.87675923,Moderate,Current,Occasional,Vegetarian,None,Occasional,None,67.46785143,Good,Insomnia,9.966216305,0.578493688,11.10627308,High School,Low,65
Male,172.8361494,96.92456935,103/80,273.3475719,32.44626538,120.6349748,1.54324936,0.733847448,19.69236735,High,Never,Occasional,Vegetarian,None,None,None,67.42782541,Good,Normal,5.023507308,1.059496966,2.998436585,Undergraduate,Low,26
Male,172.2881736,102.7538115,120/84,230.8357416,34.61680695,134.2911623,1.595565318,0.752276192,26.99102951,Moderate,Never,Occasional,Balanced,Hypertension,Regular,Diabetes,70.50658174,Fair,Insomnia,1.069161607,2.751548068,5.664454413,Postgraduate,High,27
Female,175.9205944,66.66748554,173/87,223.5762047,21.54173643,138.2743792,0.140929653,0.2,43.48624775,Low,Current,None,High-fat,Hypertension,Regular,Diabetes,62.24637224,Poor,Excessive,6.249481762,6.932793327,4.321653278,High School,Medium,85
Female,156.4931675,58.15119176,141/92,187.0541498,23.744764,118.0465977,0.986658358,0.488916733,21.8752019,Moderate,Former,None,Balanced,Diabetes,Regular,Hypertension,73.49194809,Fair,Normal,1.240618872,5.802601756,11.59154331,None,High,54
Female,173.4467982,68.36720034,149/94,276.9546422,22.72559283,120.3036107,0.372151242,0.2,56.3973647,Moderate,Former,None,Balanced,None,None,Diabetes,75.36242148,Fair,Insomnia,1.051599078,1.916166722,11.3410549,Postgraduate,Low,70
Male,178.8642908,75.65571289,130/104,202.4168844,23.64800116,103.3541647,1.140768528,0.565313943,47.79664774,Moderate,Former,Occasional,High-fat,None,Occasional,None,55.04345006,Fair,Normal,4.002346321,1.771459744,9.777677503,Undergraduate,High,44
Male,168.7363398,98.06761384,173/114,292.0730601,34.44358595,167.2645265,0.078168419,0.2,64.1823639,High,Current,None,High-fat,Heart Disease,None,Heart Disease,57.88716724,Fair,Normal,4.362384976,0.301705942,0.020595573,Postgraduate,High,88
Male,161.6583975,78.41668875,156/91,268.6118053,30.00626642,126.7983226,0.725829831,0.411448462,52.84027572,Low,Current,Occasional,High-fat,None,None,Heart Disease,87.70673739,Good,Insomnia,8.467570023,9.815103306,11.79484819,High School,High,61
Female,166.6757667,63.50125826,166/91,277.2461495,22.85795681,118.0766295,0.987080641,0.499881888,51.57181878,Low,Current,None,Vegetarian,None,None,None,48.08125926,Good,Normal,6.101885766,3.600299385,2.14834491,High School,Low,54
Male,180.89344,64.56001863,137/87,215.9129099,19.72958779,118.5459935,1.436631541,0.661818929,53.58300334,Low,Former,Frequent,Low-carb,Hypertension,Regular,None,63.43644211,Excellent,Excessive,5.340760271,7.323956663,8.178424218,None,Medium,37
Female,161.746347,48.83362211,155/102,233.8213253,18.66594476,134.5214348,0.219677441,0.2,50.83879168,High,Never,Frequent,Low-carb,None,Occasional,None,45.29863682,Excellent,Normal,4.61019534,9.672941181,3.173056047,High School,Medium,78
Male,175.9637283,72.6601099,163/97,259.828043,23.46657675,99.08506885,0.54821114,0.470996396,45.56612432,Moderate,Former,None,Balanced,Hypertension,Regular,Heart Disease,62.18263039,Good,Normal,1.885710633,6.724076693,3.962013181,High School,Medium,63
Male,177.7176742,83.88893045,131/87,205.8387762,26.56093845,101.5819712,1.567514359,0.808001161,35.55319202,High,Never,Frequent,High-fat,Diabetes,Regular,Heart Disease,65.86629362,Good,Excessive,5.888134316,2.181207225,1.244256583,None,Low,29
Female,166.8149856,51.83719527,153/99,216.5356435,18.62822054,133.5576572,0.660578004,0.243763063,61.93740562,High,Former,Frequent,Balanced,Hypertension,Occasional,Heart Disease,64.16682671,Good,Insomnia,4.829110984,3.8146484,0.713033415,Undergraduate,Low,69
Male,178.383764,78.4128421,119/78,230.0161486,24.64203375,105.538246,1.663704089,0.914042345,47.8001441,Low,Never,Occasional,Balanced,None,None,None,76.31159007,Fair,Normal,3.586810177,2.348369089,1.580171413,None,Low,20
Female,161.1181673,57.76796707,121/103,200.0237021,22.25348627,125.3813913,1.481387185,0.838654557,45.65458974,Moderate,Never,Occasional,Balanced,Heart Disease,Occasional,Hypertension,73.57729506,Good,Normal,9.626147762,2.605266983,8.616981209,Undergraduate,Low,20
Male,172.9555599,73.31357634,178/105,240.93636,24.50842204,164.1900853,0.391270145,0.298535399,58.5793346,Low,Former,Frequent,Balanced,Diabetes,Regular,Diabetes,53.00434247,Poor,Excessive,2.212792917,7.669720692,2.26580219,High School,Medium,80
Female,154.4950075,57.29501173,146/97,277.6743929,24.00423739,94.50211402,1.170725226,0.783561649,35.65567669,Moderate,Never,Occasional,Vegetarian,Heart Disease,Regular,Heart Disease,74.31426665,Poor,Insomnia,7.626400266,5.58336455,3.140188116,None,Low,35
Female,160.997867,63.64785577,111/98,231.3292625,24.55520324,91.50548878,1.354737476,0.942598922,30.83951038,Moderate,Former,None,Balanced,None,None,None,55.89245195,Poor,Insomnia,4.541399071,6.224308784,11.66107025,High School,Low,32
Male,163.6875373,81.45173684,122/82,231.1733712,30.39968756,126.1384391,1.834974651,0.779593927,27.86231867,Low,Never,None,Low-carb,Heart Disease,Occasional,Heart Disease,77.67162596,Excellent,Insomnia,5.747438889,2.767432956,9.218413144,High School,Medium,21
Female,157.3441806,49.6294326,148/99,180.1842191,20.04647146,93.24248525,1.220358178,0.640591173,50.28250309,Moderate,Never,None,High-fat,Heart Disease,Regular,Diabetes,70.92787275,Excellent,Insomnia,9.303431529,1.713663394,10.60149715,High School,Low,41
Female,157.5018566,61.50730438,140/94,206.2432463,24.79449908,125.511939,1.079585233,0.499414297,29.83661312,Moderate,Former,Frequent,Low-carb,None,None,None,75.3854443,Poor,Normal,6.654234866,8.420194976,3.060912247,High School,Medium,45
Female,175.6879137,62.39820743,152/117,235.9080538,20.21567943,138.9588187,0.84389262,0.447876188,43.02946793,Low,Never,Occasional,Balanced,None,None,Hypertension,67.67715657,Poor,Excessive,1.172666701,2.401081803,1.652320374,Undergraduate,High,59
Female,158.5575368,71.58396239,162/103,261.8913345,28.47357204,164.7933591,0.603101264,0.326468111,57.59441433,Moderate,Former,Occasional,High-fat,Diabetes,Regular,None,33.79647815,Good,Normal,7.908564025,4.253554275,0.873201267,Postgraduate,High,78
Male,175.1060469,91.79387939,139/105,245.4288071,29.9372178,142.8626816,0.587945093,0.255387703,55.99628615,High,Former,None,Vegetarian,Heart Disease,Occasional,Diabetes,50.97328508,Poor,Insomnia,3.683379124,4.284224557,1.210659569,High School,Medium,71
Male,177.0008127,123.5986031,149/94,266.4249636,39.4514565,133.6541678,0.971990511,0.453498533,43.86323036,Moderate,Former,None,Balanced,Diabetes,Regular,Diabetes,67.84181797,Fair,Normal,6.673271552,4.244373013,10.2195972,Postgraduate,High,54
Male,163.1199966,69.91702376,140/103,281.7451086,26.27656102,141.8550812,0.98174915,0.382818863,38.35560181,Low,Never,None,Low-carb,Heart Disease,Regular,Diabetes,57.80369525,Good,Normal,8.796716887,2.024645503,5.622136342,High School,High,52
Male,175.6422481,92.32301108,160/101,205.2575169,29.9262284,142.7489126,0.99092964,0.393382368,57.54470007,Low,Former,None,Low-carb,Heart Disease,None,Heart Disease,50.14616092,Good,Normal,7.733972617,5.06854322,2.774998787,Postgraduate,Medium,64
Male,184.296273,83.3613769,135/99,233.6335559,24.5432332,127.8253668,1.150162445,0.580028213,48.48111545,Moderate,Former,Frequent,Balanced,None,None,Hypertension,62.6443581,Good,Normal,7.843864238,1.149333786,8.807231602,High School,Medium,41
Male,168.51165,64.45790798,143/91,214.6249769,22.69950276,92.01845995,1.640482689,0.658633929,30.23252887,Moderate,Never,Frequent,High-fat,None,None,None,70.05403556,Fair,Excessive,8.887171199,4.953191788,10.16141788,Postgraduate,High,28
Female,166.0660771,62.43565883,125/91,225.7315392,22.63970927,120.8291996,1.613948747,0.811685107,26.35907094,Moderate,Never,None,Low-carb,None,None,None,68.48462959,Poor,Excessive,5.83721807,9.911728955,6.356870256,Undergraduate,Low,24
Male,182.0642581,78.87644726,122/85,187.9431244,23.79567065,92.38475913,1.245359466,0.884921841,17.4338575,Low,Never,None,Balanced,None,None,None,66.16185686,Good,Insomnia,6.794970511,4.472882784,5.38927732,Undergraduate,Low,27
Female,155.4385793,63.38036869,121/95,241.4227071,26.23234558,128.6611181,1.091543439,0.428790058,39.66180395,Low,Current,Frequent,Balanced,None,None,None,41.3589554,Fair,Insomnia,8.13946325,2.084496877,2.10698225,High School,Low,49
Male,166.5156992,84.33009915,157/95,240.7625488,30.41390887,111.8549349,1.271060049,0.590328718,23.86010199,Moderate,Current,None,High-fat,None,None,None,78.21468379,Fair,Normal,3.541583528,2.05630292,2.925630059,High School,Medium,36
Female,163.3205117,67.40945983,167/105,249.1433069,25.27198663,143.7581394,0.366216194,0.244534723,74.81537169,Moderate,Former,Frequent,Balanced,Hypertension,Regular,Heart Disease,57.96879724,Poor,Insomnia,5.35972536,6.006832309,7.904131376,Undergraduate,Low,89
Female,160.2966295,82.06791445,168/104,247.8311065,31.93924277,149.5705005,0.616146097,0.346922799,48.9894138,Moderate,Former,Frequent,Low-carb,Heart Disease,Regular,Heart Disease,67.20708168,Poor,Insomnia,9.652500272,3.401343086,7.294080284,Postgraduate,Low,75
Female,163.5717218,55.99230676,142/80,264.9819188,20.92723779,137.721851,1.15242929,0.584710106,51.09262955,Low,Former,None,Vegetarian,None,None,None,70.35923347,Fair,Excessive,8.402289807,7.178320109,0.691015897,High School,High,38
Female,156.8917391,66.59230785,154/120,275.7271431,27.05352823,133.8594862,0.322322776,0.2,79.33699368,High,Current,Occasional,Vegetarian,Heart Disease,Regular,None,57.50212076,Good,Normal,9.976432724,4.641625763,9.142622952,Postgraduate,Medium,78
Female,171.5576368,64.57429661,138/102,215.2162563,21.94014906,113.7538403,1.422487355,0.571609571,42.37948364,High,Former,Frequent,Low-carb,Hypertension,Regular,Diabetes,71.41445099,Good,Excessive,8.509828149,1.771157754,3.029557091,Undergraduate,Medium,31
Male,163.1343182,61.7495287,134/104,242.6338423,23.20293816,118.6380734,1.430949735,0.590112794,50.55314507,Moderate,Never,None,Vegetarian,Heart Disease,Regular,Heart Disease,57.78019144,Good,Insomnia,2.910487922,8.381356177,6.502786632,High School,Medium,42
Female,163.5307465,54.02103211,132/99,240.7051156,20.2005893,128.3159103,1.294544395,0.600386714,40.44121991,Moderate,Never,None,Balanced,None,None,None,76.28015015,Excellent,Insomnia,3.24584418,5.616053692,2.391594576,High School,Low,34
Male,162.6836228,91.7994671,139/97,295.6812639,34.68586186,133.6840793,0.571069996,0.2,56.673572,Moderate,Never,Occasional,High-fat,None,Occasional,None,43.12252358,Fair,Normal,3.440194363,5.271806506,8.268343158,Undergraduate,Medium,70
Female,164.8339482,51.94940211,121/101,202.1626706,19.11997108,115.263828,0.880439736,0.660254881,42.17260532,High,Current,Frequent,Balanced,Heart Disease,Regular,Hypertension,82.05240064,Poor,Normal,8.070666245,1.455114412,4.09088188,Undergraduate,Low,41
Female,165.652959,63.46723594,160/117,249.2292807,23.12869819,169.6378519,0.188326954,0.2,42.69332521,Low,Former,None,Vegetarian,Hypertension,None,Diabetes,30.3820982,Poor,Normal,2.320528708,4.771148102,4.241392137,Postgraduate,Medium,79
Female,157.0712255,81.05363992,120/78,225.9538637,32.8533196,119.6495374,1.493881553,0.743226603,19.85873637,Low,Never,None,High-fat,None,None,None,84.6116698,Good,Normal,6.13184656,5.478900485,7.809685565,None,High,22
Female,159.0358248,79.38473095,108/81,217.4103329,31.38680043,83.91257193,1.602392816,0.622953196,38.77066925,Moderate,Never,None,Vegetarian,Heart Disease,Occasional,None,65.74774845,Good,Normal,6.702110967,3.789141313,3.370656606,High School,Medium,22
Male,171.2222457,91.29245387,175/115,267.9641547,31.13970565,143.4443473,0.073431737,0.2,69.04518576,Moderate,Former,Frequent,Balanced,Heart Disease,Regular,Heart Disease,63.38188977,Good,Normal,7.749914446,4.351299722,5.855236099,Undergraduate,Low,89
Female,159.6744268,81.52473793,160/86,225.4300496,31.97559835,127.2583863,0.649840976,0.447914114,56.13615251,High,Current,Occasional,Balanced,None,Occasional,None,54.61773653,Fair,Normal,3.177848261,0.233516232,0.442875659,High School,High,61
Female,157.1691358,67.53652031,114/92,223.7305055,27.34035508,135.7369462,1.367084576,0.679247053,36.92896345,Moderate,Former,Frequent,Vegetarian,None,None,None,68.18748319,Good,Normal,4.232945696,5.33900729,5.880797476,High School,Low,34
Female,169.2888177,70.62191763,149/92,192.0736781,24.6423977,116.9812331,0.823598217,0.423874885,37.30783083,High,Former,Occasional,Balanced,None,None,Diabetes,60.89075958,Good,Insomnia,3.544016882,2.111636801,0.115919996,High School,Low,52
Male,177.5486757,76.07150809,145/73,267.3061654,24.13165742,118.3322787,1.456452908,0.580578409,28.28996975,High,Never,Occasional,High-fat,Hypertension,Regular,Heart Disease,85.1906695,Good,Insomnia,6.754178563,7.990546694,0.452415415,High School,High,28
Male,173.595378,71.84832141,137/82,221.9837035,23.84186971,117.2226098,0.986360817,0.629902039,45.21441142,Moderate,Current,None,Balanced,None,None,None,67.2470453,Fair,Insomnia,3.727835,6.534649654,1.975186659,Undergraduate,Low,42
Male,183.715129,80.78179992,150/108,237.0293781,23.93446263,144.8730814,1.090089442,0.424014878,52.09534863,High,Never,Frequent,Balanced,None,None,None,71.84546611,Good,Excessive,1.725430799,0.347827471,10.09835351,Postgraduate,High,59
Male,183.5281878,82.52744413,158/99,243.6714807,24.50150958,140.536223,0.562570891,0.522968045,54.99978849,High,Former,None,Balanced,None,None,None,53.23864616,Good,Normal,3.483593581,8.047271715,3.942543016,Undergraduate,Medium,61
Female,161.6752188,62.5879163,151/90,214.1607988,23.94437902,95.83076524,0.980310319,0.607619651,57.88008584,Moderate,Never,Frequent,Balanced,None,None,None,55.77007676,Good,Normal,1.616640206,4.604456717,4.045060106,Undergraduate,High,46
Female,158.4395451,58.33845313,156/102,212.3858755,23.23955115,134.1706462,0.341658163,0.237055864,54.96140105,Moderate,Never,None,Low-carb,None,None,None,61.08343484,Good,Normal,9.794349717,7.531103509,11.13444978,High School,High,70
Male,167.8792059,61.88448129,157/115,269.5426859,21.95775539,136.623021,0.337451328,0.2,49.1498619,Moderate,Former,Frequent,High-fat,Diabetes,Occasional,Diabetes,79.0637159,Good,Normal,1.395345732,8.883913616,10.84454705,Undergraduate,Medium,76
Male,163.3736778,70.67480865,144/90,258.5648179,26.47893232,89.87038064,1.388743262,0.766021621,42.39769086,High,Former,Occasional,Low-carb,None,None,None,79.33754911,Good,Insomnia,7.074048229,4.011990929,2.192108232,High School,Low,29
Female,168.5977976,44.78910475,156/94,230.6584651,15.7568205,154.8045499,1.108795877,0.428933667,52.01177006,Low,Never,Frequent,High-fat,None,None,Heart Disease,53.81408449,Excellent,Normal,8.693038471,5.567147998,10.5929009,Undergraduate,Medium,54
Male,159.9121799,69.20050671,162/103,234.0340379,27.06114619,139.1634191,-0.129078764,0.2,82.79935145,Low,Current,Occasional,Vegetarian,Diabetes,Occasional,Heart Disease,47.11074508,Excellent,Normal,7.273762545,4.660273477,8.607784091,High School,Low,89
Female,164.3244389,74.54244173,152/104,233.0871006,27.60573396,125.6690623,0.304727645,0.247991346,58.42306795,Low,Former,Frequent,Balanced,Heart Disease,Regular,Heart Disease,56.06415736,Excellent,Normal,8.161881522,7.586045497,4.147691515,Postgraduate,Medium,85
Female,166.3835766,48.55167345,179/94,227.4665313,17.53813028,110.7698374,0.47407153,0.285419364,64.63316213,Moderate,Former,Occasional,High-fat,None,Occasional,None,59.55690822,Excellent,Insomnia,3.677003587,4.934418345,2.565677864,High School,Low,75
Female,156.7689155,73.55475981,122/107,287.521629,29.92890815,115.5369074,0.725844847,0.337295606,25.4869823,Low,Never,Frequent,Vegetarian,Heart Disease,Regular,Heart Disease,68.49936335,Excellent,Normal,3.220490951,6.416947058,2.002265955,High School,Low,54
Female,159.2887402,60.65630392,173/111,235.8439953,23.90593796,129.749048,0.331560504,0.233938215,62.39245758,Moderate,Former,Occasional,Balanced,Hypertension,Regular,Heart Disease,69.31193059,Fair,Normal,5.226540061,3.631247108,8.793050348,Postgraduate,High,75
Female,145.9655769,57.98351629,151/87,221.1601581,27.21470633,125.028259,1.00635964,0.508991764,50.49192254,Moderate,Current,Occasional,Low-carb,Heart Disease,Regular,Diabetes,90.67604203,Good,Insomnia,7.480100423,7.484154017,8.919562683,Postgraduate,High,41
Female,159.2974363,57.98898618,156/105,250.9272115,22.85219615,94.07736872,0.842486917,0.368043065,51.7796951,High,Never,None,Vegetarian,None,None,None,57.33289012,Good,Normal,9.546788039,7.234701521,1.085213845,High School,Medium,57
Male,171.3876945,65.65158819,137/77,213.1284417,22.35043412,125.9232797,1.527423533,0.834693025,41.81955736,Moderate,Never,Frequent,High-fat,None,None,Hypertension,71.95273505,Poor,Excessive,5.493527734,8.814617084,5.032595741,Undergraduate,Low,24
Female,172.3763665,65.2081942,115/78,212.6982006,21.94556313,142.5272992,1.451208671,0.714688518,35.84934346,High,Current,Frequent,Vegetarian,None,None,None,58.8368429,Good,Normal,9.161155837,5.025485893,1.215254373,Undergraduate,Medium,33
Male,173.4493112,80.43784848,146/97,243.8409944,26.73716073,121.5410125,0.471019544,0.28328195,63.67817434,Moderate,Former,None,Balanced,Hypertension,Occasional,Diabetes,50.45523862,Fair,Normal,9.957060332,6.658338038,2.486971898,High School,High,73
Female,155.0500841,60.30462712,129/90,213.4913765,25.0845679,173.3876497,1.566578946,0.59729591,40.69303627,Moderate,Never,None,Vegetarian,None,None,None,78.45775552,Excellent,Normal,1.182717011,1.566708469,7.907520137,High School,Low,26
Male,176.7138084,101.4748952,133/92,164.5377852,32.4950821,153.2357196,1.086016891,0.303803766,50.89454994,Moderate,Former,Occasional,High-fat,Hypertension,Occasional,Diabetes,54.48721915,Good,Normal,1.584124671,0.778023611,10.23491593,High School,Medium,41
Male,174.3362744,69.02399899,143/93,251.1277393,22.71039016,92.91875804,1.076899555,0.507069986,38.9071902,Moderate,Never,None,High-fat,Heart Disease,Occasional,Diabetes,61.41326416,Good,Excessive,7.62053488,3.321522181,3.256397734,Undergraduate,Medium,51
Female,160.0504609,40.50972847,148/94,229.747627,15.81413617,102.951971,0.429901055,0.330869199,50.53738596,Moderate,Current,Frequent,High-fat,None,None,None,63.97791017,Excellent,Insomnia,4.701168368,5.708337663,11.02132856,None,Medium,74
Female,162.6047905,72.79572615,162/103,238.3191994,27.53209187,142.3382421,0.500005108,0.224805506,65.81413988,High,Former,None,Balanced,Hypertension,Occasional,Heart Disease,56.60423251,Excellent,Normal,4.798436749,9.248633493,10.78204023,Undergraduate,High,76
Female,158.391203,60.67872048,149/93,231.4252376,24.18657091,107.8713652,1.33297323,0.454398064,46.83251293,Moderate,Current,Occasional,Low-carb,None,None,None,60.63004558,Poor,Insomnia,1.015416669,3.409160692,8.869016313,Postgraduate,High,39
Female,153.5527927,68.80618549,136/106,239.8396545,29.18179775,97.97211989,1.280574336,0.604055188,38.77330322,Moderate,Current,Frequent,Low-carb,None,None,None,63.94269134,Fair,Normal,8.268115927,2.646779897,3.000372718,None,Medium,36
Female,162.6815466,57.14905283,149/114,199.1985911,21.59396793,151.295792,1.082017177,0.408514587,25.65637217,Moderate,Former,Occasional,Balanced,Heart Disease,Regular,Diabetes,59.42584535,Fair,Normal,5.869458228,3.932923936,2.944960277,High School,Low,58
Male,177.435781,63.77303279,131/108,210.4542519,20.2560456,137.9486791,0.919351898,0.566773029,28.6134097,Low,Former,None,Vegetarian,None,None,Diabetes,88.47464936,Good,Excessive,5.856734889,8.562142093,2.015946659,High School,Low,41
Female,166.1014361,52.23841561,147/95,248.9281992,18.934037,136.4035888,0.608541949,0.2,42.61549624,High,Never,Occasional,Balanced,None,None,Hypertension,69.36130831,Good,Excessive,3.29518825,7.679409323,8.604697502,Postgraduate,Medium,76
Female,158.1686088,62.95198418,146/98,269.7488589,25.16337174,76.73559485,0.618540176,0.420015143,60.09029468,Moderate,Never,Frequent,Vegetarian,Diabetes,Occasional,None,50.51498791,Good,Normal,2.691703899,6.844806325,0.275301442,High School,Medium,62
Male,154.4599695,93.06955827,152/95,258.1042238,39.00998322,126.7419449,1.316038725,0.592561911,40.44519351,High,Never,None,Balanced,Diabetes,Regular,None,57.97232393,Excellent,Normal,4.43824812,3.828539163,7.979787633,High School,Low,36
Male,187.6062385,86.49800837,142/87,234.685541,24.57602023,115.0347901,0.901949965,0.450420361,28.42344775,Moderate,Never,Frequent,High-fat,Heart Disease,Regular,Hypertension,68.29164045,Good,Normal,7.792553882,6.72453504,9.36500589,Postgraduate,High,56
Female,156.3567448,82.58718744,124/86,232.6341691,33.78153935,146.9045555,1.672694834,0.876515901,29.04558434,Low,Never,Occasional,High-fat,Diabetes,None,Hypertension,55.49423768,Fair,Normal,1.007294024,6.358191589,0.846246426,High School,Low,24
Male,175.8663304,55.54021061,160/105,224.3793747,17.95734467,150.0726714,0.937533961,0.283463546,64.31511888,High,Former,None,Vegetarian,None,None,Diabetes,61.89858749,Poor,Insomnia,1.800606526,0.011080262,5.259533815,Undergraduate,Low,65
Female,157.9034974,74.26300042,159/93,205.7135314,29.78440945,121.6049905,1.395400182,0.780162534,54.32293146,Moderate,Never,None,Balanced,Diabetes,Regular,Hypertension,66.14474836,Good,Normal,2.593796081,0.409413676,7.024120598,High School,Medium,30
Male,170.3811755,78.88200371,160/97,212.9422479,27.1728201,130.106866,0.537575853,0.326155678,58.46819512,Low,Former,Occasional,Vegetarian,Heart Disease,Occasional,Diabetes,57.5594184,Excellent,Normal,7.57076813,2.892478427,5.302535621,Undergraduate,Medium,73
Male,180.22443,70.44643957,145/88,226.4822244,21.68861037,106.4120459,1.036308353,0.433326322,50.06552757,Moderate,Former,None,Low-carb,None,None,None,69.26642982,Good,Insomnia,6.529907834,3.880925991,3.770903304,Postgraduate,Medium,58
Female,160.9197626,63.9118749,125/86,214.5132402,24.68100226,109.7397484,1.288189381,0.508562856,34.80567487,High,Never,None,Low-carb,None,None,None,77.00842278,Good,Insomnia,1.049109253,1.823307613,9.75202098,Undergraduate,Low,30
Male,180.8113486,80.09040856,150/101,230.4960132,24.49791584,126.5654009,0.426557815,0.351326875,60.14911916,High,Former,Occasional,High-fat,Hypertension,Regular,Diabetes,67.62734906,Good,Normal,7.730509335,2.707282637,4.692230421,Postgraduate,Medium,81
Female,160.7821871,50.61960025,145/91,271.1997568,19.58135979,117.5962578,0.695072452,0.524732736,46.67512568,Moderate,Never,Frequent,Balanced,None,None,Diabetes,67.41918015,Poor,Insomnia,3.764294557,8.91852021,0.38999899,Undergraduate,Medium,59
Male,183.7242664,87.12627344,157/110,221.6576995,25.81166946,109.7606375,1.436207138,0.712191097,34.93672273,Moderate,Former,Frequent,Vegetarian,Heart Disease,Occasional,Heart Disease,67.69250866,Fair,Insomnia,4.08915016,9.985728384,0.146383009,Postgraduate,Medium,30
Female,148.2154681,75.72424658,190/111,252.2025479,34.47052523,125.4357657,0.233006598,0.2,56.05061713,Moderate,Former,Occasional,Balanced,Hypertension,Regular,Diabetes,52.31604475,Fair,Normal,5.683001876,9.523512332,9.775070683,High School,Medium,89
Male,170.6818437,82.66760263,119/74,219.2753809,28.37662182,103.154506,1.261963774,0.777969783,32.42165648,Moderate,Former,None,Low-carb,Diabetes,Occasional,Diabetes,78.31232599,Excellent,Insomnia,6.270830831,9.326632476,10.14557774,Postgraduate,Low,24
Male,188.9789058,68.94705748,121/84,267.7994819,19.30585659,99.99630527,1.215267652,0.604536592,47.6634196,Moderate,Former,None,Balanced,None,None,None,80.18886634,Fair,Normal,5.910726779,3.205819535,4.745589718,Postgraduate,Medium,37
Female,158.0680262,64.30519469,160/105,228.7853984,25.73700441,117.904056,1.086020719,0.416346406,46.45964187,Moderate,Never,None,Balanced,Hypertension,Occasional,Heart Disease,66.84666381,Good,Insomnia,8.832847362,8.798329082,6.522031657,Undergraduate,Medium,54
Male,169.1705458,82.12402993,126/96,241.0837698,28.69595954,139.5499937,1.227009012,0.502022729,41.16855566,Moderate,Former,None,Vegetarian,Heart Disease,Occasional,Diabetes,68.69548516,Fair,Normal,6.487471246,1.554651126,9.919158646,Undergraduate,High,41
Female,158.2778554,45.72179819,140/87,184.3442084,18.25084549,95.88657824,1.114717139,0.456617214,34.40899946,High,Former,Occasional,Vegetarian,None,Occasional,None,78.02607002,Fair,Insomnia,9.130602268,0.810132774,1.403621575,None,Medium,44
Female,162.8901305,58.4996827,154/105,251.5564829,22.04773438,113.4749986,0.556233499,0.530510627,47.43263648,High,Former,None,Balanced,Heart Disease,Regular,None,56.11211372,Fair,Normal,3.976968851,1.183883959,0.126948383,Undergraduate,Low,62
Female,167.7456686,78.04229824,163/102,211.1913711,27.73495213,145.3445627,0.927892632,0.601603832,30.8477632,Moderate,Never,Occasional,Balanced,None,None,None,69.36498238,Good,Normal,3.071893709,8.929809881,3.917430048,Undergraduate,Low,53
Female,152.602074,65.63159071,156/93,262.200847,28.18331391,98.67718987,1.086942928,0.523822456,52.83987168,Low,Never,None,Balanced,None,Occasional,None,64.54263034,Good,Normal,8.187796267,7.46585837,8.65837034,Undergraduate,High,49
Male,181.5722791,93.64379694,137/92,221.4322314,28.40402752,93.60637822,1.139560331,0.650281116,49.99465577,Low,Never,Occasional,Balanced,Hypertension,Occasional,None,72.60156457,Fair,Excessive,3.222066828,7.139128343,6.384487342,Postgraduate,Medium,41
Male,176.1363878,96.18881152,144/92,274.2886065,31.0046182,131.7545903,0.388479254,0.2,67.85852009,Moderate,Never,Frequent,High-fat,Hypertension,None,Heart Disease,60.80975388,Excellent,Excessive,9.013910118,2.665896031,2.682426328,Undergraduate,Low,72
Female,149.7896103,66.88277267,160/95,217.1133054,29.80923885,99.90750693,0.773675396,0.259538976,49.49394497,Moderate,Never,Occasional,High-fat,None,None,None,60.65033583,Good,Excessive,7.022791283,9.654237665,1.019655417,None,Low,64
Female,167.9438639,49.9495571,134/88,229.9674492,17.70938012,138.7715706,0.593055344,0.2,69.29484333,Low,Current,Occasional,Low-carb,None,None,Diabetes,78.98246695,Good,Normal,8.85285197,2.948657055,9.913127146,High School,Medium,75
Female,161.6514906,44.30351437,134/108,243.4496432,16.95425655,129.6694522,0.626812731,0.309347585,49.52616913,High,Former,None,Balanced,Diabetes,Regular,Diabetes,71.8653652,Poor,Insomnia,7.272457797,7.209729216,0.002055064,Undergraduate,High,65
Female,166.4840602,63.41776539,165/88,234.0545832,22.88050562,122.5768959,1.14790317,0.313508699,66.23990384,Low,Never,Frequent,Low-carb,Hypertension,Occasional,None,64.50379661,Fair,Insomnia,3.137651949,9.042003012,1.698390021,High School,Low,67
Female,146.4860053,65.16993778,152/103,261.2934436,30.37071628,174.0378152,0.776053574,0.442575715,53.76125038,Moderate,Former,Occasional,Balanced,Diabetes,Regular,Hypertension,71.12948907,Poor,Insomnia,5.246093221,7.433186027,1.589506825,None,High,63
Male,174.0670595,80.95196114,155/99,214.0197916,26.71739977,115.500404,0.738864278,0.749488202,43.46600773,Moderate,Current,Frequent,Vegetarian,None,None,None,51.63986857,Good,Normal,3.520835505,2.145843848,8.707859583,None,High,36
Male,176.7425784,109.2006441,130/76,252.711309,34.95769807,123.9681303,0.899663848,0.2,62.15911759,Moderate,Former,None,Low-carb,None,Occasional,None,60.68310552,Excellent,Normal,3.636984586,1.257635951,8.883934827,Postgraduate,Medium,61
Female,154.0246803,80.85735605,109/99,234.3458639,34.0830855,81.54630818,0.88450889,0.464633317,41.49590551,High,Never,Occasional,Balanced,Diabetes,Regular,Hypertension,56.8850023,Fair,Insomnia,3.901271473,6.751158833,5.487219867,Postgraduate,Medium,43
Male,173.8056896,95.8046792,159/108,249.2582082,31.71456382,113.3361257,0.672443601,0.217841141,60.90649922,High,Current,Occasional,High-fat,Heart Disease,Regular,Hypertension,40.8229132,Good,Normal,9.341225716,6.105975852,9.278648755,None,Medium,64
Male,177.4286365,87.60782149,148/86,222.9926319,27.82886223,126.9848219,1.563216152,0.795775544,27.44526377,Low,Never,Frequent,Balanced,Hypertension,Regular,Heart Disease,76.41512591,Good,Normal,4.180308554,1.684241043,2.494739852,None,Low,22
Female,156.5156625,62.64328798,150/82,213.0248893,25.5716609,106.5139661,1.517541835,0.857367912,36.23653072,High,Former,None,Vegetarian,None,None,None,66.30997453,Good,Normal,5.906238588,4.532509562,11.85659315,None,High,31
Female,170.7381537,59.79283751,159/104,258.8129442,20.51105515,134.4860852,0.371960031,0.241974306,61.09430769,Low,Current,None,High-fat,None,None,None,57.10708729,Excellent,Normal,6.667770837,9.485574215,2.94422124,None,Low,78
Female,167.3836276,68.06947259,128/99,222.5648568,24.29553317,136.5972555,0.812685672,0.36224077,45.40722328,Low,Current,None,Balanced,None,None,None,48.79524071,Poor,Insomnia,8.028717438,0.326123233,2.82610375,None,Medium,60
Male,180.2734797,92.63924154,133/96,209.2261934,28.50567356,115.151094,1.529496272,0.592531302,41.32597203,Low,Never,Occasional,Vegetarian,Hypertension,Occasional,None,77.56652254,Poor,Normal,2.359332674,5.966927215,2.279964936,High School,Low,33
Female,152.7736869,61.36982426,140/97,211.6978966,26.2940667,135.6742348,1.324236311,0.377609532,44.06384038,Low,Former,Frequent,Balanced,Diabetes,Occasional,None,78.04460802,Good,Insomnia,8.641844816,5.808975441,8.14487526,Undergraduate,Low,41
Female,161.0118263,70.20247979,145/114,265.4516691,27.0792668,106.4659507,1.096513256,0.439798045,51.79045653,Low,Current,Frequent,Balanced,Hypertension,Occasional,None,66.88275796,Good,Normal,8.887445748,0.310754127,8.270531639,Postgraduate,Medium,61
Male,174.6313278,77.10544607,129/119,192.367792,25.28370659,153.6948757,0.294037359,0.2,64.04373661,High,Former,None,Balanced,None,Occasional,None,59.06152782,Good,Insomnia,5.742038104,3.62042155,10.60340916,Postgraduate,High,86
Female,153.1972029,69.2737163,136/98,240.9202223,29.51663296,135.5014499,0.848309191,0.38766363,54.53058939,High,Former,None,Vegetarian,Hypertension,Regular,None,69.92634804,Fair,Excessive,3.304554275,7.167280267,3.107009178,High School,Medium,52
Male,181.3741831,52.86042543,139/97,225.5587875,16.068662,124.3753762,1.249402609,0.471258122,27.47115262,Moderate,Never,None,Balanced,None,None,None,65.4520391,Excellent,Insomnia,2.186067872,9.387503252,0.782593412,Postgraduate,Low,47
Female,166.766385,49.13140567,175/78,213.0908505,17.66616003,128.4665304,1.188065906,0.490598421,55.64236844,Moderate,Former,None,Vegetarian,None,None,None,55.56535297,Good,Normal,7.264929334,7.581798563,5.197027707,None,Low,46
Male,160.8612757,75.30570391,154/83,234.5772485,29.1021353,124.6909084,0.818023481,0.454609847,55.06182481,Low,Never,Frequent,Balanced,None,None,None,55.31652871,Poor,Normal,8.135139343,7.809156897,5.995586329,Postgraduate,Low,52
Female,155.350907,54.36643232,162/101,254.3338321,22.52699423,119.437417,0.493030286,0.21480795,65.09952016,Moderate,Current,Frequent,Vegetarian,None,None,None,64.38289557,Fair,Normal,3.058059737,6.184318876,5.162867909,None,Medium,73
Female,168.6779688,62.95752168,156/95,233.9937856,22.12742608,115.6605287,0.40921411,0.2,55.04899792,Low,Current,Occasional,Low-carb,None,Occasional,None,62.30698583,Fair,Insomnia,3.141395061,8.015108413,9.507312132,Postgraduate,High,73
Female,168.2423104,67.07042345,145/92,243.0428355,23.69521211,123.3280731,1.150504731,0.370470673,61.44059149,Low,Current,Frequent,High-fat,None,Occasional,None,70.23849834,Fair,Insomnia,7.583272136,9.197660295,11.49100972,High School,Low,52
Male,182.9364699,109.7681803,157/89,227.4978173,32.80015351,130.3896226,1.180350698,0.587418169,32.85620542,High,Never,None,Balanced,Heart Disease,Occasional,None,62.29876715,Poor,Insomnia,7.727372636,2.303955887,8.721909307,High School,Medium,45
Male,183.1162953,81.8581816,175/106,223.5207368,24.41226673,108.6423464,0.67802923,0.221043195,45.86948433,Moderate,Never,Frequent,High-fat,None,None,Hypertension,61.53548432,Good,Insomnia,3.891433497,7.580316284,11.58129706,Undergraduate,Low,72
Male,177.1505161,77.22250128,136/78,234.6504133,24.60701991,115.6570623,1.563333109,0.701020223,46.29554618,Moderate,Never,Occasional,Balanced,Diabetes,Regular,Heart Disease,80.14822122,Excellent,Normal,7.244647069,3.687839394,11.07832077,Postgraduate,High,40
Female,156.6896291,59.87198701,169/98,207.3529994,24.38614582,147.4715307,0.126764462,0.254435472,61.83544183,Moderate,Current,Occasional,Low-carb,Diabetes,Regular,Diabetes,53.2088281,Excellent,Insomnia,4.058573078,1.966823884,1.37295995,None,Medium,79
Female,155.0490302,59.9764019,122/96,234.959584,24.9483771,105.440571,1.412756236,0.787178605,51.79304225,Moderate,Never,None,Vegetarian,Heart Disease,Regular,Hypertension,72.22498011,Excellent,Insomnia,2.911922628,1.279118869,3.656209559,Undergraduate,Medium,31
Female,158.1542549,83.33391655,152/97,234.6150146,33.31655075,141.0049401,1.113296402,0.472694402,53.13411255,High,Current,Occasional,Balanced,None,None,None,58.46279891,Excellent,Normal,3.803613165,6.449550751,6.144511716,None,Low,50
Female,167.3507383,72.71001797,182/100,278.0203082,25.96205028,105.1038694,0.40339894,0.361862208,43.97864441,Moderate,Never,Frequent,Low-carb,None,None,None,67.25772684,Fair,Normal,5.819999683,6.960584188,8.747630824,Undergraduate,Low,80
Male,179.2113576,73.58659669,123/94,205.6363111,22.9122457,137.2312856,1.317007724,0.669841837,46.15663864,High,Never,Occasional,Low-carb,None,Regular,None,69.93147524,Poor,Excessive,1.903641458,8.927472733,7.690911284,Postgraduate,Low,24
Male,179.6243309,83.47272535,161/97,256.3238094,25.87106257,141.4817296,0.850274235,0.414251703,42.36271548,Moderate,Former,None,Low-carb,Diabetes,None,Heart Disease,57.85255229,Excellent,Normal,7.814631201,3.725877191,6.888864724,None,Low,55
Female,155.6522221,70.25837084,145/95,195.2910871,28.99929399,96.24186125,1.206748822,0.513725769,36.88374129,Low,Current,None,Low-carb,Diabetes,Regular,None,69.8360321,Fair,Insomnia,8.682347582,5.185451342,8.739504981,High School,High,43
Male,184.8116745,65.02733752,135/94,230.5883762,19.03869465,106.5129282,0.934323263,0.300028362,32.09331744,Moderate,Current,Frequent,High-fat,Hypertension,Regular,None,65.15940377,Fair,Insomnia,6.345740819,5.415527958,6.374588541,Undergraduate,High,49
Female,163.7614882,55.22350637,132/112,238.4852051,20.59208989,133.0804534,0.226758623,0.2,79.57150192,High,Current,Frequent,Low-carb,None,None,None,45.37907316,Excellent,Normal,1.207006494,1.894651223,8.547536674,High School,Medium,86
Male,184.8242255,106.1086365,160/115,252.5322873,31.0622524,124.7209244,0.196867102,0.2,79.14428408,Moderate,Former,None,Low-carb,Heart Disease,Occasional,Hypertension,56.99673178,Good,Insomnia,9.334420369,4.531089758,5.549921066,High School,Low,89
Female,170.6816548,71.08385093,156/94,243.768591,24.40041752,132.5121974,0.459989009,0.287733899,66.90162417,Moderate,Current,None,High-fat,Hypertension,None,Diabetes,64.60713466,Fair,Normal,7.926655195,1.781556457,10.16798566,Undergraduate,Low,70
Male,177.4466941,73.86852808,130/87,225.0948315,23.45976297,94.13110796,1.163221654,0.655823688,51.49209627,Moderate,Never,None,Balanced,None,Occasional,None,62.98300438,Fair,Insomnia,6.32326548,5.776875394,2.422764816,Undergraduate,Medium,39
Male,179.9588412,82.51146905,161/102,229.1612831,25.47815313,123.2782518,0.420561826,0.26217771,56.01698115,Moderate,Former,None,Balanced,None,None,None,79.85259082,Fair,Insomnia,9.937333148,2.274475164,2.015386364,Postgraduate,Medium,73
Female,159.7130374,69.15012839,146/89,206.5938799,27.10892227,128.4184276,1.299757269,0.654730386,29.96431508,High,Current,None,Vegetarian,Heart Disease,Regular,Hypertension,73.22467178,Fair,Normal,7.698418076,0.927946376,3.422308734,High School,Low,26
Male,184.389235,98.94215047,152/100,263.7408925,29.10115461,128.7105993,0.045643706,0.2,52.69653435,High,Current,None,Balanced,Hypertension,Regular,Diabetes,55.63258179,Good,Normal,8.912605484,1.092141632,6.117870509,High School,Medium,83
Male,177.8498423,86.1539192,118/75,233.3040557,27.23755182,94.68583394,1.455008335,0.712674279,30.3504491,Moderate,Current,None,Vegetarian,Heart Disease,Regular,Hypertension,74.12210146,Excellent,Normal,2.107973706,2.639307906,9.648515085,Undergraduate,High,21
Male,166.8608087,74.27382805,182/93,283.2501783,26.67639379,106.8515949,0.620766352,0.218399776,69.91589929,Low,Never,Frequent,High-fat,Diabetes,Regular,Hypertension,41.14686792,Fair,Normal,2.883323879,4.831013559,7.827645224,High School,Low,84
Female,168.5473795,60.47501641,111/81,220.6853628,21.28785901,118.4457136,1.61878971,0.731751899,10.95155107,Low,Never,Occasional,Balanced,Hypertension,Regular,Hypertension,73.04562461,Good,Normal,4.020029026,1.157293548,0.950902649,High School,Medium,20
Female,155.182817,38.22164632,121/99,234.489109,15.87165179,102.0293652,1.165494737,0.602441169,33.24019979,Moderate,Never,Frequent,Balanced,Hypertension,Regular,Diabetes,82.01622287,Fair,Normal,3.0272407,1.292439294,9.721005398,Undergraduate,Medium,34
Male,178.5135977,104.312611,151/97,220.594151,32.73363313,124.9133351,0.804517953,0.395320651,58.21923987,Moderate,Former,None,High-fat,Hypertension,Regular,Heart Disease,45.97671237,Good,Insomnia,9.246015422,5.189783044,1.147082176,Undergraduate,Medium,62
Female,159.3564728,61.48346679,125/86,208.0234955,24.2113458,101.2228529,1.715896988,0.86924223,37.07455322,Low,Never,Occasional,Low-carb,Heart Disease,Regular,None,61.6653735,Poor,Insomnia,5.477257906,8.544295044,7.029356323,High School,Medium,22
Female,163.0832307,76.21074186,155/96,263.0250107,28.65481288,108.0136151,0.919395515,0.535911947,52.48319695,Low,Never,Occasional,Balanced,Heart Disease,Regular,Diabetes,59.22863532,Excellent,Insomnia,8.956009344,6.921078843,3.802615234,Undergraduate,Medium,51
Female,157.6342595,77.17427843,133/86,199.579009,31.05784769,124.0263231,1.290820089,0.594941312,27.9447671,Moderate,Current,Frequent,Balanced,Heart Disease,Occasional,Heart Disease,51.18781453,Fair,Normal,7.524296227,9.011226917,11.16266756,Undergraduate,High,35
Female,170.209066,68.04257794,105/92,204.9634018,23.4863421,146.8334145,1.590678509,0.835008583,40.05740128,High,Former,None,High-fat,None,None,None,77.50688886,Poor,Insomnia,2.637982867,4.682795096,9.920123709,None,Medium,26
Female,170.0178066,64.52052353,164/96,287.4960504,22.32076446,125.5410167,0.490858139,0.299397758,81.55435335,Moderate,Current,Occasional,Balanced,Hypertension,Regular,Diabetes,45.51298758,Fair,Normal,1.810729963,3.765359749,4.883525963,None,Low,73
Male,169.1155289,83.82552688,153/104,251.487951,29.30956114,111.2492943,0.449275174,0.2,57.82548181,Moderate,Former,None,Vegetarian,None,Occasional,None,61.07854158,Poor,Excessive,2.538849178,1.604026906,1.01435327,High School,Medium,75
Female,161.9145344,70.17089565,151/93,228.1981094,26.7661156,144.4492887,0.763457222,0.331195416,66.82926761,Moderate,Current,Occasional,Balanced,None,None,None,50.54766889,Poor,Insomnia,1.031247169,8.694088117,2.738357605,Postgraduate,Medium,58
Female,158.2475038,62.99001141,158/103,245.0368617,25.1534726,123.3154737,0.951271225,0.410078141,46.29702852,High,Never,None,Low-carb,Hypertension,Occasional,Heart Disease,59.98671544,Good,Normal,8.571227579,5.616637351,5.304497658,Undergraduate,High,48
Male,172.4513466,56.3685861,145/89,253.6391481,18.95413466,114.1233292,1.110586069,0.449621614,62.63122721,Moderate,Current,None,High-fat,Heart Disease,Regular,Diabetes,53.5906723,Good,Insomnia,2.340165583,0.070895375,9.274213959,Undergraduate,Medium,52
Female,165.4768829,74.3483593,130/94,212.4613155,27.15168121,146.0763269,1.336815426,0.791836114,10.07355998,Low,Never,Occasional,High-fat,Hypertension,Occasional,Diabetes,68.96401358,Good,Insomnia,1.321516674,2.819310929,11.01953172,High School,Low,27
Female,170.2514918,43.24251115,151/96,213.600856,14.91863382,141.974379,0.303901767,0.2,49.22112912,High,Former,Frequent,Balanced,None,None,None,42.66456412,Excellent,Insomnia,5.446508444,3.164161231,11.91354882,Postgraduate,Low,83
Female,162.3859372,53.29546289,135/89,216.842177,20.21126081,142.7285355,0.994184985,0.456785691,72.77300438,High,Current,None,Balanced,None,None,None,66.51003729,Good,Insomnia,9.7566282,6.293314568,10.44168847,High School,Low,56
Male,174.7455145,86.21086657,137/94,205.1944625,28.23253901,103.8454942,1.313128006,0.709247814,23.30056712,Moderate,Former,Occasional,Balanced,Diabetes,Regular,Heart Disease,75.40566725,Excellent,Insomnia,1.836332847,4.993594665,1.01830804,Postgraduate,Medium,37
Female,159.5947296,78.11702219,138/101,212.4655667,30.66963369,95.61423736,1.662316463,0.664986087,38.72041709,High,Former,None,Balanced,Diabetes,Occasional,Hypertension,61.69810404,Excellent,Normal,6.44522596,9.419058206,8.696664226,None,Low,26
Male,180.750887,81.25824647,137/102,248.9739204,24.87176305,118.7423345,1.132952314,0.696063815,31.09177368,Low,Current,Frequent,Balanced,None,Occasional,None,58.77753926,Poor,Insomnia,2.116121468,3.26952208,7.884602529,Undergraduate,Low,46
Male,173.9382288,77.21415608,138/77,210.3503685,25.521538,127.9616907,1.494640614,0.761207486,32.76251426,Low,Never,Frequent,High-fat,Heart Disease,None,None,56.61810995,Fair,Normal,9.224185118,7.865839592,6.047551958,High School,High,18
Male,170.2116489,74.77344649,147/91,209.2129782,25.80886113,136.3182437,0.485391989,0.293731265,55.45159491,Moderate,Former,Frequent,Vegetarian,Hypertension,Regular,Heart Disease,50.89545477,Excellent,Insomnia,1.046071298,0.020356019,3.723695249,Undergraduate,High,63
Male,171.1654807,99.38427679,140/85,223.895848,33.92230178,102.9691772,1.284817293,0.750150082,18.25261507,Low,Never,Frequent,Balanced,None,None,None,64.76718902,Good,Excessive,3.31889814,9.194876125,11.81931625,Undergraduate,Low,27
Male,173.0944403,93.06281191,133/84,240.1639066,31.0606066,112.5831655,1.270550736,0.546692654,56.26093558,Moderate,Current,None,Low-carb,None,Occasional,None,68.51598717,Good,Normal,6.614116166,4.409333596,7.067744064,Postgraduate,Low,40
Female,144.4442438,84.3272079,152/105,255.4621019,40.41729477,139.502944,0.642366368,0.301300669,52.30717284,Low,Former,Frequent,Low-carb,Diabetes,Occasional,Hypertension,65.20050464,Good,Normal,6.401261802,5.554494819,2.957913499,Undergraduate,Medium,62
Male,180.3024388,99.87783194,169/98,263.4492604,30.72316155,117.0773221,0.384328935,0.284187243,47.32261703,High,Former,Occasional,Low-carb,Diabetes,Regular,None,40.59355729,Good,Excessive,4.406977493,0.167848717,2.304210117,Postgraduate,High,74
Female,168.5879845,64.89052668,158/99,251.4382354,22.83116442,169.8126406,0.413518796,0.2,56.30184413,Low,Former,None,Vegetarian,None,None,None,63.28141635,Excellent,Normal,3.057597934,1.61786369,9.517489244,High School,Medium,87
Female,161.7245063,69.1476762,134/85,227.2546741,26.43783705,133.7067496,1.998230885,0.792768373,17.61818168,Moderate,Never,Frequent,Low-carb,Hypertension,None,Heart Disease,70.21263152,Poor,Insomnia,7.678753333,9.795212463,4.695296677,Postgraduate,Medium,18
Female,159.0311309,70.72081659,167/98,266.0408372,27.9629491,110.0952764,0.508974214,0.273330746,47.66734795,Moderate,Current,Frequent,High-fat,Heart Disease,Occasional,Hypertension,56.39362109,Excellent,Normal,5.171161396,2.651553649,9.95825565,High School,Medium,74
Male,176.3727475,88.53558964,149/108,240.3349701,28.46131246,119.223901,0.264978063,0.327391838,62.99809882,Low,Never,None,Vegetarian,Diabetes,Regular,Diabetes,61.52721511,Poor,Excessive,4.016365058,6.407110552,7.997040037,None,Medium,73
Female,163.7540863,64.14411023,183/108,254.5229403,23.92062337,140.0312493,0.157701209,0.2,61.6095442,Low,Current,Occasional,Low-carb,None,None,None,67.467696,Good,Excessive,7.866028898,8.301476182,2.892793499,High School,Low,87
Female,163.3612655,51.71574689,152/85,212.5216392,19.37869926,118.7031702,1.183538816,0.402394794,39.9663942,High,Never,None,Balanced,None,None,None,71.12725932,Good,Normal,9.741158413,4.034532646,1.560371011,High School,High,56
Male,169.3017706,70.67162826,122/85,216.9832694,24.65597024,106.6201128,1.78869934,0.701636884,46.16467246,Moderate,Never,Frequent,Balanced,Hypertension,Regular,Heart Disease,77.15931174,Good,Normal,3.157375108,3.085818901,11.62210191,High School,High,23
Female,165.5256114,61.09769308,165/90,215.944219,22.29946332,88.10390751,1.00661242,0.387067932,45.72439277,Moderate,Current,Occasional,High-fat,None,None,None,60.46782132,Excellent,Normal,5.386468783,1.447955597,9.498381833,None,Medium,58
Male,178.730951,67.26117486,156/98,212.731322,21.05546885,144.5266684,1.139146514,0.2,67.88102652,Moderate,Never,None,Vegetarian,None,None,None,49.08720921,Good,Normal,3.543144671,2.968950021,10.42124241,High School,High,53
Female,161.9318939,81.62253746,145/90,260.9899261,31.12757593,127.14696,1.070933177,0.351228848,46.44423243,Moderate,Current,Occasional,High-fat,Heart Disease,None,Diabetes,70.34694466,Good,Excessive,1.895079125,6.2802445,8.599536304,None,Low,45
Male,173.8638819,92.78453875,176/97,258.3296618,30.69423891,145.0622186,0.428022662,0.336618494,75.77265695,Moderate,Former,None,Balanced,Diabetes,Regular,Hypertension,44.79212936,Excellent,Excessive,7.678505108,1.309641001,0.952127325,Undergraduate,Medium,79
Female,163.2181719,60.11394441,137/86,230.6672694,22.56514906,133.3985943,0.968510177,0.485904503,49.58115166,Moderate,Former,Occasional,Balanced,None,None,None,58.02664083,Excellent,Excessive,9.440102111,2.241172843,10.50144676,High School,Medium,55
Female,163.3116573,67.36635332,166/105,255.4341174,25.25856458,129.7079656,0.263954399,0.270800876,60.16637554,Moderate,Former,Frequent,Vegetarian,Diabetes,Occasional,Diabetes,49.44718871,Fair,Normal,1.78110472,2.099428774,8.32229586,Undergraduate,Medium,82
Female,161.7278615,56.75921104,147/100,214.4362118,21.70034619,106.0830805,0.405608706,0.340073333,70.44396134,Low,Former,None,Balanced,None,None,None,58.97150011,Good,Normal,4.358174804,0.34692185,5.011563602,None,Low,77
Male,178.5509399,48.58526429,128/88,243.3697112,15.23983581,121.6080743,1.224469628,0.607456321,23.90983127,Low,Current,None,Balanced,None,None,None,69.99629228,Good,Insomnia,3.678268018,6.527897508,4.783295045,High School,High,48
Female,166.6235406,61.77879106,139/79,268.8635558,22.25187894,132.825957,1.200325874,0.563008401,47.06926989,Low,Former,Frequent,Balanced,None,None,None,78.30298902,Fair,Normal,3.362428814,6.248845292,7.363034689,Undergraduate,High,32
Female,155.5114038,63.72191851,127/79,216.4267741,26.34901345,105.6758446,1.206342904,0.721279212,35.88531753,High,Never,None,Vegetarian,Hypertension,Regular,None,78.23589051,Excellent,Excessive,7.289533947,8.071680483,3.552168163,None,Medium,29
Male,165.2181452,79.19095098,127/82,185.9778444,29.01082464,109.7716548,1.541385374,0.570296134,38.63338658,Low,Never,Occasional,High-fat,Hypertension,Occasional,Diabetes,71.15795196,Good,Excessive,4.138972337,9.155414654,10.49849261,Undergraduate,Medium,29
Male,167.6767157,65.29983623,135/93,221.5013966,23.22558033,120.8832022,1.549761922,0.782518787,41.46510812,Moderate,Never,None,High-fat,None,Occasional,Diabetes,84.10709104,Excellent,Insomnia,9.550416773,9.178808374,10.013115,None,Low,26
Female,158.946021,75.1886817,151/96,247.576847,29.76138578,109.2844145,0.678876423,0.570205981,31.08923876,Moderate,Former,None,Vegetarian,Diabetes,Regular,None,62.92094284,Excellent,Excessive,6.31839271,4.933508719,6.253800428,High School,High,54
Male,177.9704668,93.67082275,171/103,240.2482633,29.57389019,162.3075822,0.366144738,0.2,49.17078159,High,Current,Frequent,High-fat,None,Occasional,None,59.48434852,Fair,Normal,5.251537203,2.550430798,7.356262536,Undergraduate,High,88
Female,171.4962553,62.36586812,133/90,230.3085902,21.20497131,101.5892766,1.344310799,0.694376789,39.5823344,Moderate,Never,None,Balanced,Hypertension,Regular,Diabetes,67.58432429,Excellent,Normal,2.180842213,1.644060272,4.06581904,None,High,23
Female,163.446374,52.10947604,141/92,273.5936064,19.50590595,152.5103378,0.898964718,0.577493179,45.38291195,Low,Former,Frequent,High-fat,Hypertension,Occasional,Heart Disease,73.55467443,Good,Excessive,8.794706675,6.599663069,8.074157003,High School,Medium,50
Female,163.1925341,50.37892026,139/97,274.3883342,18.9168266,171.3314152,0.319032017,0.2,34.6875703,High,Current,None,Low-carb,None,None,None,62.21367707,Poor,Insomnia,3.496595396,8.461713746,10.415256,High School,Low,81
Male,178.2385109,77.25894165,156/115,260.8968786,24.31899729,132.559068,0.375027925,0.2,67.67348496,Moderate,Current,None,Balanced,None,None,Heart Disease,65.66929534,Fair,Normal,9.84633944,0.491743405,3.430818327,Postgraduate,Medium,74
Female,147.4505957,73.59991355,160/99,225.1646932,33.85199293,141.2463514,1.116995746,0.728571456,24.87625294,High,Current,Frequent,Low-carb,Diabetes,Regular,Heart Disease,49.83113136,Good,Excessive,9.913427437,1.752820438,11.74838998,High School,High,36
Male,172.6878789,82.26571519,158/102,228.8970615,27.58640878,127.4492231,0.258581161,0.318413145,56.50072034,Low,Current,Frequent,Vegetarian,None,None,None,55.12293704,Excellent,Normal,4.307004325,4.534464481,3.51639883,Undergraduate,Medium,88
Male,184.8190823,82.22663886,131/89,188.6732983,24.07237384,96.40088306,1.387978178,0.67427457,23.46753459,Moderate,Never,Occasional,Balanced,None,None,None,71.92864346,Fair,Excessive,6.37666209,7.23431482,5.267231909,Undergraduate,Medium,21
Female,161.4065168,70.00636812,118/88,248.546386,26.87171696,130.4247068,1.000086819,0.561556104,37.07224481,High,Former,Frequent,Balanced,Heart Disease,Regular,None,73.09913943,Fair,Insomnia,2.407697098,5.318989355,3.648934923,Undergraduate,Medium,51
Female,160.7108352,86.99201859,164/104,252.5989239,33.68131912,122.9448908,0.892814708,0.231519849,53.50019556,High,Never,Frequent,High-fat,Heart Disease,Regular,None,48.50807731,Fair,Normal,2.219988478,6.28082596,1.295803589,High School,Medium,66
Male,177.9583854,69.27834857,148/94,204.6329544,21.87563222,130.3602474,0.792948372,0.455030319,39.876995,Low,Former,None,Low-carb,None,Occasional,None,75.93156536,Fair,Insomnia,5.148895116,0.926110706,6.500377861,None,High,60
Female,165.614662,80.12624273,144/88,266.5390548,29.21307094,143.6678241,1.091623001,0.478009553,53.56227174,High,Former,None,High-fat,None,None,None,70.73935995,Poor,Insomnia,8.020659878,9.931582946,11.6295122,Undergraduate,Medium,48
Male,188.2691514,51.28053872,159/100,272.4254729,14.46752524,121.853908,0.20302224,0.2,58.32131372,Moderate,Never,None,Vegetarian,None,None,None,71.0229629,Good,Insomnia,5.004853457,7.026940409,1.242501104,Undergraduate,High,86
Male,180.2155488,78.27084269,139/91,250.2640706,24.09991397,146.6481409,0.75169063,0.535098099,32.13644006,Low,Never,Frequent,Balanced,None,None,None,57.62516729,Fair,Insomnia,3.006940554,5.009060416,2.119713726,High School,High,54
Female,161.4607922,64.41088693,157/78,236.2704322,24.70729049,122.8866282,1.034220981,0.394564362,57.15011625,Moderate,Never,Frequent,Balanced,Hypertension,Occasional,Heart Disease,66.47387265,Fair,Insomnia,5.423241518,0.338392212,1.589582428,High School,Low,51
Male,172.9300079,71.29477642,135/78,237.6768979,23.84058944,130.5520244,1.153461099,0.473867702,44.41301354,High,Never,Occasional,Balanced,Heart Disease,Regular,Heart Disease,66.24063856,Good,Insomnia,3.882150925,8.245362741,11.52102693,Undergraduate,Medium,41
Female,162.607382,76.88803648,165/112,235.1867898,29.0789188,128.8999887,0.497525883,0.257030527,56.84878107,High,Never,None,High-fat,Hypertension,Occasional,Heart Disease,57.8521951,Excellent,Normal,6.727572884,2.042141727,2.748697088,Postgraduate,Medium,69
Male,166.4428053,62.58588434,143/103,215.2877235,22.59156615,131.7707572,1.172293353,0.522685072,49.61437438,Low,Current,None,Balanced,Diabetes,Occasional,Diabetes,79.54915768,Fair,Normal,1.755042909,7.374744386,2.879882493,Undergraduate,High,55
Male,179.5183712,68.64079976,135/102,219.2976294,21.29926107,101.501029,1.372518796,0.683089826,36.5891754,High,Former,None,Balanced,Hypertension,Regular,Diabetes,66.89261975,Excellent,Normal,5.496954608,6.955623548,3.88482804,None,Medium,36
Female,159.5323489,67.72561776,134/107,208.2016485,26.61064833,128.6633591,0.892930775,0.367260805,34.09826309,Low,Former,None,Balanced,None,None,Heart Disease,47.95226392,Good,Insomnia,7.45563649,5.641610496,5.397759027,Undergraduate,Medium,67
Female,154.9984575,68.1003493,160/86,226.400314,28.34618305,133.0180697,0.736213497,0.412808546,33.65630073,Low,Current,Occasional,High-fat,None,None,None,60.48385962,Fair,Normal,9.305269342,7.641753214,8.894308403,Undergraduate,Low,52
Male,170.7995234,71.92270829,131/99,221.3428443,24.65430268,139.3980522,1.439948801,0.654814725,21.44002962,High,Never,None,Balanced,None,None,None,47.9375735,Excellent,Insomnia,2.884938921,3.638079465,0.022483121,Undergraduate,Medium,29
Female,153.90215,50.08494984,135/83,191.593936,21.14549565,103.6076703,1.525913012,0.905658524,42.64695635,Moderate,Never,Frequent,Balanced,None,None,None,61.5140817,Fair,Excessive,7.274804057,6.575784572,4.337813327,Postgraduate,Medium,19
Male,175.6428446,78.08926339,125/93,215.5319219,25.31222965,144.6635753,1.235811487,0.741167521,35.62529292,High,Current,Frequent,Low-carb,Hypertension,Occasional,None,72.79890335,Excellent,Normal,4.61871869,1.838459156,0.521506658,Undergraduate,Low,34
Male,175.5818262,71.2676727,136/100,218.3951999,23.11710541,132.7757607,0.640164807,0.419929847,49.67748263,Moderate,Never,None,Vegetarian,Diabetes,Regular,None,45.29464011,Good,Normal,2.847111818,8.09460211,7.277332576,None,High,70
Male,177.3411362,80.79174035,128/96,199.9140293,25.68904681,109.4345996,1.405814282,0.699584626,50.84886842,Moderate,Never,None,Balanced,Hypertension,Regular,Heart Disease,77.32449274,Good,Normal,9.716215422,4.00706006,10.17840619,None,Medium,30
Female,166.9417009,56.71689085,148/98,235.317826,20.3508591,134.7154233,1.482825973,0.697496613,43.28100017,High,Current,None,Low-carb,None,None,None,82.5972107,Poor,Normal,8.661189123,6.851588471,8.707943795,Postgraduate,High,49
Female,165.0848121,66.48648885,159/98,238.2479126,24.39603001,118.1346733,0.971433435,0.483127805,77.50880351,Moderate,Current,None,Balanced,None,None,Diabetes,63.43916357,Good,Normal,7.440958464,0.091403445,10.01070724,High School,High,60
Female,166.743899,51.25274892,160/112,230.1653428,18.43390133,115.4518858,0.947748065,0.373715268,42.3600664,Low,Never,Occasional,Low-carb,None,None,None,61.40959111,Poor,Insomnia,7.405679146,5.754159621,1.258029373,Postgraduate,Low,55
Male,172.783179,55.11043942,154/101,236.939611,18.4599684,96.3466977,0.791465447,0.40741128,54.83814453,High,Current,None,Balanced,None,None,None,53.32248832,Excellent,Insomnia,8.548423137,2.057578258,0.809083597,Undergraduate,Medium,66
Male,178.4562738,85.14910673,127/98,235.5514214,26.73723267,110.5842058,1.415351144,0.638090877,50.01152882,High,Never,Occasional,High-fat,Diabetes,Regular,Hypertension,77.04274264,Fair,Excessive,8.742449896,5.773340009,1.874515879,Postgraduate,Medium,26
Male,188.6232999,86.07437025,157/116,220.8679251,24.19263522,117.7114518,0.50312527,0.2,63.58470624,Moderate,Never,Occasional,Low-carb,None,None,None,46.03303637,Poor,Insomnia,5.562847544,6.641231166,5.417856134,High School,High,79
Female,154.5159704,51.88180113,137/79,267.8673263,21.73042885,120.5973546,1.491288262,0.606677415,57.01074724,Moderate,Never,Frequent,Low-carb,Diabetes,Regular,Diabetes,59.92209694,Poor,Normal,4.448653918,8.525609321,7.146801457,High School,High,43
Male,180.5983095,85.91614225,121/91,229.8163463,26.34191882,157.5724159,0.726248377,0.52847023,37.12347037,Moderate,Former,None,Balanced,Diabetes,Regular,None,59.46157874,Good,Normal,9.770507005,4.07178,6.803663214,None,Low,47
Male,176.7723516,73.46223415,156/100,229.581431,23.50907022,151.0038183,0.884385951,0.329562129,47.99233205,High,Former,None,Balanced,None,None,None,55.54300036,Fair,Insomnia,4.454344074,2.652795989,0.683187808,Postgraduate,Low,59
Male,183.7878678,68.76041991,157/114,254.5646849,20.35658118,140.427191,0.434413027,0.2,58.23046723,Moderate,Never,None,High-fat,None,None,None,49.70646408,Excellent,Normal,8.985818443,7.930333462,4.977382816,Undergraduate,Medium,88
Female,146.5970156,79.88138566,144/93,244.5326937,37.17023712,121.0454807,0.995068186,0.328834737,53.32416372,Low,Never,Frequent,Low-carb,Hypertension,Occasional,Diabetes,76.02025797,Fair,Normal,8.199787993,6.545050315,9.139607885,Undergraduate,Medium,51
Female,164.5898418,50.19125787,166/106,235.1907243,18.52772193,100.9971795,0.76825031,0.437430833,46.04986198,Moderate,Current,Occasional,Low-carb,Hypertension,Regular,Diabetes,60.53603544,Poor,Insomnia,6.95356351,6.198971162,5.822062422,Undergraduate,High,62
Female,166.9442174,73.57146968,154/93,212.092399,26.39773536,105.6205145,0.937434126,0.553224379,37.91434077,Low,Never,None,Vegetarian,Diabetes,Occasional,Hypertension,67.63666775,Poor,Normal,7.015771618,2.890901286,4.488845083,High School,High,48
Male,171.7465287,96.37854498,135/94,259.983909,32.67415988,118.3276437,1.220728646,0.70788569,33.17806257,Low,Current,None,Vegetarian,None,Occasional,None,65.9070208,Fair,Normal,1.605516268,7.304262136,9.694420537,High School,High,32
Female,156.2933303,77.66481362,151/101,263.0459995,31.79387144,147.4775715,0.432532054,0.305641779,73.25546114,Low,Former,Frequent,High-fat,None,Occasional,Heart Disease,53.85825566,Excellent,Normal,7.745165331,1.234589204,5.574827176,High School,Medium,81
Male,168.0391038,80.68689836,177/99,245.9020226,28.57474134,136.2975202,0.492534345,0.229102467,46.39997393,Moderate,Current,Occasional,High-fat,Diabetes,Regular,Hypertension,56.31727432,Fair,Insomnia,7.345286855,9.517338093,10.79212074,Postgraduate,Low,69
Male,170.3501899,83.09698052,151/98,245.6963652,28.63518539,123.8929676,1.172960685,0.703521352,44.34969533,Moderate,Current,None,Vegetarian,None,Occasional,Diabetes,94.67234761,Fair,Normal,1.840721135,7.780870659,2.614552968,High School,Medium,36
Female,172.29329,80.40003989,137/92,231.8546818,27.08441978,108.339448,1.354452507,1.039087839,24.02882428,Moderate,Never,Frequent,Low-carb,None,None,Diabetes,100.7055343,Good,Normal,4.620938458,2.541494288,2.644334545,None,High,20
Male,179.6687169,49.37229085,138/82,198.2575783,15.29460784,108.6491656,1.062600401,0.656986713,45.73452598,Moderate,Never,Occasional,Low-carb,None,Occasional,None,70.30581253,Good,Normal,9.750701245,7.546797361,4.380614415,High School,Medium,37
Male,157.2884029,70.61521835,130/93,184.3476652,28.54334724,106.4935565,1.888095113,0.902461896,36.39307721,Low,Former,Frequent,Balanced,Hypertension,None,Hypertension,78.67696511,Fair,Insomnia,5.067708495,4.280958285,11.20541813,Postgraduate,Low,18
Male,176.8949017,66.33900646,135/93,221.9650456,21.20012054,130.0711373,0.682673761,0.330154261,54.69472254,Low,Former,Occasional,Vegetarian,None,None,None,79.19137165,Poor,Normal,3.632204764,9.738350112,1.910714849,Undergraduate,Medium,70
Male,179.7695617,88.66108916,129/95,233.299361,27.43473332,122.1258635,1.249836545,0.578228877,37.41600072,High,Former,Occasional,Vegetarian,None,None,None,58.07313909,Good,Insomnia,1.04544032,5.80385774,6.191209338,Postgraduate,Medium,47
Female,175.1238814,71.23782435,157/94,307.4597569,23.22843225,145.3598805,0.945757117,0.274935578,59.20105532,Moderate,Former,None,Vegetarian,None,None,None,65.86760485,Good,Normal,4.231576919,2.034681731,2.508310169,None,Medium,61
Male,182.9515953,91.15544844,141/94,273.0304391,27.23392456,106.8479901,0.698062427,0.389642951,41.29312363,Moderate,Never,Frequent,Low-carb,Heart Disease,Occasional,Hypertension,51.7736966,Poor,Normal,5.95532414,7.272225314,4.458895608,High School,Low,63
Male,180.4820888,94.70419751,148/91,220.9950544,29.07374729,119.1506468,0.693581523,0.270584956,45.45680544,Low,Former,None,Balanced,None,Regular,Diabetes,78.44528207,Fair,Normal,2.568574037,8.419573028,0.872571951,Undergraduate,Low,60
Male,168.9831647,105.9730616,160/90,234.1015097,37.11150809,107.1267695,1.166649764,0.716887544,45.96424351,High,Current,Frequent,Balanced,None,None,None,69.32744366,Good,Normal,5.564682924,1.99696361,8.730855326,None,High,42
Male,176.7587645,74.19995284,144/99,264.7786344,23.74880243,142.3008052,0.805451994,0.283360128,25.08102815,Low,Current,Frequent,Low-carb,None,Regular,None,41.5246736,Good,Excessive,8.108348815,7.612441415,0.929183321,None,Low,62
Female,156.6971285,63.70729682,148/91,252.2048441,25.94580214,115.1472474,1.432126609,0.621050305,46.2043199,Low,Former,Occasional,Balanced,Diabetes,Regular,None,60.47428691,Good,Normal,6.627290953,4.201997721,3.196711178,None,Low,42
Male,171.983908,79.76142938,160/83,226.9029876,26.9660479,91.06596711,1.057050399,0.544916566,33.42119034,Low,Former,Occasional,Vegetarian,Diabetes,Occasional,Hypertension,55.69963806,Excellent,Insomnia,3.956218694,9.44857728,7.902496099,High School,Low,43
Female,159.5950373,69.61001922,140/96,231.8941132,27.32958193,95.02287825,1.596521414,0.970601415,29.06822316,Low,Never,None,Low-carb,None,None,None,85.61395479,Good,Normal,2.206141129,2.532131595,1.188148872,High School,Medium,19
Female,162.1126448,66.66367095,104/94,219.8794488,25.36620179,115.7939538,1.531634169,0.716332342,39.19216357,Low,Never,None,Low-carb,Hypertension,Regular,None,74.28341716,Good,Insomnia,7.830919908,2.74210545,4.874892533,High School,Low,27
Female,156.7085184,59.98203581,139/83,211.596661,24.42507988,125.1131791,0.871512339,0.515285059,50.71438545,High,Current,Occasional,Balanced,None,None,None,67.2824546,Good,Normal,8.736676707,5.834476299,2.927002827,High School,Low,48
Male,162.647909,78.30185323,154/101,221.1841264,29.59886598,129.4688741,0.717361491,0.455134273,36.24634189,Low,Former,None,High-fat,Heart Disease,Occasional,Hypertension,50.25860514,Fair,Normal,2.099665652,8.358380692,6.807291452,Undergraduate,High,51
Male,185.563693,80.31340407,167/107,239.1354147,23.3239456,165.8299483,0.384774354,0.234484398,52.30092612,Moderate,Never,Frequent,Vegetarian,None,None,None,45.92751497,Good,Insomnia,4.514830992,8.948287477,10.69422633,Undergraduate,Medium,89
Female,163.8337003,60.7966256,119/81,255.9366395,22.65024973,141.6786147,1.357572521,0.67766324,47.72810443,Low,Current,Frequent,Balanced,None,Occasional,None,75.72131414,Good,Insomnia,4.607001262,7.063117421,1.516694452,Undergraduate,Medium,32
Male,184.9910501,91.52855985,136/92,227.334471,26.74577542,145.5816252,1.551310529,0.984852984,38.37732812,Moderate,Former,Frequent,Vegetarian,Hypertension,Regular,None,75.54713202,Fair,Normal,1.329948939,5.190711799,7.590187638,Undergraduate,Medium,24
Male,169.2009318,77.58419002,144/106,238.5481948,27.09990259,117.694399,1.005874694,0.434602002,55.81518369,Low,Former,Occasional,Balanced,Heart Disease,Regular,None,71.86641894,Good,Normal,3.811599284,1.881691926,4.453666766,Undergraduate,High,53
Female,166.3158706,61.08522768,158/94,212.5841206,22.08354598,134.745997,0.291122659,0.2,48.30565348,High,Former,None,Balanced,None,Occasional,Hypertension,35.18667593,Good,Normal,9.230676928,1.444370052,3.568623097,High School,Medium,87
Male,173.0154754,76.57509366,171/101,249.81374,25.58100696,119.1498955,0.418963627,0.250889045,63.72756048,Moderate,Former,None,High-fat,Hypertension,None,Heart Disease,49.81873235,Excellent,Insomnia,2.70232933,0.916396743,4.259658446,Undergraduate,Low,83
Male,174.083864,73.95675848,128/100,210.6273758,24.40398965,85.59320975,1.537576391,0.756119056,25.93788105,Moderate,Former,Occasional,Balanced,None,None,None,69.67265035,Good,Insomnia,7.540856559,3.0734837,6.674739832,Undergraduate,Low,31
Female,164.4897642,64.79532542,148/106,252.1566303,23.94781638,165.1245714,0.885261006,0.31548348,48.93215594,High,Former,None,Balanced,None,None,None,56.62692568,Fair,Insomnia,2.215709804,4.449908326,3.550098948,High School,Medium,61
Male,177.4380096,85.569092,137/84,195.7701079,27.17838269,153.4551016,1.458252842,0.667161347,48.19519173,High,Current,Frequent,Low-carb,None,None,None,74.28760026,Good,Normal,8.300637806,3.608519657,8.72662413,Postgraduate,Low,32
Male,178.3756323,96.57543216,158/99,264.7873422,30.35257977,132.1868946,0.079820375,0.2,50.42052101,Low,Former,Occasional,Balanced,Hypertension,Regular,Heart Disease,57.48735102,Fair,Normal,7.736183215,1.078458412,2.174578338,Postgraduate,High,88
Male,180.2485916,81.44982214,123/78,205.4245092,25.06954088,121.4986661,1.640755649,0.734526924,26.7834154,High,Never,Frequent,Vegetarian,Hypertension,None,Hypertension,71.53741749,Good,Normal,7.847497713,2.895421052,1.723073796,None,Medium,28
Male,187.1858206,89.60731977,171/103,261.1385681,25.57393705,162.2778048,0.441272722,0.249257134,54.14522927,Moderate,Current,None,Balanced,Heart Disease,Occasional,None,55.10123571,Fair,Normal,5.936171156,2.937849473,8.101616441,Postgraduate,High,79
Female,164.109601,68.65936455,141/78,221.6172629,25.49363716,135.9550765,1.340617389,0.654152636,33.14797242,Low,Never,Occasional,Vegetarian,None,None,None,69.43439001,Good,Insomnia,3.040957778,1.279233236,10.48499823,Postgraduate,High,29
Male,167.9129098,80.72690726,142/106,259.6974247,28.63189806,125.6084958,1.056193077,0.501867093,45.77968985,Moderate,Current,Occasional,Balanced,Hypertension,Occasional,Hypertension,61.39198113,Good,Insomnia,9.051036475,7.916548487,9.561040783,High School,Medium,52
Female,156.5887456,81.23223655,173/103,235.0185776,33.12892322,139.8596976,0.163895917,0.2,41.96911227,Moderate,Former,Frequent,Balanced,None,Occasional,Diabetes,63.91659363,Good,Excessive,4.08562949,5.843995324,8.000625116,Postgraduate,Low,84
Female,161.4016347,61.80328476,158/95,220.4951389,23.72442523,134.3817038,1.238849477,0.487315476,34.89600964,Moderate,Current,Occasional,Low-carb,Diabetes,Regular,Hypertension,85.73369449,Excellent,Normal,9.006663773,0.376069673,4.788601065,High School,Low,42
Female,170.3061488,70.75338641,171/112,188.3008585,24.39419968,121.5199121,0.556374798,0.2,55.92638817,Moderate,Former,Occasional,Low-carb,Diabetes,Occasional,Hypertension,50.36288122,Good,Normal,6.831718125,3.865033226,9.207683154,Undergraduate,Low,73
Female,157.9685447,61.00409874,163/103,243.2577449,24.44656139,113.3560757,0.80112695,0.712753144,29.94554681,Moderate,Current,Frequent,High-fat,Diabetes,Regular,Hypertension,77.79264384,Fair,Normal,9.006007165,5.619345339,10.88716232,Postgraduate,Medium,47
Female,173.1918925,70.57751176,130/93,232.9159272,23.52942028,141.6214699,0.189404921,0.225953335,71.38734262,Low,Current,Occasional,High-fat,None,None,None,34.76044253,Fair,Normal,6.800810235,8.5039431,7.692965787,None,Low,81
Female,155.2083958,62.2231158,142/97,251.736111,25.82981729,122.709147,0.608244342,0.244477195,50.44941386,High,Former,None,High-fat,Diabetes,Regular,None,50.84580265,Poor,Insomnia,7.608566465,7.046615928,2.139010189,Postgraduate,Low,73
Female,160.3190283,71.5457306,108/82,208.7279989,27.83643271,88.88290968,1.545137604,0.719310951,39.4903922,Moderate,Never,Frequent,High-fat,None,Occasional,Hypertension,71.28094387,Fair,Excessive,7.067267925,6.232096287,9.911101894,None,Medium,26
Female,173.3082209,36.19276502,145/85,214.0994783,12.04989979,121.7863879,1.622661938,0.961223149,27.04403667,High,Never,Occasional,Vegetarian,None,None,None,79.50350463,Good,Insomnia,1.503919497,5.622945133,2.845658938,None,Low,22
Female,153.6834474,68.42038019,120/94,286.3149019,28.96885267,153.9493524,0.824100648,0.550487441,61.54803862,Moderate,Former,None,Balanced,None,Occasional,None,52.07462874,Good,Normal,4.695575091,1.927834262,9.400045737,Postgraduate,Medium,56
Female,167.9083118,80.26475461,158/88,278.1499696,28.46954276,142.6093459,0.999031169,0.503028462,43.52202293,Moderate,Former,Frequent,Low-carb,Hypertension,Regular,Diabetes,57.1735215,Good,Normal,1.592472382,0.132055791,1.051720259,Undergraduate,High,60
Male,185.0188952,83.15076092,105/72,210.527108,24.29036614,143.1957663,1.441252248,0.882939487,17.01843374,Low,Never,Frequent,High-fat,Hypertension,Regular,Hypertension,83.41669416,Fair,Normal,7.653250835,3.962443878,10.84797233,Postgraduate,High,19
Female,146.6351202,56.20557973,161/99,296.1585512,26.13987056,123.1823841,0.308234183,0.2,56.95000302,Moderate,Current,Frequent,Balanced,Hypertension,Regular,Hypertension,56.88196236,Poor,Excessive,4.134196266,8.739295729,7.021389645,High School,High,75
Male,180.0661307,73.31433226,169/108,256.4484477,22.61126286,134.1001111,0.289634428,0.303204436,71.08641666,Moderate,Current,Occasional,Balanced,None,None,None,46.37816097,Fair,Insomnia,6.343302314,7.518017116,3.80079476,Undergraduate,Medium,85
Male,178.1169726,89.22629574,137/89,241.8003702,28.12433443,118.2253039,1.054003314,0.438453695,51.49901705,High,Current,Frequent,High-fat,None,None,None,69.16588706,Good,Normal,6.644696745,2.424789763,4.497931643,Undergraduate,High,55
Female,160.123567,58.86489137,128/87,227.8664784,22.95862289,108.1908902,1.587214067,0.729027132,18.91606822,High,Former,Occasional,Vegetarian,Hypertension,Regular,None,55.7890078,Fair,Normal,3.714906097,6.858638076,2.213036566,None,Medium,18
Female,166.8253569,82.38285911,151/92,250.7001544,29.60143293,143.0217291,0.492385039,0.2,64.12463855,Low,Never,Occasional,Low-carb,None,Regular,None,69.94547103,Good,Normal,8.456699532,9.625682085,2.55966808,High School,High,73
Male,174.3182749,63.24837477,154/83,253.6395847,20.81438253,126.050966,0.691373649,0.253956731,52.83963208,High,Current,Frequent,Low-carb,None,None,None,76.91983133,Good,Insomnia,8.5361864,7.371879846,8.350613342,None,High,64
Female,165.7810246,64.85468279,132/82,199.4161539,23.59781004,124.8691602,1.722423028,0.780975126,23.31323873,Moderate,Never,Occasional,Vegetarian,None,None,Heart Disease,80.90155767,Good,Insomnia,3.987892874,9.916685579,1.30525626,High School,Low,22
Male,171.2840806,84.89432458,139/98,256.8093225,28.93641041,123.7929227,1.58225328,0.639791379,50.77004064,Low,Never,None,Vegetarian,None,None,None,63.09088937,Good,Normal,2.752861627,4.079353471,6.782116391,High School,High,27
Male,176.7970538,70.92864326,126/96,204.5626607,22.69193891,135.5410625,1.165601504,0.583934061,35.77292161,Moderate,Former,None,Balanced,None,None,None,66.17444964,Fair,Normal,7.518312354,7.180508457,5.385477989,None,Medium,45
Male,172.0970565,86.38747247,125/90,275.4859836,29.16781406,103.7880286,1.464451024,0.805014146,20.24389359,Low,Never,Occasional,High-fat,Hypertension,None,None,79.11957626,Fair,Excessive,2.734381745,1.499060063,4.115459854,Undergraduate,High,21
Female,159.3956575,64.33719374,135/83,232.5483054,25.32264945,131.748135,1.154021257,0.60811516,52.64720642,High,Former,None,Balanced,Hypertension,Occasional,Diabetes,65.45532855,Fair,Excessive,7.40188798,2.909865401,1.604113345,High School,Medium,44
Female,163.1176977,46.38964542,163/104,244.5023777,17.43487695,128.098546,0.36227436,0.2,60.54205692,High,Never,Frequent,Balanced,Heart Disease,Occasional,Heart Disease,52.67742033,Good,Normal,6.662866266,4.874211369,4.040919557,High School,Low,89
Male,179.5327691,64.70668335,122/93,241.4099632,20.07528323,160.0936037,1.594207858,0.792210463,25.70385482,High,Current,Frequent,Balanced,None,Occasional,None,76.33727791,Excellent,Insomnia,2.739992953,9.072998288,7.148185524,Undergraduate,High,18
Female,166.0364446,66.1348273,127/96,221.5985239,23.98962027,136.7422592,0.77525117,0.476315997,39.69848251,Moderate,Former,Frequent,Low-carb,Hypertension,None,Heart Disease,72.4648743,Excellent,Insomnia,2.864558392,8.408448566,10.34834037,Undergraduate,Medium,52
Female,164.9536457,70.21899296,160/108,262.7843506,25.8065982,164.9636082,0.803440837,0.22351715,74.60299222,High,Former,Occasional,Balanced,Diabetes,Occasional,Hypertension,61.59094737,Fair,Insomnia,5.919799135,5.342172906,7.75864729,Undergraduate,High,76
Female,162.4863742,73.24066171,148/92,183.7913119,27.74076057,88.31646999,0.82707239,0.430928487,42.65490574,Low,Former,None,Balanced,Heart Disease,Occasional,Hypertension,67.52492453,Poor,Insomnia,3.593773589,0.967861212,7.180393525,Postgraduate,Low,42
Female,156.2122462,82.99955631,144/95,210.7381037,34.01305305,101.8395638,0.755219657,0.2,50.69656167,Moderate,Never,None,Balanced,Diabetes,Regular,Diabetes,58.00115065,Excellent,Normal,8.012937016,0.583497448,4.393879654,None,High,58
Male,182.0737952,88.28096197,170/105,248.748296,26.63006136,136.0250262,0.286846838,0.304483449,66.18662149,High,Former,Frequent,Low-carb,Hypertension,Regular,Diabetes,63.37531244,Excellent,Insomnia,8.465633094,7.711578669,0.475454031,None,Low,74
Female,160.0768698,82.76168524,129/91,219.6682934,32.29774183,109.3224534,1.741467597,0.837424353,39.47274614,Moderate,Never,Occasional,Low-carb,None,None,None,80.044301,Poor,Excessive,7.745048888,1.66704514,2.964664339,Undergraduate,Low,19
Female,161.0840084,67.02655524,130/88,185.354835,25.83104902,136.8505871,1.249436094,0.572217849,28.34362597,Moderate,Former,None,Low-carb,Diabetes,Occasional,Heart Disease,71.38035297,Poor,Insomnia,1.45358257,5.407175634,8.581844442,Undergraduate,Medium,37
Female,164.3396217,57.62646923,162/97,206.3951291,21.33720086,106.3159046,0.20949766,0.2,72.43082081,Low,Current,Frequent,Balanced,None,None,None,56.03094325,Fair,Excessive,2.499506141,2.321888594,3.48448958,Postgraduate,Medium,88
Male,188.1961471,80.72246745,134/90,222.6513179,22.79150335,118.7800551,0.884783278,0.455807726,57.36614472,Low,Current,None,Balanced,Hypertension,Regular,Heart Disease,53.45040945,Fair,Excessive,8.567150044,0.580247964,10.14760941,High School,Medium,54
Male,172.4651631,100.7545913,147/109,241.9235156,33.87365645,118.3651196,0.775625113,0.219049385,50.40039781,Moderate,Former,None,Balanced,Diabetes,Regular,Heart Disease,54.88672213,Fair,Insomnia,2.831591233,3.746539256,7.257049847,Undergraduate,Low,71
Male,166.5094642,77.30318109,158/102,223.9211439,27.88171729,138.680927,0.665154316,0.468962487,46.45922104,Moderate,Former,None,Vegetarian,Diabetes,Occasional,None,67.89457267,Fair,Normal,4.95839547,5.402764854,2.797572917,None,Medium,63
Female,154.1530692,59.19630388,129/95,228.5005989,24.91094708,124.4039914,1.814240009,0.804048758,21.53175731,Moderate,Never,Frequent,Balanced,Hypertension,Regular,None,67.17250404,Good,Insomnia,7.430158702,0.373950503,0.848328658,None,Medium,24
Female,161.4081142,67.90625979,166/108,266.0413509,26.06508127,139.1537371,0.410484567,0.46931136,49.7293994,Low,Never,Frequent,Vegetarian,Heart Disease,Regular,Heart Disease,64.0810785,Fair,Normal,6.47133867,3.538932696,4.157383157,Undergraduate,Low,77
Male,174.0780422,87.83261187,172/92,260.7501262,28.98463328,126.9745255,0.522635983,0.2,43.89432901,Moderate,Never,None,Low-carb,None,None,Diabetes,54.70430971,Excellent,Insomnia,4.475912863,8.930103509,5.284130411,High School,Medium,83
Male,177.5634448,82.97169537,165/103,216.3293164,26.31617953,119.9362106,0.491094545,0.266280891,47.10909746,Moderate,Never,Frequent,High-fat,Diabetes,Regular,Diabetes,66.40619707,Poor,Insomnia,6.846202323,1.518565601,7.318352424,None,High,83
Male,177.9693171,63.67806002,163/102,215.9958531,20.10479069,113.5935396,0.873587915,0.445632729,43.22317737,Low,Current,Frequent,High-fat,None,None,None,74.37709205,Fair,Normal,1.29235414,0.461621811,7.376994766,High School,Low,55
Male,175.7427444,76.22637881,148/109,202.7145807,24.68030263,109.6521241,0.84794457,0.505975306,29.30745167,High,Current,Occasional,High-fat,None,Regular,None,76.86168877,Fair,Normal,2.793872764,7.808175527,1.414240092,High School,Low,41
Male,180.9273702,96.85621084,159/109,262.2859012,29.58822643,127.1732537,0.048988689,0.2,58.5448362,Low,Never,Frequent,High-fat,None,None,None,61.35068237,Poor,Excessive,3.439920692,6.977094773,4.646096409,High School,Medium,85
Female,170.3966135,75.27226274,151/91,270.0818858,25.92465901,141.5244077,0.7550155,0.282748014,61.16646272,Low,Former,Frequent,Low-carb,Hypertension,Regular,Heart Disease,74.11618812,Excellent,Insomnia,8.136933226,6.388915257,3.277105155,Postgraduate,High,69
Male,178.7819055,71.84707457,156/85,204.1177385,22.47822251,127.1730989,0.967996756,0.683356994,36.34849981,Moderate,Former,Occasional,High-fat,None,None,None,73.88020191,Good,Normal,9.068573841,7.360671885,3.408818968,Undergraduate,High,43
Female,147.1231433,63.84423255,165/105,223.3111782,29.4957661,124.3545429,0.521964358,0.2,54.27974168,Moderate,Never,None,Balanced,Heart Disease,Regular,Hypertension,52.13740355,Good,Normal,2.750938668,8.807779234,7.986978753,None,Medium,83
Female,166.2078126,65.87191581,149/95,226.9222587,23.84500549,137.5959635,0.599778993,0.2,31.86337685,Moderate,Never,Occasional,Low-carb,None,Occasional,None,70.29225586,Good,Normal,3.189639937,3.165139672,11.9036988,High School,Medium,56
Male,177.3007691,66.46291987,134/94,229.8005529,21.14258951,139.1579535,1.250056188,0.473168706,42.3235175,Moderate,Current,None,Vegetarian,Diabetes,Regular,Heart Disease,56.19176239,Fair,Normal,6.812299543,8.686115918,6.301459009,Undergraduate,Low,46
Male,177.4923999,79.66003731,168/107,256.6237298,25.2860494,130.7699771,0.481889713,0.208351759,57.25102387,Moderate,Current,None,High-fat,Heart Disease,Regular,Hypertension,47.86462366,Fair,Normal,5.851521951,0.989335806,4.19505705,Undergraduate,Low,81
Female,156.1749632,52.8312556,172/93,256.3269329,21.66048157,151.6943347,0.465966615,0.2,71.79771134,Moderate,Former,Occasional,High-fat,Hypertension,Occasional,Heart Disease,61.15786063,Good,Insomnia,4.021413263,7.088853491,9.590151845,Undergraduate,Medium,81
Male,171.1363931,94.57128086,159/110,259.9730953,32.29048159,159.1718125,0.41429167,0.2,63.06463845,High,Former,None,Low-carb,Diabetes,Regular,Heart Disease,64.11102781,Good,Insomnia,1.530213058,4.790389517,7.040338011,None,Medium,88
Male,164.1271703,64.52875214,152/90,247.2551724,23.95478641,135.0376644,0.960705441,0.500696054,44.30480566,Moderate,Former,Occasional,Balanced,None,None,None,61.5300004,Excellent,Excessive,3.421107248,9.075865003,6.142762011,High School,Medium,47
Female,169.0980146,66.65468148,137/93,270.4854978,23.31061011,121.0681623,0.942159918,0.297387903,43.98133836,High,Never,None,Balanced,Hypertension,Occasional,Diabetes,62.95765616,Good,Insomnia,5.705565332,5.783735482,8.970582809,Postgraduate,Low,53
Male,178.2223442,71.08147434,150/110,227.3780188,22.37855928,131.6271826,0.353465262,0.204998158,53.5849677,Moderate,Never,None,Balanced,Diabetes,Regular,Hypertension,58.39428622,Poor,Insomnia,4.720214015,2.658206164,7.036175935,High School,Medium,78
Male,177.4063021,59.89527317,157/92,265.9985881,19.03068684,114.8977649,1.072995702,0.511131172,49.03394798,High,Never,Occasional,High-fat,Diabetes,Occasional,None,65.85753584,Excellent,Normal,9.519506442,6.848143103,8.989562049,Postgraduate,Medium,39
Male,171.745783,54.27917506,143/93,242.0915081,18.40183253,93.39364137,1.066086425,0.555904523,55.24113876,Moderate,Current,Occasional,Balanced,Heart Disease,Regular,Hypertension,95.20512727,Good,Normal,4.767678496,9.362157656,9.715081611,None,Medium,40
Male,166.2899416,70.36728204,145/93,237.5958665,25.44713039,152.8438956,0.809362907,0.555179777,50.12362182,Low,Former,Occasional,Low-carb,Heart Disease,Occasional,Hypertension,76.2953782,Fair,Insomnia,5.727754836,2.139505318,9.812185606,Postgraduate,Low,57
Female,156.9123575,69.77410306,120/84,209.4690036,28.33870285,128.9914697,1.497931791,0.920793133,48.58758947,Moderate,Never,None,High-fat,Heart Disease,Occasional,None,72.95623786,Fair,Normal,9.948120952,0.043582912,5.386358764,None,Medium,27
Male,179.2695813,61.62531641,147/95,200.4297324,19.17546719,120.3510178,0.824765255,0.415105432,56.07394609,Moderate,Current,Occasional,High-fat,None,None,None,57.07521741,Good,Normal,4.318941633,1.721034577,6.038455026,Undergraduate,Medium,54
Female,157.7359852,73.98736465,140/105,270.5884639,29.73692058,107.4390226,1.776227939,0.646903085,44.82296139,Moderate,Former,None,High-fat,Hypertension,Regular,Heart Disease,42.37753634,Poor,Excessive,6.693555455,4.232724424,1.477708723,High School,Low,37
Female,168.0162362,82.4261364,140/102,215.7926804,29.19862768,151.9685127,0.430003363,0.2,57.08005645,Low,Former,Occasional,Vegetarian,Hypertension,Regular,Diabetes,68.64240172,Fair,Normal,8.383703975,2.163694581,6.178348796,High School,Low,83
Female,172.7948972,59.60528229,151/107,239.78189,19.96286744,135.7097933,0.869054642,0.572892221,42.44970199,High,Former,Frequent,High-fat,None,None,None,65.92143222,Excellent,Normal,1.488725209,1.198805762,7.372096024,Postgraduate,Medium,54
Male,182.9271381,85.47793308,143/96,254.1005244,25.54451918,104.6199556,1.375410997,0.65513164,41.8009548,Low,Former,Occasional,High-fat,Heart Disease,Regular,None,80.99143265,Good,Normal,6.344588619,4.465645161,2.85480859,Undergraduate,Low,35
Male,174.2976573,78.70940998,134/96,257.0542405,25.90857679,106.4717017,0.939576184,0.765355181,44.33502139,High,Current,None,Balanced,None,None,None,63.18535636,Poor,Excessive,5.634293773,4.234548839,1.773910608,High School,Medium,46
Male,164.8785277,83.75088488,123/93,259.4799743,30.80783666,104.2835043,1.136149672,0.722381572,39.21713809,Moderate,Former,None,Balanced,Hypertension,Regular,None,71.52526115,Poor,Insomnia,7.390391508,8.03204667,1.818177564,None,Low,53
Male,172.864372,66.55697217,163/111,269.097421,22.27319765,163.7398394,0.305250646,0.2,73.3649828,Low,Never,None,Balanced,Diabetes,Occasional,Hypertension,55.32973169,Fair,Normal,7.919652469,7.778685506,3.161076789,None,Low,85
Male,177.4360981,78.73523351,138/83,266.4282078,25.00835712,113.4229444,1.313653988,0.548832705,40.80737075,High,Former,None,Low-carb,Diabetes,Occasional,Diabetes,74.80967182,Fair,Insomnia,8.123180184,4.127750348,11.26583737,Postgraduate,Low,40
Male,167.2906143,84.87008075,116/80,231.1460304,30.32574394,90.1035597,1.532056253,0.983766781,31.16794968,High,Never,None,High-fat,Heart Disease,Regular,Hypertension,74.99090399,Poor,Insomnia,8.21685537,5.050742395,5.564532046,None,High,21
Male,178.8455089,89.55684925,114/92,226.728869,27.9990134,123.9625871,1.404893563,0.793601156,31.24675676,Low,Never,None,Balanced,None,None,Diabetes,78.83228244,Fair,Insomnia,5.312200565,4.251481538,5.104373825,High School,Medium,27
Female,171.4667398,67.06924312,150/101,220.7422636,22.81201373,121.7714469,1.001639601,0.464316198,37.74637656,Moderate,Never,Occasional,Balanced,Hypertension,Regular,Diabetes,53.11273467,Fair,Normal,8.301306809,6.830017465,2.990580775,High School,High,49
Male,185.3960797,84.03593597,137/105,240.2208688,24.44916031,121.903513,1.250062147,0.492135928,42.20312929,High,Current,None,Vegetarian,Heart Disease,Regular,Heart Disease,54.05209041,Excellent,Insomnia,4.959655412,2.792970635,3.786206864,Postgraduate,High,42
Male,162.5368647,81.22501094,153/95,197.1582063,30.74581591,106.5465209,1.103846831,0.632405863,16.21624356,Moderate,Never,None,Balanced,None,None,None,79.48188228,Excellent,Normal,3.112895652,3.0222607,11.34429188,Postgraduate,Low,30
Male,166.9674226,70.53991735,137/82,252.6032478,25.30296765,147.5844153,1.305384163,0.804563009,25.55000881,Moderate,Current,Frequent,High-fat,Hypertension,Regular,Hypertension,68.03425993,Poor,Insomnia,1.430815506,9.346614421,1.342563339,Undergraduate,Low,28
Male,174.0135432,92.38723447,166/109,225.636673,30.51025708,112.7160583,0.637582093,0.425631165,58.64236288,High,Never,Frequent,Balanced,Hypertension,Regular,Heart Disease,67.58032626,Good,Insomnia,8.64063726,7.766904871,6.791992052,Undergraduate,Low,79
Female,166.0053077,69.83331139,174/101,251.8385621,25.3407047,108.9158437,0.466211372,0.2,45.25737797,Low,Never,Occasional,Balanced,Diabetes,Regular,Diabetes,67.25836831,Fair,Insomnia,8.920476473,2.243743957,8.45102923,Undergraduate,Medium,88
Female,152.8443647,69.41248831,118/89,194.6058773,29.71246966,70.61452045,1.35256774,0.807746242,33.08849185,Moderate,Never,Frequent,Low-carb,Heart Disease,Regular,Diabetes,53.3153405,Excellent,Insomnia,9.842796211,4.876178212,1.621268331,High School,Medium,26
Male,177.7222411,67.32362359,139/97,219.8900219,21.3149305,142.2617379,1.709864799,0.567037756,50.59239499,High,Former,Frequent,Low-carb,Heart Disease,Regular,Hypertension,81.00802644,Poor,Insomnia,2.616177869,0.829683352,3.789913508,Postgraduate,Low,37
Male,176.0921747,84.89470812,140/100,215.839228,27.37792351,124.6709662,0.471310566,0.37088459,50.08568552,Moderate,Never,Occasional,Balanced,Heart Disease,Occasional,Heart Disease,55.32543195,Fair,Normal,5.325739644,6.490014785,7.116861153,Undergraduate,Medium,57
Female,168.7904235,55.16230656,160/100,192.2573339,19.36184824,105.2560881,0.87972356,0.503625218,45.20804839,High,Never,Occasional,Balanced,Hypertension,Regular,Hypertension,58.47265005,Good,Normal,1.569776475,8.255767908,8.525815246,High School,High,55
Female,161.0198442,60.45983315,134/85,235.9554528,23.31890431,113.9479371,1.530863912,0.724629934,28.50625814,Moderate,Never,Frequent,Balanced,None,None,None,62.74589325,Excellent,Insomnia,3.238273526,9.334719095,2.157094483,None,Medium,30
Male,184.3715517,62.94581292,164/95,203.8478725,18.5173581,98.09728442,0.832264689,0.224648993,42.97207069,High,Never,Occasional,High-fat,Hypertension,Regular,None,43.28586352,Poor,Insomnia,5.732837497,8.310837199,11.71422711,High School,Medium,55
Male,168.506507,72.55190143,149/85,240.391173,25.55144388,125.0324737,1.275071466,0.610268234,39.95220069,Moderate,Former,Occasional,High-fat,None,None,None,58.42902351,Excellent,Normal,3.584976422,4.324395728,10.33588235,Undergraduate,Medium,33
Male,193.1525552,83.47282364,168/89,215.2385632,22.37402861,110.2519468,0.396056281,0.234842531,63.015179,Moderate,Never,Occasional,Balanced,None,None,None,50.71015847,Fair,Normal,6.755844216,1.248490127,11.19437693,Undergraduate,Low,81
Female,153.47046,59.31550928,113/90,222.674186,25.18364995,89.97876359,1.519156222,0.762449864,24.64583604,High,Never,None,Balanced,Heart Disease,Regular,Diabetes,72.50116699,Good,Normal,2.905879634,7.491270523,6.099662376,Undergraduate,Low,21
Male,170.6060763,68.20639943,166/90,258.3873977,23.4334447,118.498164,0.951804969,0.487912879,42.8994002,High,Current,Occasional,Balanced,Hypertension,Occasional,Diabetes,61.91213565,Good,Insomnia,3.097007366,4.238345496,5.330924246,Postgraduate,Medium,50
Male,183.1053173,95.23508959,164/104,285.9270085,28.40501887,153.4245743,0.174278146,0.244336098,78.14990132,Low,Never,Frequent,Low-carb,Heart Disease,Regular,Diabetes,31.20012012,Good,Normal,8.520359115,3.46293164,9.191268016,High School,Medium,86
Female,166.2293465,55.89967889,159/116,266.8151927,20.22990849,129.8104897,0.465162636,0.2,46.52872314,Low,Current,None,High-fat,None,None,None,40.27062677,Poor,Insomnia,5.478896426,5.782139643,4.68586726,Postgraduate,Medium,82
Female,164.6550178,74.42106607,144/107,263.719857,27.45022741,134.9990441,0.721664311,0.269854154,62.49152478,Low,Never,Occasional,High-fat,Diabetes,None,Diabetes,47.20239488,Excellent,Normal,6.275781787,9.393523708,6.135743551,None,High,68
Female,172.030073,67.39411057,127/99,256.2653713,22.77263046,111.9391809,1.203818359,0.512025474,17.94055213,Moderate,Former,None,Balanced,Hypertension,Regular,Heart Disease,54.7963681,Fair,Excessive,1.013888008,3.195423122,3.720193334,High School,High,34
Female,167.5452298,68.35674435,135/95,252.0934333,24.35102438,99.31471483,1.975455061,0.928791413,17.83516034,Low,Never,Frequent,Balanced,None,None,None,63.11516793,Excellent,Insomnia,7.573105218,9.771921366,2.216295151,Undergraduate,High,23
Female,167.2538463,46.07656204,143/92,243.6046525,16.47129855,92.91381213,1.021193242,0.558751895,34.00482513,Moderate,Never,Occasional,High-fat,None,None,None,52.9157125,Fair,Insomnia,9.820960275,0.673357578,4.862143685,Undergraduate,Low,43
Male,184.8304777,55.60545321,156/90,250.4017891,16.27684444,133.4661845,1.010355317,0.353597956,63.37190469,Low,Former,None,Low-carb,None,None,Diabetes,64.12311364,Good,Excessive,5.076975109,5.907926367,8.930103551,High School,Low,60
Male,171.9393035,68.48260601,113/87,246.4670991,23.16487453,122.0669497,1.600178434,0.638037024,44.61443091,Moderate,Never,Frequent,Vegetarian,None,None,None,69.56792173,Good,Insomnia,1.955692123,0.427266771,7.388590981,None,Low,19
Female,170.2435397,65.35269267,143/96,218.2832764,22.54873615,118.2382735,0.787481612,0.371271548,44.40141163,Moderate,Current,None,Balanced,None,None,None,64.87436447,Excellent,Normal,7.599522181,4.60933243,2.525218916,Postgraduate,Medium,57
Female,158.2332959,56.87431407,145/92,206.1879044,22.71540181,134.4322012,1.348001014,0.582734725,28.1893295,Moderate,Former,Frequent,Low-carb,None,Occasional,None,66.41802536,Good,Normal,3.860937313,4.637148751,3.963661853,High School,Medium,33
Female,162.7673742,63.79417488,143/88,227.1086667,24.07943596,124.4890784,1.381009072,0.739254897,36.45797984,Low,Current,Occasional,Low-carb,None,None,None,65.44775461,Good,Excessive,4.603690957,3.980423834,8.489066892,Undergraduate,High,32
Male,187.5119561,83.57276379,127/79,266.7372921,23.768777,107.2118538,1.748956082,0.56442064,42.62969421,Low,Never,Frequent,Low-carb,Diabetes,Regular,None,94.56744925,Good,Normal,6.947259687,2.149348948,8.305498511,High School,Medium,21
Female,164.6442028,64.64036798,161/83,193.5331709,23.84574706,147.1416743,0.502104005,0.365060909,53.91944091,Low,Former,Frequent,Vegetarian,Hypertension,Regular,None,52.14680138,Fair,Normal,3.206217804,7.345354249,3.033912387,None,Medium,66
Female,153.9795014,81.01139558,134/88,248.2525005,34.16805802,116.2460149,0.978089748,0.507705242,57.42926154,Moderate,Never,Frequent,Vegetarian,Hypertension,Occasional,Diabetes,54.60126843,Fair,Normal,3.775028631,0.490041114,7.490157797,Undergraduate,Medium,54
Male,173.1024394,71.22991428,175/118,257.4630861,23.77147036,132.9954267,0.565615393,0.558677936,46.825847,Low,Former,None,Balanced,None,None,None,67.52709268,Good,Normal,1.011869029,8.811127466,2.775284399,High School,Low,69
Female,157.1451307,60.66049689,154/94,268.5994661,24.56428382,112.091474,0.773540959,0.663852438,50.96100097,High,Never,None,Balanced,None,None,Diabetes,67.55466519,Fair,Insomnia,6.254650077,6.309480694,2.652694089,Postgraduate,Medium,57
Female,161.2065765,53.99013158,148/89,267.0299689,20.77537519,138.3464131,0.399661805,0.2,50.41954388,High,Current,None,Balanced,Diabetes,Regular,Hypertension,59.08852413,Good,Normal,6.993713028,7.445614884,3.466033326,High School,Medium,82
Female,169.9493784,67.45725353,158/86,246.6172165,23.35551748,145.7703166,0.797594532,0.426045748,61.44635575,Moderate,Former,Frequent,Low-carb,None,Occasional,None,75.81162904,Good,Normal,7.571756558,9.207951185,0.77938072,Undergraduate,High,50
Female,152.9213925,53.37473149,155/105,221.9134294,22.82439188,111.8953334,0.418115678,0.2,77.87987282,Moderate,Former,Occasional,Balanced,Hypertension,Regular,None,62.84453917,Good,Normal,7.463365427,2.520254929,7.014843453,Postgraduate,Medium,89
Female,155.531729,54.51645673,154/91,258.1083429,22.53666356,139.829554,0.971680765,0.442924552,46.61125866,High,Former,None,Balanced,None,None,None,55.00260849,Poor,Excessive,1.944207809,7.036903547,4.723846148,High School,Medium,50
Male,177.0322683,64.10151527,124/100,236.7416353,20.45330185,140.903066,1.259601873,0.348890631,31.48050535,Moderate,Never,Frequent,Balanced,None,None,None,73.91136113,Good,Insomnia,2.524451209,3.646260747,5.855409103,High School,Low,43
Male,177.5275353,75.73746756,154/95,266.8865136,24.03141439,100.7771744,1.420206962,0.582102266,41.65773355,Moderate,Former,Occasional,High-fat,Heart Disease,Occasional,Heart Disease,53.75666476,Good,Insomnia,3.463721916,0.94613103,9.332472479,High School,Medium,37
Male,172.9145983,78.86685881,145/112,214.7516351,26.37735375,111.6570231,0.431010461,0.269293114,55.75377039,Low,Former,None,High-fat,None,Occasional,None,61.58915854,Fair,Excessive,8.388842884,7.761245781,7.265347672,High School,Medium,76
Female,169.8416808,73.66685567,123/85,246.4017881,25.5378055,131.8538553,1.490379216,0.638305491,49.93850005,Moderate,Never,None,Balanced,Diabetes,Occasional,Heart Disease,87.84242032,Fair,Normal,4.658966671,3.295252593,2.157695591,None,Medium,22
Female,158.0282624,57.19263517,154/104,238.2406882,22.90185061,140.9914868,0.381628148,0.2,75.57406792,High,Never,Occasional,Vegetarian,None,None,None,39.7583445,Fair,Insomnia,9.228021555,9.375204823,3.624398931,High School,High,81
Male,175.3179841,60.07226755,143/83,214.6980043,19.5443436,92.48254082,1.751043994,0.873944692,31.52243985,Moderate,Former,None,Vegetarian,None,None,None,70.89702274,Excellent,Insomnia,1.050791832,4.637798619,1.103606206,None,High,22
Male,168.0169411,97.46685416,140/95,274.0452719,34.52636057,129.806652,1.573971533,0.502222057,44.05706415,Low,Never,None,High-fat,Hypertension,Occasional,Hypertension,73.40310694,Fair,Normal,3.068369589,8.818059533,6.836026436,Undergraduate,High,26
Male,191.0174312,83.04439748,141/87,237.4237758,22.75958494,144.6896795,1.161330899,0.615827114,34.11404345,High,Never,Occasional,Vegetarian,None,Occasional,None,57.03911197,Excellent,Normal,6.174300159,6.399252163,6.434114266,High School,High,48
Male,176.9524352,98.84736966,155/103,234.6092999,31.56836066,118.4086114,0.84063189,0.284205512,50.29020074,Low,Former,Occasional,Balanced,Diabetes,Regular,Heart Disease,44.89992609,Fair,Normal,2.359582512,8.399659996,11.58664039,Undergraduate,Medium,69
Male,163.0472091,89.932769,144/82,240.4628729,33.829161,105.4451152,1.42986158,0.648099867,30.00190557,Low,Former,Occasional,High-fat,Hypertension,Regular,Hypertension,67.43524481,Good,Normal,2.269577928,6.109894236,2.459328728,High School,Medium,25
Female,168.4618119,71.55582137,113/100,223.245683,25.21401672,163.0094209,1.114318517,0.699542258,19.07486515,Low,Former,Frequent,High-fat,Diabetes,Regular,Heart Disease,67.1058853,Good,Normal,9.716612562,4.287838944,9.483976799,High School,Low,38
Female,162.5064576,65.56258471,138/83,216.3382165,24.82646123,152.304489,1.381511752,0.602239031,49.89947789,Low,Never,Occasional,Low-carb,None,None,None,81.51181086,Fair,Insomnia,5.186518288,0.960904306,3.978003354,Undergraduate,Medium,29
Female,161.1113964,76.64014866,145/95,222.5223042,29.52594556,116.5928128,1.112454704,0.30961245,19.6051818,Moderate,Current,Occasional,Balanced,Hypertension,Regular,Diabetes,73.45805982,Fair,Normal,6.984539306,6.20407779,2.891503959,Postgraduate,High,45
Female,161.5237449,58.66940688,146/88,254.089327,22.48738459,121.03646,0.470266097,0.400674143,46.87903703,High,Former,Frequent,Balanced,None,None,None,67.07964974,Poor,Excessive,7.4334995,0.313965104,5.500014075,None,High,56
Male,174.9651331,86.53091461,117/97,183.6567401,28.2662549,125.48629,0.998065696,0.566285201,39.84658149,High,Former,Frequent,High-fat,Heart Disease,None,None,69.98771873,Good,Normal,9.520573961,3.946706359,11.6653534,Undergraduate,High,43
Male,174.8091697,89.78422628,157/105,286.398424,29.38134174,126.7101371,0.508977196,0.441859451,48.71938649,Low,Never,Frequent,Balanced,None,None,None,58.90714505,Poor,Excessive,7.632343187,8.289307901,3.046291893,Undergraduate,High,70
Male,184.7895056,104.8805988,109/91,206.7257921,30.71429501,122.1387829,1.388685953,0.766971718,4.606893414,Low,Former,None,High-fat,Heart Disease,Regular,Heart Disease,73.60136914,Good,Excessive,1.224127785,7.910717743,8.49431069,Undergraduate,Low,18
Female,155.971884,66.46306365,133/95,216.1709685,27.32044195,102.9914867,1.415691331,0.701916447,33.9966644,Low,Former,Frequent,Balanced,Heart Disease,Regular,Heart Disease,76.32118703,Fair,Normal,1.201633679,1.648167543,11.00312905,High School,High,25
Male,173.1551018,79.63099486,165/97,255.9165832,26.55899012,172.5481188,0.500625288,0.297764543,60.05763951,Low,Current,None,Vegetarian,Hypertension,Regular,Diabetes,50.30958371,Fair,Normal,1.95491373,3.517614921,9.90702503,Undergraduate,High,86
Male,165.4171459,72.91538895,149/74,218.3847934,26.64760303,101.8892398,1.534871264,0.751503614,38.37749933,High,Never,Occasional,Balanced,Diabetes,Regular,Hypertension,74.7369213,Poor,Insomnia,8.344304316,4.03661341,0.873877454,Undergraduate,High,24
Male,173.2281941,94.13161905,142/94,180.4889752,31.36883378,142.3299179,0.912334423,0.489650954,41.6118293,Moderate,Never,Occasional,Vegetarian,Diabetes,Occasional,Diabetes,67.48964172,Fair,Insomnia,6.448992614,6.938355073,10.01035397,None,High,55
Female,158.6162315,56.82498935,162/110,229.8219709,22.58624882,127.4780441,0.484227167,0.246510843,65.54448306,Moderate,Former,Frequent,Balanced,None,None,None,50.41537166,Fair,Normal,5.343728087,6.854338247,7.144977449,High School,Medium,74
Female,165.159311,42.32892854,152/93,222.4205376,15.51783574,110.1521893,0.700689978,0.368693529,51.14939913,Low,Former,Occasional,Balanced,None,None,None,67.92215127,Fair,Insomnia,3.002423789,5.155312163,11.58880174,Postgraduate,Medium,61
Male,179.9870398,73.09138721,170/109,243.6095126,22.56231903,131.3590072,0.116234532,0.2,64.45766441,High,Current,None,High-fat,None,None,None,65.64731202,Excellent,Insomnia,2.262501676,4.244323317,3.504948437,Undergraduate,High,78
Female,167.8968429,75.69975243,161/97,240.8106531,26.85402565,142.0541987,1.018609938,0.403365449,57.82897941,Moderate,Current,None,Balanced,Hypertension,Regular,Hypertension,58.503787,Excellent,Normal,8.077918041,6.635581557,6.869137362,Undergraduate,High,62
Male,164.0398808,77.37578495,150/104,224.3009085,28.75452366,174.4059187,0.239217271,0.272231424,54.08905533,Low,Former,None,Vegetarian,Hypertension,Regular,Heart Disease,55.36096547,Good,Insomnia,8.246130263,5.818195044,3.826106387,Undergraduate,High,82
Male,166.488258,60.19395225,171/99,276.7505009,21.71629041,118.0371384,0.778409543,0.464077843,53.78268171,High,Never,Occasional,Low-carb,Diabetes,Occasional,None,45.84560388,Fair,Normal,4.514599234,2.72815318,9.836149711,Postgraduate,Low,66
Male,170.5420515,102.8887685,139/106,211.3973824,35.3756968,138.1232489,0.609491628,0.414331546,52.81247589,High,Never,Frequent,Low-carb,Hypertension,Regular,Hypertension,79.73250933,Excellent,Insomnia,4.939473945,5.535058301,4.899981954,None,Medium,67
Female,155.5887389,68.52467066,157/91,238.4829386,28.3067908,119.3837568,1.34228246,0.600915297,49.22369394,High,Former,None,High-fat,None,None,None,39.59730915,Fair,Normal,1.042197816,5.311813301,3.002054968,None,Low,39
Male,176.3489157,78.38139925,152/99,201.3920221,25.20388126,126.8036812,0.947487584,0.354681094,61.22503641,Low,Never,None,Vegetarian,None,None,Heart Disease,66.28723382,Poor,Insomnia,8.554161865,6.701409116,10.42155839,None,High,65
Female,161.1684884,56.49739028,135/90,183.6649286,21.75044375,120.2803152,1.127459912,0.539506999,39.12119598,High,Never,Occasional,Balanced,Hypertension,Regular,Heart Disease,47.31055461,Poor,Excessive,9.961090256,6.188642402,7.65043218,None,Low,39
Female,160.5989692,77.85718305,151/86,257.6611142,30.18652908,144.4333289,0.435907234,0.30488509,64.58018188,High,Never,Frequent,Low-carb,Heart Disease,Regular,None,48.34446343,Good,Normal,3.340566849,6.823926743,6.737256078,Postgraduate,Low,73
Male,178.9983318,74.21345238,164/108,235.2804248,23.16245924,121.2481191,0.38678775,0.324716113,68.16776161,Moderate,Former,None,Balanced,None,None,None,64.10418341,Poor,Excessive,9.978674205,7.25800779,0.590791837,Undergraduate,Medium,86
Female,156.5219769,56.29483708,136/96,220.5653418,22.97830119,134.9439717,1.055855169,0.566715416,41.19518748,Low,Current,None,High-fat,None,Occasional,None,69.9119506,Poor,Insomnia,5.535792229,6.93934597,9.407655628,None,Medium,40
Female,170.6656008,57.62527704,132/87,211.8187447,19.78431592,113.9032462,1.366612097,0.459873017,41.37132156,Moderate,Current,Frequent,Balanced,None,None,None,70.10226479,Excellent,Insomnia,2.482505887,3.208687354,10.92690697,High School,High,37
Male,166.5623093,83.30402002,156/94,226.9085478,30.02703794,163.6248254,0.810902991,0.465111478,40.89095302,Low,Current,None,High-fat,Diabetes,Regular,Diabetes,72.85438547,Poor,Insomnia,3.103375391,0.915390998,6.425617378,High School,High,54
Male,193.711388,80.28381534,170/101,253.2434942,21.39526634,145.7246085,0.278786446,0.30306316,78.25166366,Moderate,Former,None,Balanced,None,None,None,74.96833549,Excellent,Normal,5.957033993,5.356192254,1.603673329,Undergraduate,Medium,75
Male,175.232015,93.72095715,149/79,222.7125582,30.52177631,127.7551865,1.078473647,0.534653771,17.5922925,Moderate,Never,Frequent,Balanced,Hypertension,Regular,Heart Disease,74.23909788,Excellent,Insomnia,6.607537431,6.075491155,10.50385722,Undergraduate,High,28
Male,178.5717187,105.2564745,160/111,307.9204098,33.00832316,128.7354554,0.685832767,0.270612673,76.33012326,Low,Former,Occasional,Balanced,None,None,None,58.39830847,Poor,Excessive,2.422227791,8.031691237,7.967871776,Undergraduate,Low,78
Female,164.7007336,59.92644334,136/106,224.4993547,22.09161347,119.9435347,1.069623106,0.461550549,54.64720262,High,Never,Occasional,Balanced,None,None,None,66.18194138,Good,Excessive,2.271456262,2.283706153,7.739363556,Postgraduate,High,50
Male,172.1051403,82.17915317,139/89,216.0051046,27.7443132,135.9606205,1.436313467,0.585451825,41.40821352,Low,Never,Occasional,Balanced,None,None,None,65.5771617,Fair,Insomnia,5.927773646,6.611088823,6.449215377,Undergraduate,Low,36
Male,176.2673994,73.47873515,180/102,222.5287158,23.64926661,128.5436416,0.530393426,0.213675754,41.02297975,Low,Former,None,Balanced,None,Occasional,None,57.63270741,Fair,Normal,4.758440066,1.71897905,10.08725577,None,High,74
Female,152.2407141,67.00469,146/92,198.8703127,28.9096995,117.4538193,1.048095977,0.590979554,45.92006621,Moderate,Never,Occasional,Vegetarian,None,None,Hypertension,83.75428068,Good,Normal,1.49553044,2.752992739,5.938479023,High School,Low,46
Female,160.8774126,61.06992609,135/88,214.5257796,23.59593812,101.3769514,1.264899009,0.858379343,41.46881752,Low,Never,None,Vegetarian,Hypertension,Regular,Heart Disease,65.56419019,Fair,Normal,2.884006304,3.605893618,6.218147396,None,Low,29
Female,149.9977044,67.84037432,136/84,235.1209025,30.15220038,115.1290493,1.369420922,0.895018177,27.92200864,Moderate,Former,None,Low-carb,Diabetes,Regular,Hypertension,73.38275802,Good,Normal,3.684554853,7.383512106,0.851947846,Postgraduate,Medium,28
Female,154.8965165,75.63715997,140/91,190.2666082,31.5247689,125.9173188,0.788265079,0.281719165,48.029943,Moderate,Former,Occasional,Low-carb,None,None,None,50.30821247,Fair,Normal,9.896444622,9.87286127,10.54544056,High School,High,53
Male,185.2266247,67.8165768,181/106,237.2736939,19.76646639,142.4648763,0.331267725,0.2,62.12859078,Low,Never,Frequent,Balanced,None,None,Diabetes,68.47922128,Good,Insomnia,4.870333411,6.914239154,6.89781371,Postgraduate,Medium,81
Male,164.0257939,81.87686245,137/114,234.2848731,30.43244846,141.9718677,0.995696463,0.329589964,57.51961503,High,Never,Frequent,High-fat,Heart Disease,Occasional,Diabetes,51.81069857,Good,Normal,9.377093901,8.494118219,9.531330574,High School,Medium,55
Female,162.0663552,84.45514458,150/92,221.7876777,32.15439775,128.3653062,1.497424219,0.645325411,59.93520154,High,Never,Occasional,High-fat,Diabetes,Occasional,Heart Disease,73.22391858,Poor,Insomnia,5.391495289,7.503594713,11.9737103,None,Medium,36
Female,156.2361029,72.24420602,126/81,241.5192018,29.59649126,98.95770759,1.550991839,0.827943161,25.02368225,Moderate,Current,None,High-fat,Diabetes,Regular,Hypertension,65.64722508,Fair,Normal,8.918046673,8.019176099,11.98086686,High School,Low,19
Male,185.9606684,62.01164281,127/84,189.9295191,17.93209536,145.1612145,1.683393856,0.720321618,21.60092654,Low,Never,Frequent,Balanced,None,Regular,None,62.45262279,Excellent,Normal,1.404259046,0.552923048,3.821903001,Undergraduate,High,19
Male,164.6664639,87.94118924,163/95,238.9827561,32.43261865,151.2963736,0.723821978,0.437201306,48.5953979,Low,Former,Occasional,Balanced,None,None,None,74.02114656,Fair,Normal,7.643371518,3.153601165,8.421597275,Postgraduate,Medium,57
Female,166.0312593,63.90637248,145/95,236.1374223,23.18272282,123.3570574,0.495047445,0.415153852,51.72675183,High,Current,Occasional,Balanced,None,None,None,72.47815033,Excellent,Normal,5.791572534,3.364038393,6.936987097,None,Low,63
Female,160.4018823,58.71133295,125/104,219.4274267,22.81933688,119.4537119,0.835019138,0.538728796,46.58304511,Moderate,Former,None,High-fat,None,None,None,43.96719963,Poor,Excessive,5.784410576,1.742044913,7.12356307,High School,Low,50
Female,156.5740338,63.67302698,122/89,220.4068616,25.9726352,122.5957172,1.694898566,0.87150575,46.68695619,Low,Never,None,Balanced,Heart Disease,Regular,None,75.28598146,Good,Normal,4.588560839,7.000186865,6.042221248,Undergraduate,Medium,20
Female,160.9929659,53.29593942,152/112,241.1597076,20.5627085,139.9548171,0.343426349,0.2,63.63529711,Moderate,Former,Occasional,High-fat,None,None,None,48.91044089,Good,Excessive,5.815290466,7.846572496,10.40864321,Undergraduate,High,87
Male,165.1206472,79.68928903,182/99,211.809764,29.2278714,124.604179,0.284640566,0.23956935,75.22517772,High,Current,Occasional,Low-carb,Diabetes,Regular,Heart Disease,59.08699155,Good,Normal,9.808149504,5.717303879,5.982119435,Postgraduate,High,78
Male,175.9230334,78.91693729,147/95,226.853319,25.49909767,144.5517776,1.052885931,0.544448743,52.09322186,Low,Never,None,High-fat,Diabetes,None,Hypertension,51.05991275,Fair,Normal,9.603163972,7.778634388,9.663650917,None,High,50
Male,178.7800954,71.2833062,125/92,229.5419699,22.30229238,139.5147001,1.120382736,0.578416787,56.93613169,High,Former,Occasional,High-fat,None,None,None,71.41542981,Poor,Insomnia,7.219348637,8.923846027,10.95625532,None,Medium,35
Female,158.1579402,64.31416694,146/84,221.4594849,25.71133624,136.7128999,1.481059829,0.718319474,28.04361847,Moderate,Never,Occasional,Balanced,None,None,None,75.25198187,Poor,Insomnia,9.809042463,3.642191418,11.52013167,Postgraduate,Low,32
Female,165.9523907,56.60848753,149/103,226.6724137,20.55486009,147.1404784,0.696835013,0.471593093,64.48869142,High,Current,Occasional,Balanced,None,Occasional,Hypertension,74.31127096,Good,Normal,7.933037543,6.360429566,9.780370547,None,High,69
Male,172.9307857,81.26520917,141/96,250.4613766,27.17440403,119.7731629,1.201128809,0.538838208,37.47154016,Moderate,Never,None,High-fat,Heart Disease,Occasional,None,68.20602761,Poor,Insomnia,6.02722261,9.284530098,8.402145167,Postgraduate,High,47
Female,152.0367694,77.43433342,123/83,245.6388644,33.49934369,88.08913569,1.696885946,0.80173295,37.33713433,Low,Never,None,Vegetarian,Hypertension,Regular,Diabetes,79.93854641,Fair,Insomnia,8.28581675,5.355141534,9.522138733,Postgraduate,High,28
Female,154.7827378,72.05957444,167/95,212.9575923,30.07783999,114.917162,0.604656045,0.267309359,66.32589569,Moderate,Never,Occasional,Balanced,Hypertension,Regular,None,45.15807057,Excellent,Excessive,3.713461111,0.90542434,2.18206273,None,Low,71
Female,156.5654633,53.42677461,169/97,266.7107448,21.7955093,125.7240549,0.759949304,0.354014945,48.8473207,High,Never,None,Balanced,Hypertension,Regular,Hypertension,58.96233979,Good,Insomnia,7.898678242,9.230351198,1.42349533,None,Medium,74
Male,173.2048987,83.96066754,128/77,253.8736926,27.98694803,137.1057158,1.141731125,0.820711644,44.54659453,Moderate,Never,None,Balanced,None,None,None,70.05830224,Good,Normal,4.919804457,9.548329166,5.267367837,Undergraduate,Medium,33
Female,149.1868014,61.37752882,137/98,258.2805413,27.57709997,158.5474258,0.563890756,0.270072829,48.07524884,Low,Never,None,Balanced,Heart Disease,Regular,Diabetes,74.53394426,Excellent,Normal,5.048963406,1.532179234,9.151205116,Undergraduate,Low,71
Male,167.1241578,65.46814219,134/100,239.1590151,23.43967326,142.9975879,1.106747414,0.594715957,57.35005341,High,Never,Occasional,Balanced,None,None,Diabetes,56.61313793,Fair,Normal,9.5208171,7.913204717,0.192606899,None,Low,58
Male,160.4371451,88.21122335,162/95,259.2156823,34.2699913,136.6145226,0.444801884,0.2,69.79973893,High,Never,Frequent,Balanced,Heart Disease,Regular,Heart Disease,63.44415789,Poor,Insomnia,9.475209954,3.302299736,7.911272653,Postgraduate,Medium,83
Male,167.839156,72.08231092,124/85,229.8048652,25.58834089,103.0947226,0.905767116,0.480847971,37.60474295,High,Current,Occasional,Low-carb,Hypertension,Occasional,Heart Disease,58.9017084,Fair,Insomnia,8.876210448,8.792966343,11.19789055,Undergraduate,Medium,43
Male,167.1563227,92.48504382,153/84,270.0321886,33.09983963,81.88297935,1.532325691,0.760247553,43.51132126,Low,Former,Occasional,Balanced,None,None,None,67.87969131,Fair,Insomnia,4.119252422,6.914260258,7.714280649,Postgraduate,Medium,27
Female,172.8014048,83.77544523,126/83,218.0536248,28.05577093,108.9391419,1.628364792,0.959456882,37.46716076,Moderate,Former,Frequent,Vegetarian,Heart Disease,Occasional,Hypertension,69.24449376,Poor,Insomnia,1.376082094,0.340510636,11.74429818,High School,Low,19
Male,178.5722995,72.03082762,144/101,242.2034035,22.5886472,119.881301,0.585635836,0.373360097,34.93709253,Moderate,Former,Occasional,Balanced,None,Occasional,Diabetes,51.66169959,Fair,Normal,9.749742435,6.186443934,9.288994255,Undergraduate,High,54
Male,169.0513957,91.46495341,143/91,256.1270602,32.00495316,96.61283489,1.035467634,0.467313931,32.31599825,High,Former,Occasional,Balanced,Heart Disease,Regular,Hypertension,62.94560834,Fair,Excessive,2.423890034,0.711841784,1.462906914,Undergraduate,Low,58
Male,167.9393043,91.44533249,183/100,259.6600487,32.42327231,174.3796294,0.138701585,0.2,67.00300398,Low,Current,Occasional,High-fat,Hypertension,Occasional,Diabetes,65.2511715,Good,Normal,9.142302562,3.885903899,3.457028362,Undergraduate,High,88
Female,166.5745476,65.34016186,147/100,210.9166471,23.54848224,114.8737528,0.987480221,0.570894188,34.87592562,Moderate,Never,None,Balanced,None,None,None,64.44372943,Excellent,Normal,7.544025556,0.158761523,10.35979605,Postgraduate,High,46
Male,165.0619349,76.20642104,145/98,246.2703983,27.97033721,133.7806934,0.523374829,0.704290322,65.69641465,Low,Current,None,Balanced,Heart Disease,Occasional,Heart Disease,57.05095237,Poor,Insomnia,9.350863506,5.664146968,3.112064182,High School,High,58
Male,182.5215689,79.9807661,141/108,266.2165118,24.00806582,118.2467014,0.482657554,0.364469661,41.90861021,High,Former,Occasional,High-fat,None,None,Diabetes,68.77760243,Poor,Insomnia,9.720784851,5.982761655,3.058477942,Undergraduate,High,66
Female,171.1229,64.04828565,133/101,227.4162669,21.87213845,125.5724065,0.744587936,0.212588692,45.84290649,Low,Current,Occasional,Balanced,None,None,None,74.23437078,Fair,Excessive,9.577879555,2.068278026,11.99250426,Postgraduate,High,63
Female,171.6984572,52.84121636,154/115,275.9734355,17.92420987,153.9332013,0.530421064,0.2,55.50196259,Moderate,Former,Occasional,High-fat,None,Regular,None,48.29326168,Poor,Excessive,2.911543247,9.327087552,11.80900437,None,Low,80
Female,150.6341497,65.42418999,150/94,245.3552935,28.83310899,131.5454204,0.535493036,0.353874459,30.97835557,Low,Former,None,Vegetarian,Diabetes,Regular,Heart Disease,80.38250531,Fair,Normal,4.419287459,5.579394864,10.19620261,High School,Low,58
Male,166.7584617,108.3618342,121/85,226.3743112,38.96732441,114.3892231,1.400237129,0.761728312,26.055419,Moderate,Never,Frequent,Balanced,Heart Disease,Regular,Diabetes,89.65787886,Good,Normal,4.120800077,1.306543193,2.756539401,Undergraduate,Medium,23
Female,167.7147896,63.06636553,170/105,249.8697529,22.42100525,110.3665957,0.445432867,0.2,49.87183182,Low,Never,Occasional,High-fat,Hypertension,Regular,Hypertension,54.24306976,Fair,Normal,5.601901797,8.232872018,7.668791886,Undergraduate,Low,86
Male,171.7783057,87.92972362,135/80,189.3000049,29.79882079,126.8006916,1.751413506,0.73097828,39.86187484,Low,Former,None,Balanced,None,Occasional,None,65.47983547,Fair,Normal,2.155199003,5.982423371,3.399592153,Postgraduate,Medium,23
Male,173.1258057,82.08500755,125/77,212.9448856,27.38673297,136.5428948,1.560991103,0.826484995,27.55732591,High,Never,Occasional,Vegetarian,Hypertension,Regular,Hypertension,63.42964436,Fair,Excessive,5.89381114,6.632956248,8.866054085,Undergraduate,High,24
Female,161.5915324,52.29853068,150/106,269.5102961,20.02867818,114.5572935,0.676179484,0.229542871,63.6746577,Moderate,Former,None,Vegetarian,None,None,None,52.43029976,Good,Normal,5.098247133,9.026443156,5.97564802,None,Low,73
Female,161.4997895,61.77484307,106/87,225.853131,23.68469137,131.3042047,1.434906384,0.582679543,33.28004699,High,Current,Occasional,High-fat,None,None,None,52.65532147,Fair,Insomnia,6.761826067,0.969331858,4.766942769,None,Low,35
Male,178.7488373,86.83811612,154/94,235.7769038,27.17840349,128.141342,0.742513079,0.450964879,28.68554295,High,Current,Occasional,Vegetarian,Hypertension,Regular,Heart Disease,62.32109591,Good,Normal,6.008512229,5.326083457,10.4294247,None,Medium,60
Male,179.2787719,74.11864387,157/102,214.5851043,23.06055353,166.5737737,0.524201813,0.2,53.19913609,Moderate,Never,Frequent,Vegetarian,None,None,None,62.66301937,Poor,Insomnia,5.817498105,7.638961608,2.985394442,High School,Low,78
Female,167.2069552,47.4296775,160/94,236.6124002,16.96451681,110.1086518,0.925174426,0.677446778,53.5651746,Moderate,Former,Occasional,Low-carb,None,Occasional,None,63.79236054,Fair,Normal,6.321680982,5.755105439,6.855712865,Undergraduate,Medium,43
Female,164.3514209,69.70248641,167/93,222.5784296,25.8048503,150.4877372,0.419493085,0.33498181,75.08533241,Moderate,Former,Frequent,Low-carb,Heart Disease,Occasional,None,48.2324921,Poor,Insomnia,1.386520628,2.473488951,8.025363681,Undergraduate,Low,75
Female,148.8939059,80.77492981,167/102,231.155355,36.43533303,125.0436175,0.263715057,0.209296952,69.33800585,Low,Former,Frequent,Vegetarian,Hypertension,Occasional,Hypertension,60.8033711,Fair,Insomnia,9.409051359,6.152739443,5.593346426,Undergraduate,Medium,78
Female,157.9922844,70.09405124,133/96,245.4873675,28.08079536,90.30377912,0.749360405,0.606875215,60.85418872,High,Former,Frequent,Balanced,Heart Disease,Regular,Diabetes,78.33886644,Poor,Excessive,1.51336886,6.514179314,11.01193576,High School,High,57
Female,149.191545,71.93424025,135/102,226.9819668,32.31820552,118.0941873,1.289320771,0.694966151,33.6852853,Low,Current,None,Vegetarian,Heart Disease,Occasional,Hypertension,54.36227317,Good,Excessive,6.746386667,5.190743278,7.655639003,High School,Medium,44
Male,171.9527174,83.66372336,149/87,185.708963,28.29561265,152.055867,1.749884961,0.843291494,30.38228269,High,Former,Frequent,High-fat,None,None,None,61.50785165,Good,Normal,2.729179942,9.376712389,10.89028958,High School,Medium,25
Male,171.5177776,75.22758202,141/78,244.1759499,25.57165411,108.6346753,1.585982549,0.750034602,40.75633913,Low,Never,Occasional,Balanced,Heart Disease,Occasional,Hypertension,65.76140676,Good,Normal,3.38779328,5.018940808,2.530143313,High School,Low,29
Male,185.8213253,107.6008284,144/111,223.2185864,31.16194154,114.8086184,1.078792561,0.7260516,32.38878752,Moderate,Former,None,Vegetarian,Heart Disease,Occasional,Hypertension,66.3346153,Fair,Normal,4.943654876,2.077623327,3.998636642,Postgraduate,Medium,47
Female,156.010529,54.64215958,144/89,229.4058488,22.45019081,136.2283826,1.008829297,0.52953519,31.95902962,Moderate,Former,None,Vegetarian,Hypertension,Occasional,Diabetes,67.64871705,Fair,Insomnia,5.738578229,9.002995343,4.338961509,None,High,46
Female,159.5794485,63.790755,123/90,265.9960117,25.04977463,126.3720759,1.599592005,0.868490642,10.26777022,Moderate,Never,Frequent,Balanced,None,None,None,74.43644154,Fair,Normal,9.357381568,9.449948133,9.094943345,High School,Low,19
Female,171.7660075,61.04852555,153/93,229.5996277,20.69191745,109.9446936,0.571978806,0.29016199,67.01680074,Low,Former,None,Low-carb,None,None,Heart Disease,57.96451221,Fair,Normal,1.403393556,0.503756362,4.226120841,Undergraduate,High,63
Female,158.6863971,69.05352889,157/116,254.604496,27.42246418,105.0924489,0.436503583,0.461303229,61.23911379,Moderate,Former,Frequent,Vegetarian,Diabetes,Regular,None,52.89382791,Good,Normal,4.653087687,9.663666772,9.150722654,Undergraduate,High,76
Male,175.7668853,67.8368854,111/80,205.3982618,21.95794972,95.95024453,1.497350043,0.802771565,28.98327506,Moderate,Former,None,Balanced,Diabetes,Regular,Hypertension,70.82629147,Good,Normal,4.064127047,4.36717379,3.556302852,None,Medium,22
Female,166.2430488,56.65864156,135/93,195.6491618,20.50119459,98.03390254,1.413308922,0.838161853,42.08501249,High,Former,None,Balanced,Hypertension,Regular,Heart Disease,57.58142648,Good,Excessive,5.135017997,9.359990519,5.055659719,High School,Medium,29
Female,174.3757338,63.12015094,157/97,223.1487999,20.75849827,101.5405428,1.212523873,0.509535265,51.79751519,Moderate,Former,Occasional,Balanced,None,Occasional,None,72.65303279,Poor,Insomnia,4.970393254,2.002804861,4.381198896,Undergraduate,High,49
Female,166.8810651,61.90496173,118/88,198.7902769,22.22856021,110.9551743,1.495518717,0.836031326,36.62464779,Moderate,Former,Occasional,Balanced,None,Occasional,None,66.24849044,Fair,Insomnia,6.905214526,9.706092953,6.785395082,Undergraduate,High,27
Female,167.6485608,64.70766427,131/80,270.0511634,23.02268993,147.7776194,1.087003524,0.545755352,42.05151119,Moderate,Never,Occasional,Balanced,None,None,None,60.86957539,Fair,Insomnia,7.898071916,4.0485657,4.674390955,None,Low,49
Female,167.7262436,67.69320611,152/94,198.8767374,24.0626272,119.351078,1.171957523,0.433721309,45.21859882,Moderate,Former,Occasional,Balanced,Heart Disease,Occasional,Hypertension,75.06163509,Good,Normal,7.739432291,7.29115712,1.494117917,Undergraduate,Low,36
Female,168.5871723,52.90165365,153/98,254.4361432,18.61316363,111.2263341,0.300497962,0.2,66.06370313,Moderate,Former,Frequent,Balanced,None,Regular,None,45.48890889,Fair,Normal,6.983067106,4.73796243,10.06830676,Undergraduate,Low,82
Male,170.9921071,64.02254291,158/102,238.0955372,21.89680705,127.6931278,1.121124065,0.360221059,45.85318179,Low,Never,None,Vegetarian,None,None,Diabetes,50.34372926,Good,Insomnia,4.139985625,5.289648516,11.22838614,None,Low,49
Male,185.4838801,75.8852811,171/97,240.2929475,22.05693699,123.8237589,0.210926718,0.2,54.8606453,Low,Former,Frequent,Low-carb,Heart Disease,Regular,Heart Disease,75.82737551,Good,Insomnia,4.523842391,4.295266766,10.48070485,High School,Low,82
Female,163.3643105,75.71815524,133/87,235.1829614,28.37171941,110.1731428,1.102117884,0.778758913,33.16728326,Moderate,Current,Occasional,Low-carb,Hypertension,Regular,Diabetes,84.57637866,Good,Normal,2.71739258,3.565491063,5.211496611,None,High,33
Male,190.0201375,77.22663345,173/107,233.3232534,21.38788532,141.542005,0.359498637,0.207821716,70.92528792,High,Former,None,High-fat,None,None,None,51.61419377,Poor,Excessive,3.698032771,3.581506462,7.416693862,Undergraduate,Low,81
Male,173.2840496,72.520656,164/115,205.8760556,24.15152431,125.1466473,0.236480059,0.222210803,58.0480965,Moderate,Never,Frequent,Vegetarian,None,None,Diabetes,60.89643771,Poor,Normal,6.478480463,9.55826988,8.358016962,Undergraduate,Medium,82
Male,179.5263657,58.87963129,129/96,192.9799831,18.26874036,143.5839515,1.162013431,0.459871534,25.36988439,High,Never,None,Balanced,None,None,None,63.55308274,Fair,Insomnia,6.180139049,4.926107626,5.182608161,Postgraduate,Medium,48
Male,173.7228883,77.3896986,140/89,276.8276127,25.6430142,121.4101624,0.56589426,0.332636451,59.29196493,Moderate,Former,None,High-fat,None,None,None,76.58171693,Poor,Normal,2.088610803,0.986195424,3.063652438,Undergraduate,High,57
Male,177.5045375,101.9556091,173/104,247.5381082,32.35878491,105.9241487,0.977142238,0.378732813,52.78060248,Moderate,Former,None,Balanced,None,Regular,None,60.28989327,Excellent,Normal,2.235319843,6.14895691,0.289449921,Undergraduate,Medium,63
Female,171.1287429,52.71188919,137/92,242.341911,17.99959202,138.8811971,1.558071494,0.657124299,34.83102806,Low,Former,Frequent,High-fat,Hypertension,Occasional,None,78.42726359,Fair,Normal,4.322690658,3.926594667,9.55127855,Undergraduate,Low,42
Male,168.8162957,96.95840372,132/112,256.509998,34.02175587,117.6411109,0.534254219,0.2,61.39942592,Moderate,Current,None,Low-carb,None,None,None,69.22828451,Excellent,Normal,1.085309712,6.024150416,3.744119129,None,High,70
Female,168.009596,64.10673443,163/107,214.485998,22.71095933,135.6581331,0.320333354,0.2,65.23058849,High,Current,Occasional,Balanced,None,None,None,63.90798612,Fair,Insomnia,1.680735149,6.105482266,0.710241761,Postgraduate,Low,82
Female,155.1455317,68.18844628,118/76,240.9590477,28.32906563,106.7769821,1.45548395,0.68685811,45.41105509,High,Former,Occasional,High-fat,Diabetes,Regular,Diabetes,79.74587952,Excellent,Normal,9.640795675,4.282465023,3.792887369,High School,Low,31
Female,159.9866345,66.47085132,161/106,279.7935439,25.9695148,147.3924093,0.543465431,0.415831179,47.28330597,Moderate,Former,Frequent,Balanced,Hypertension,Occasional,Heart Disease,55.14685063,Fair,Normal,4.121428667,2.019825387,8.573972104,Undergraduate,High,74
Female,159.4371519,78.56534943,145/77,278.3830208,30.90665406,166.914377,1.434307246,0.621555025,35.45072089,Moderate,Former,Occasional,Balanced,Diabetes,Regular,None,64.4618573,Excellent,Insomnia,5.726367361,6.622669762,8.940621996,High School,Low,39
Female,169.8402014,67.39040807,135/86,234.2536802,23.36238056,104.8126027,0.797469001,0.545878297,42.76330321,Moderate,Never,Occasional,High-fat,None,None,None,65.01723059,Fair,Insomnia,8.708893739,5.692373047,10.64601376,Postgraduate,Medium,50
Female,165.9925613,55.37123559,159/84,225.5295655,20.09587693,132.2449865,1.176997708,0.58411874,35.51602948,Moderate,Current,Occasional,Balanced,None,None,None,49.69406972,Fair,Excessive,3.081956982,0.151118776,6.005333006,Postgraduate,Low,39
Male,181.7738403,58.14797271,143/99,237.637737,17.5983444,150.1930183,0.926326214,0.629505144,45.3483185,Moderate,Never,None,Balanced,None,None,None,75.98735351,Poor,Insomnia,5.969016352,2.19804086,2.458999346,High School,High,48
Male,175.1075507,72.8060409,137/92,249.1503517,23.74420694,138.6281994,0.417759346,0.34157444,75.0611273,Moderate,Current,None,Vegetarian,Hypertension,Regular,Heart Disease,65.05769403,Fair,Normal,8.558345589,1.88338062,5.630420402,High School,Low,83
Male,170.7950084,83.05373902,162/89,228.0035625,28.47140118,149.9008008,0.863500251,0.553612416,54.04109856,Moderate,Current,Occasional,Vegetarian,Hypertension,Regular,Diabetes,76.114848,Poor,Normal,9.050376269,5.063929554,8.984893,High School,Medium,54
Male,170.8266262,80.07765715,132/106,247.1720242,27.44101879,130.8928497,0.559784105,0.245315479,62.74465225,Moderate,Former,Frequent,Low-carb,None,None,None,65.07608916,Excellent,Insomnia,3.53380987,3.737182526,11.75655345,Undergraduate,High,75
Female,166.1535657,43.08230733,144/103,208.2492878,15.60556953,126.1976082,1.209966645,0.579894314,51.49280668,Low,Current,Occasional,Low-carb,Diabetes,Regular,Diabetes,61.59455126,Fair,Normal,1.556712537,2.470067889,9.062808771,Undergraduate,Low,51
Male,170.7127413,74.00388624,128/102,219.4659359,25.39350526,118.4013265,0.875301045,0.334398666,56.05421178,High,Former,Occasional,High-fat,Diabetes,None,Hypertension,52.47200863,Poor,Excessive,8.752702679,2.291359231,7.286160655,Postgraduate,Low,54
Female,168.365604,65.82038552,166/101,302.9162267,23.21954345,109.4465746,0.265266377,0.2,56.76004335,Moderate,Current,None,High-fat,None,None,None,49.31984504,Poor,Insomnia,5.926884648,7.848265666,0.221942827,High School,Low,88
Male,181.6985921,58.70915461,109/76,196.5681063,17.78290475,95.79681055,1.667937983,0.746887954,42.99853649,High,Current,None,Balanced,None,None,None,69.11315415,Poor,Excessive,7.255643389,2.827966007,0.083070412,Undergraduate,Medium,27
Female,162.1185628,72.47222367,161/95,247.0127679,27.57440162,147.1785301,0.205390832,0.300737548,59.34764142,Low,Former,None,High-fat,None,None,None,57.50995235,Good,Normal,9.529586683,5.925781388,0.318575499,Postgraduate,Medium,79
Male,163.8549943,83.28211139,162/93,207.5225678,31.01932625,155.5929044,1.251788128,0.398394451,53.34928579,High,Current,None,Vegetarian,None,Regular,None,84.12858697,Poor,Insomnia,6.864019258,2.491094853,7.513365416,High School,Low,52
Female,152.152868,63.08606564,125/91,227.0216498,27.25041732,108.0673797,0.895624658,0.304887771,48.79636845,Low,Former,None,High-fat,None,Regular,None,59.65877069,Good,Normal,5.340405463,5.599985377,2.355841516,Undergraduate,Medium,52
Female,166.2333808,67.35406876,134/87,174.9524837,24.37403109,124.2272842,1.509434003,0.927421891,44.37222968,Moderate,Former,Occasional,High-fat,None,None,None,57.38015625,Fair,Insomnia,9.525267077,1.02511306,10.87703359,High School,Medium,26
Male,166.2325907,71.60461852,160/93,234.2209556,25.91246264,99.13266437,0.983732222,0.255682762,47.73888617,Low,Former,Occasional,Low-carb,Diabetes,Regular,None,67.19627528,Good,Insomnia,6.215102619,9.062794463,5.325131652,None,Low,54
Female,164.4507474,66.79277646,144/109,261.4915572,24.69777294,118.1439662,0.332299474,0.2,58.38119287,High,Current,Occasional,Balanced,None,None,None,48.11180213,Fair,Normal,5.196576711,1.985064756,11.08284081,Undergraduate,Medium,84
Male,174.4573691,73.6258716,137/108,249.3067806,24.19088804,100.2638945,0.786405062,0.480375201,71.70044869,High,Current,None,Vegetarian,None,None,Diabetes,56.05904047,Fair,Insomnia,2.408234113,5.820556622,11.60338768,High School,Medium,63
Female,164.2228672,68.87847064,147/80,169.8776297,25.53972607,99.42600387,1.023475485,0.59839742,42.1774046,High,Never,None,High-fat,None,None,None,56.35911544,Fair,Normal,6.603845758,6.024182046,4.293116219,None,Low,44
Female,170.6992705,60.65894453,134/92,234.8046571,20.81764121,123.7142265,0.768390786,0.320854867,62.72214444,High,Never,None,Balanced,Hypertension,Regular,Diabetes,69.36866088,Fair,Insomnia,5.868866178,5.534716365,8.461155917,Postgraduate,Medium,71
Female,159.9966246,69.70668089,125/99,216.2914129,27.23032113,114.2144353,1.358057611,0.670802532,23.41687425,Moderate,Former,Occasional,Low-carb,Hypertension,Regular,Hypertension,85.37187585,Excellent,Insomnia,6.330090915,5.742652362,7.180549845,Postgraduate,Medium,32
Female,156.641336,72.91980195,148/118,230.0348339,29.71889949,99.87932454,0.0690144,0.2,55.82984773,Low,Current,Occasional,Balanced,None,None,None,55.49354524,Fair,Insomnia,1.022139622,4.05861235,5.031380911,Postgraduate,Low,86
Female,165.6300578,58.88785453,140/100,214.1173519,21.46581711,106.170152,0.720740076,0.520821282,54.76775695,Moderate,Former,Occasional,Low-carb,None,None,Hypertension,61.19852373,Good,Normal,9.845026405,4.172124987,6.178188267,Undergraduate,Medium,51
Female,160.4540102,70.0438336,141/86,247.8841945,27.20625449,106.0970931,1.462549397,0.584474146,37.10211261,Moderate,Former,Occasional,High-fat,None,Occasional,None,81.47742444,Good,Normal,1.041869119,2.640077337,3.799456676,Undergraduate,Medium,29
Female,161.0593354,37.5118091,153/89,244.4108266,14.46092934,122.2103028,0.300833224,0.2,80.51307514,High,Former,None,Balanced,Hypertension,Regular,None,54.77198821,Excellent,Insomnia,6.76655248,5.561444853,6.398435698,Undergraduate,Low,78
Male,170.2833216,62.58550477,157/103,258.2475512,21.58388075,114.3722857,0.426929834,0.248581129,58.60500752,Moderate,Former,Occasional,Low-carb,None,None,None,60.41583429,Fair,Insomnia,1.802460967,5.883144595,0.649166992,Postgraduate,Medium,72
Male,175.0863584,80.91330405,144/98,253.6671288,26.39461404,106.8610926,0.963305489,0.362620678,56.3860181,Moderate,Former,None,Balanced,Diabetes,Regular,Diabetes,49.11853229,Fair,Insomnia,5.795872614,4.553103456,4.54104954,Undergraduate,Medium,54
Female,150.6728822,59.08420525,138/103,252.8224698,26.0256273,139.6522318,1.128745228,0.574181679,43.98691798,Moderate,Never,Frequent,Balanced,Diabetes,Regular,None,52.5706109,Fair,Normal,7.455158418,6.639040896,7.163580571,Postgraduate,Low,56
Male,177.9083929,74.65479269,134/95,269.4761158,23.58657168,130.7663312,1.337014382,0.663971031,28.92736742,Moderate,Former,Frequent,Balanced,None,Occasional,None,56.5174747,Good,Normal,5.231964482,3.838741444,1.593452272,None,Low,31
Male,179.464248,69.1766267,150/94,254.6349598,21.47847752,154.9166151,0.451572162,0.2,63.44374547,Moderate,Former,None,Low-carb,Hypertension,Occasional,Heart Disease,68.46050441,Good,Normal,1.364455389,4.79361536,6.819762437,None,Medium,86
Male,162.7833892,83.02707886,136/86,210.5454635,31.33282735,136.7997313,1.328133235,0.8460027,36.55049487,Low,Never,None,Vegetarian,Diabetes,None,Heart Disease,58.65923871,Fair,Excessive,2.69122977,3.002434556,4.598096669,None,Medium,25
Female,159.5178166,69.60199265,156/93,201.1675016,27.35289384,124.340582,0.922133146,0.489348383,34.14245971,Moderate,Never,None,Vegetarian,None,None,None,70.7722893,Good,Insomnia,1.3433126,4.978807256,5.280482791,Undergraduate,Medium,58
Female,164.6619861,76.5416389,157/104,269.4118674,28.23001171,134.0946688,0.888698627,0.420201428,51.35077498,Moderate,Never,None,Balanced,Heart Disease,Regular,Diabetes,71.73111158,Fair,Normal,6.05281768,2.994114107,11.40691476,None,Low,59
Female,158.7333714,83.25204929,150/97,248.3634429,33.04140084,142.0299393,0.491094338,0.2,62.82694462,Moderate,Former,Occasional,Balanced,Diabetes,Regular,None,40.19686635,Excellent,Normal,3.652237042,9.321727913,8.46826682,None,Medium,78
Male,161.6325016,88.32340546,134/91,204.1755103,33.80791721,112.0757472,1.58300586,0.665907063,27.9977355,Moderate,Never,None,High-fat,Hypertension,Regular,Diabetes,57.82028224,Fair,Normal,8.091896924,9.846088354,9.11120549,Undergraduate,High,22
Male,163.4435118,93.217007,110/78,197.3844236,34.89472533,101.1776915,1.785129175,0.720303512,32.86662301,Low,Never,Occasional,High-fat,Diabetes,Occasional,Heart Disease,68.78371476,Good,Normal,2.427080983,1.141303419,8.57818405,Undergraduate,Medium,19
Male,177.8576445,86.25884733,159/116,238.6415415,27.2683323,110.5481461,0.366012343,0.2,39.75626992,Moderate,Current,None,Low-carb,None,None,None,50.13380683,Fair,Normal,7.67183729,5.101133613,2.199199297,Undergraduate,Low,85
Female,162.2871642,41.37101772,134/82,198.2443284,15.70825206,123.7043789,1.452962618,0.648158447,43.33859356,Moderate,Former,Frequent,Balanced,Diabetes,Regular,Hypertension,68.86462903,Good,Insomnia,7.920075733,4.45213046,5.051612695,None,High,30
Male,175.3417102,78.71803828,167/91,279.1181837,25.60376229,156.5773163,0.704318641,0.57862481,43.92622999,High,Never,Occasional,Low-carb,Hypertension,None,Hypertension,60.89211411,Poor,Insomnia,8.01391291,4.624967546,3.745137601,High School,High,66
